model_name,dtype,batch,imgsz,level,layer_idx,parent_layer_idx,path,layer_type,from_json,kernel_key,short_desc,input_spec_json,output_spec_json,n_params,ultralytics_version,captured_at
yolo26n,fp32,1,640,module,0,0,,Conv,-1,1a2658234970b8d3,"Conv[3->16,k3,s2]@1x3x640x640","{""kind"": ""tensor"", ""shape"": [1, 3, 640, 640], ""dtype"": ""float32""}","[{""shape"": [1, 16, 320, 320], ""dtype"": ""float32""}]",448,8.4.148,2026-09-11T20:05:32+00:00
yolo26n,fp32,1,640,module,1,1,,Conv,-1,83a9d30579dbb458,"Conv[16->32,k3,s2]@1x16x320x320","{""kind"": ""tensor"", ""shape"": [1, 16, 320, 320], ""dtype"": ""float32""}","[{""shape"": [1, 32, 160, 160], ""dtype"": ""float32""}]",4640,8.4.148,2026-09-11T20:05:32+00:00
yolo26n,fp32,1,640,module,2,2,,C3k2,-1,83f6ee6d3f925d26,"C3k2[32->16,p=6520]@1x32x160x160","{""kind"": ""tensor"", ""shape"": [1, 32, 160, 160], ""dtype"": ""float32""}","[{""shape"": [1, 64, 160, 160], ""dtype"": ""float32""}]",6520,8.4.148,2026-09-11T20:05:32+00:00
yolo26n,fp32,1,640,module,3,3,,Conv,-1,8d2936e6409a1ec3,"Conv[64->64,k3,s2]@1x64x160x160","{""kind"": ""tensor"", ""shape"": [1, 64, 160, 160], ""dtype"": ""float32""}","[{""shape"": [1, 64, 80, 80], ""dtype"": ""float32""}]",36928,8.4.148,2026-09-11T20:05:32+00:00
yolo26n,fp32,1,640,module,4,4,,C3k2,-1,9e7ee429aa60c4fe,"C3k2[64->32,p=25840]@1x64x80x80","{""kind"": ""tensor"", ""shape"": [1, 64, 80, 80], ""dtype"": ""float32""}","[{""shape"": [1, 128, 80, 80], ""dtype"": ""float32""}]",25840,8.4.148,2026-09-11T20:05:32+00:00
yolo26n,fp32,1,640,module,5,5,,Conv,-1,0f7d240e4bd8b441,"Conv[128->128,k3,s2]@1x128x80x80","{""kind"": ""tensor"", ""shape"": [1, 128, 80, 80], ""dtype"": ""float32""}","[{""shape"": [1, 128, 40, 40], ""dtype"": ""float32""}]",147584,8.4.148,2026-09-11T20:05:32+00:00
yolo26n,fp32,1,640,module,6,6,,C3k2,-1,6c7862b9adff7836,"C3k2[128->32,p=86528]@1x128x40x40","{""kind"": ""tensor"", ""shape"": [1, 128, 40, 40], ""dtype"": ""float32""}","[{""shape"": [1, 128, 40, 40], ""dtype"": ""float32""}]",86528,8.4.148,2026-09-11T20:05:32+00:00
yolo26n,fp32,1,640,module,7,7,,Conv,-1,8c8483e2fb489460,"Conv[128->256,k3,s2]@1x128x40x40","{""kind"": ""tensor"", ""shape"": [1, 128, 40, 40], ""dtype"": ""float32""}","[{""shape"": [1, 256, 20, 20], ""dtype"": ""float32""}]",295168,8.4.148,2026-09-11T20:05:32+00:00
yolo26n,fp32,1,640,module,8,8,,C3k2,-1,92aaf494c7b291d8,"C3k2[256->64,p=345088]@1x256x20x20","{""kind"": ""tensor"", ""shape"": [1, 256, 20, 20], ""dtype"": ""float32""}","[{""shape"": [1, 256, 20, 20], ""dtype"": ""float32""}]",345088,8.4.148,2026-09-11T20:05:32+00:00
yolo26n,fp32,1,640,module,9,9,,SPPF,-1,89e6a31a562f1a0b,"SPPF[256->256,p=164224]@1x256x20x20","{""kind"": ""tensor"", ""shape"": [1, 256, 20, 20], ""dtype"": ""float32""}","[{""shape"": [1, 256, 20, 20], ""dtype"": ""float32""}]",164224,8.4.148,2026-09-11T20:05:32+00:00
yolo26n,fp32,1,640,module,10,10,,C2PSA,-1,c6a1669f4868ee8e,"C2PSA[256->128,p=248320]@1x256x20x20","{""kind"": ""tensor"", ""shape"": [1, 256, 20, 20], ""dtype"": ""float32""}","[{""shape"": [1, 256, 20, 20], ""dtype"": ""float32""}]",248320,8.4.148,2026-09-11T20:05:32+00:00
yolo26n,fp32,1,640,module,11,11,,Upsample,-1,a189f149d76af255,"Upsample[x2.0,nearest]@1x256x20x20","{""kind"": ""tensor"", ""shape"": [1, 256, 20, 20], ""dtype"": ""float32""}","[{""shape"": [1, 256, 40, 40], ""dtype"": ""float32""}]",0,8.4.148,2026-09-11T20:05:32+00:00
yolo26n,fp32,1,640,module,12,12,,Concat,"[-1, 6]",103cf9c61254beea,Concat[d=1]@1x256x40x40+1x128x40x40,"{""kind"": ""list"", ""items"": [{""shape"": [1, 256, 40, 40], ""dtype"": ""float32""}, {""shape"": [1, 128, 40, 40], ""dtype"": ""float32""}]}","[{""shape"": [1, 384, 40, 40], ""dtype"": ""float32""}]",0,8.4.148,2026-09-11T20:05:32+00:00
yolo26n,fp32,1,640,module,13,13,,C3k2,-1,7779a9aff66a1bd6,"C3k2[384->32,p=119296]@1x384x40x40","{""kind"": ""tensor"", ""shape"": [1, 384, 40, 40], ""dtype"": ""float32""}","[{""shape"": [1, 128, 40, 40], ""dtype"": ""float32""}]",119296,8.4.148,2026-09-11T20:05:32+00:00
yolo26n,fp32,1,640,module,14,14,,Upsample,-1,f666e0a07709c942,"Upsample[x2.0,nearest]@1x128x40x40","{""kind"": ""tensor"", ""shape"": [1, 128, 40, 40], ""dtype"": ""float32""}","[{""shape"": [1, 128, 80, 80], ""dtype"": ""float32""}]",0,8.4.148,2026-09-11T20:05:32+00:00
yolo26n,fp32,1,640,module,15,15,,Concat,"[-1, 4]",648e0dc76efeeea9,Concat[d=1]@1x128x80x80+1x128x80x80,"{""kind"": ""list"", ""items"": [{""shape"": [1, 128, 80, 80], ""dtype"": ""float32""}, {""shape"": [1, 128, 80, 80], ""dtype"": ""float32""}]}","[{""shape"": [1, 256, 80, 80], ""dtype"": ""float32""}]",0,8.4.148,2026-09-11T20:05:32+00:00
yolo26n,fp32,1,640,module,16,16,,C3k2,-1,89349edfe19bd97a,"C3k2[256->16,p=34048]@1x256x80x80","{""kind"": ""tensor"", ""shape"": [1, 256, 80, 80], ""dtype"": ""float32""}","[{""shape"": [1, 64, 80, 80], ""dtype"": ""float32""}]",34048,8.4.148,2026-09-11T20:05:32+00:00
yolo26n,fp32,1,640,module,17,17,,Conv,-1,ac064414c0d3e45f,"Conv[64->64,k3,s2]@1x64x80x80","{""kind"": ""tensor"", ""shape"": [1, 64, 80, 80], ""dtype"": ""float32""}","[{""shape"": [1, 64, 40, 40], ""dtype"": ""float32""}]",36928,8.4.148,2026-09-11T20:05:32+00:00
yolo26n,fp32,1,640,module,18,18,,Concat,"[-1, 13]",ed712066ec1e01bd,Concat[d=1]@1x64x40x40+1x128x40x40,"{""kind"": ""list"", ""items"": [{""shape"": [1, 64, 40, 40], ""dtype"": ""float32""}, {""shape"": [1, 128, 40, 40], ""dtype"": ""float32""}]}","[{""shape"": [1, 192, 40, 40], ""dtype"": ""float32""}]",0,8.4.148,2026-09-11T20:05:32+00:00
yolo26n,fp32,1,640,module,19,19,,C3k2,-1,644ca8a3a4e4534b,"C3k2[192->32,p=94720]@1x192x40x40","{""kind"": ""tensor"", ""shape"": [1, 192, 40, 40], ""dtype"": ""float32""}","[{""shape"": [1, 128, 40, 40], ""dtype"": ""float32""}]",94720,8.4.148,2026-09-11T20:05:32+00:00
yolo26n,fp32,1,640,module,20,20,,Conv,-1,e0df47f3e45ecf61,"Conv[128->128,k3,s2]@1x128x40x40","{""kind"": ""tensor"", ""shape"": [1, 128, 40, 40], ""dtype"": ""float32""}","[{""shape"": [1, 128, 20, 20], ""dtype"": ""float32""}]",147584,8.4.148,2026-09-11T20:05:32+00:00
yolo26n,fp32,1,640,module,21,21,,Concat,"[-1, 10]",b719d1ee743159f0,Concat[d=1]@1x128x20x20+1x256x20x20,"{""kind"": ""list"", ""items"": [{""shape"": [1, 128, 20, 20], ""dtype"": ""float32""}, {""shape"": [1, 256, 20, 20], ""dtype"": ""float32""}]}","[{""shape"": [1, 384, 20, 20], ""dtype"": ""float32""}]",0,8.4.148,2026-09-11T20:05:32+00:00
yolo26n,fp32,1,640,module,22,22,,C3k2,-1,ab1373ecd70aabbb,"C3k2[384->128,p=461504]@1x384x20x20","{""kind"": ""tensor"", ""shape"": [1, 384, 20, 20], ""dtype"": ""float32""}","[{""shape"": [1, 256, 20, 20], ""dtype"": ""float32""}]",461504,8.4.148,2026-09-11T20:05:32+00:00
yolo26n,fp32,1,640,module,23,23,,Detect,"[16, 19, 22]",1805e3dcc06abfde,"Detect[nc=80,e2e]@1x64x80x80+1x128x40x40+1x256x20x20","{""kind"": ""list"", ""items"": [{""shape"": [1, 64, 80, 80], ""dtype"": ""float32""}, {""shape"": [1, 128, 40, 40], ""dtype"": ""float32""}, {""shape"": [1, 256, 20, 20], ""dtype"": ""float32""}]}","[{""shape"": [1, 300, 6], ""dtype"": ""float32""}, {""shape"": [1, 4, 8400], ""dtype"": ""float32""}, {""shape"": [1, 80, 8400], ""dtype"": ""float32""}, {""shape"": [1, 64, 80, 80], ""dtype"": ""float32""}, {""shape"": [1, 128, 40, 40], ""dtype"": ""float32""}, {""shape"": [1, 256, 20, 20], ""dtype"": ""float32""}]",153564,8.4.148,2026-09-11T20:05:32+00:00
yolo26s,fp32,1,640,module,0,0,,Conv,-1,0bc149d28c6c8862,"Conv[3->32,k3,s2]@1x3x640x640","{""kind"": ""tensor"", ""shape"": [1, 3, 640, 640], ""dtype"": ""float32""}","[{""shape"": [1, 32, 320, 320], ""dtype"": ""float32""}]",896,8.4.148,2026-09-11T20:15:26+00:00
yolo26s,fp32,1,640,module,1,1,,Conv,-1,c5f83e3221059400,"Conv[32->64,k3,s2]@1x32x320x320","{""kind"": ""tensor"", ""shape"": [1, 32, 320, 320], ""dtype"": ""float32""}","[{""shape"": [1, 64, 160, 160], ""dtype"": ""float32""}]",18496,8.4.148,2026-09-11T20:15:26+00:00
yolo26s,fp32,1,640,module,2,2,,C3k2,-1,9f71cb1a1d9d8c01,"C3k2[64->32,p=25840]@1x64x160x160","{""kind"": ""tensor"", ""shape"": [1, 64, 160, 160], ""dtype"": ""float32""}","[{""shape"": [1, 128, 160, 160], ""dtype"": ""float32""}]",25840,8.4.148,2026-09-11T20:15:26+00:00
yolo26s,fp32,1,640,module,3,3,,Conv,-1,15553e44bcc83312,"Conv[128->128,k3,s2]@1x128x160x160","{""kind"": ""tensor"", ""shape"": [1, 128, 160, 160], ""dtype"": ""float32""}","[{""shape"": [1, 128, 80, 80], ""dtype"": ""float32""}]",147584,8.4.148,2026-09-11T20:15:26+00:00
yolo26s,fp32,1,640,module,4,4,,C3k2,-1,88967cc1fd7f258e,"C3k2[128->64,p=102880]@1x128x80x80","{""kind"": ""tensor"", ""shape"": [1, 128, 80, 80], ""dtype"": ""float32""}","[{""shape"": [1, 256, 80, 80], ""dtype"": ""float32""}]",102880,8.4.148,2026-09-11T20:15:26+00:00
yolo26s,fp32,1,640,module,5,5,,Conv,-1,8db2c8e048a70901,"Conv[256->256,k3,s2]@1x256x80x80","{""kind"": ""tensor"", ""shape"": [1, 256, 80, 80], ""dtype"": ""float32""}","[{""shape"": [1, 256, 40, 40], ""dtype"": ""float32""}]",590080,8.4.148,2026-09-11T20:15:26+00:00
yolo26s,fp32,1,640,module,6,6,,C3k2,-1,d5e0d6a88d61121a,"C3k2[256->64,p=345088]@1x256x40x40","{""kind"": ""tensor"", ""shape"": [1, 256, 40, 40], ""dtype"": ""float32""}","[{""shape"": [1, 256, 40, 40], ""dtype"": ""float32""}]",345088,8.4.148,2026-09-11T20:15:26+00:00
yolo26s,fp32,1,640,module,7,7,,Conv,-1,d691679f9f58a1b4,"Conv[256->512,k3,s2]@1x256x40x40","{""kind"": ""tensor"", ""shape"": [1, 256, 40, 40], ""dtype"": ""float32""}","[{""shape"": [1, 512, 20, 20], ""dtype"": ""float32""}]",1180160,8.4.148,2026-09-11T20:15:26+00:00
yolo26s,fp32,1,640,module,8,8,,C3k2,-1,50c6df8b4d2a94d5,"C3k2[512->128,p=1378304]@1x512x20x20","{""kind"": ""tensor"", ""shape"": [1, 512, 20, 20], ""dtype"": ""float32""}","[{""shape"": [1, 512, 20, 20], ""dtype"": ""float32""}]",1378304,8.4.148,2026-09-11T20:15:26+00:00
yolo26s,fp32,1,640,module,9,9,,SPPF,-1,0b9d579e9870afc2,"SPPF[512->512,p=656128]@1x512x20x20","{""kind"": ""tensor"", ""shape"": [1, 512, 20, 20], ""dtype"": ""float32""}","[{""shape"": [1, 512, 20, 20], ""dtype"": ""float32""}]",656128,8.4.148,2026-09-11T20:15:26+00:00
yolo26s,fp32,1,640,module,10,10,,C2PSA,-1,1a2060609098eae8,"C2PSA[512->256,p=988160]@1x512x20x20","{""kind"": ""tensor"", ""shape"": [1, 512, 20, 20], ""dtype"": ""float32""}","[{""shape"": [1, 512, 20, 20], ""dtype"": ""float32""}]",988160,8.4.148,2026-09-11T20:15:26+00:00
yolo26s,fp32,1,640,module,11,11,,Upsample,-1,f2bd84b1cf0e5086,"Upsample[x2.0,nearest]@1x512x20x20","{""kind"": ""tensor"", ""shape"": [1, 512, 20, 20], ""dtype"": ""float32""}","[{""shape"": [1, 512, 40, 40], ""dtype"": ""float32""}]",0,8.4.148,2026-09-11T20:15:26+00:00
yolo26s,fp32,1,640,module,12,12,,Concat,"[-1, 6]",12c81b34f69ff9c1,Concat[d=1]@1x512x40x40+1x256x40x40,"{""kind"": ""list"", ""items"": [{""shape"": [1, 512, 40, 40], ""dtype"": ""float32""}, {""shape"": [1, 256, 40, 40], ""dtype"": ""float32""}]}","[{""shape"": [1, 768, 40, 40], ""dtype"": ""float32""}]",0,8.4.148,2026-09-11T20:15:26+00:00
yolo26s,fp32,1,640,module,13,13,,C3k2,-1,2587f68d51b01fc9,"C3k2[768->64,p=476160]@1x768x40x40","{""kind"": ""tensor"", ""shape"": [1, 768, 40, 40], ""dtype"": ""float32""}","[{""shape"": [1, 256, 40, 40], ""dtype"": ""float32""}]",476160,8.4.148,2026-09-11T20:15:26+00:00
yolo26s,fp32,1,640,module,14,14,,Upsample,-1,015187bc98b76f09,"Upsample[x2.0,nearest]@1x256x40x40","{""kind"": ""tensor"", ""shape"": [1, 256, 40, 40], ""dtype"": ""float32""}","[{""shape"": [1, 256, 80, 80], ""dtype"": ""float32""}]",0,8.4.148,2026-09-11T20:15:26+00:00
yolo26s,fp32,1,640,module,15,15,,Concat,"[-1, 4]",a9bba7c13e04c0dc,Concat[d=1]@1x256x80x80+1x256x80x80,"{""kind"": ""list"", ""items"": [{""shape"": [1, 256, 80, 80], ""dtype"": ""float32""}, {""shape"": [1, 256, 80, 80], ""dtype"": ""float32""}]}","[{""shape"": [1, 512, 80, 80], ""dtype"": ""float32""}]",0,8.4.148,2026-09-11T20:15:26+00:00
yolo26s,fp32,1,640,module,16,16,,C3k2,-1,b19a7ee7fa06f6c6,"C3k2[512->32,p=135680]@1x512x80x80","{""kind"": ""tensor"", ""shape"": [1, 512, 80, 80], ""dtype"": ""float32""}","[{""shape"": [1, 128, 80, 80], ""dtype"": ""float32""}]",135680,8.4.148,2026-09-11T20:15:26+00:00
yolo26s,fp32,1,640,module,17,17,,Conv,-1,0f7d240e4bd8b441,"Conv[128->128,k3,s2]@1x128x80x80","{""kind"": ""tensor"", ""shape"": [1, 128, 80, 80], ""dtype"": ""float32""}","[{""shape"": [1, 128, 40, 40], ""dtype"": ""float32""}]",147584,8.4.148,2026-09-11T20:15:26+00:00
yolo26s,fp32,1,640,module,18,18,,Concat,"[-1, 13]",587fae78570d683a,Concat[d=1]@1x128x40x40+1x256x40x40,"{""kind"": ""list"", ""items"": [{""shape"": [1, 128, 40, 40], ""dtype"": ""float32""}, {""shape"": [1, 256, 40, 40], ""dtype"": ""float32""}]}","[{""shape"": [1, 384, 40, 40], ""dtype"": ""float32""}]",0,8.4.148,2026-09-11T20:15:26+00:00
yolo26s,fp32,1,640,module,19,19,,C3k2,-1,1047014c6d816be7,"C3k2[384->64,p=377856]@1x384x40x40","{""kind"": ""tensor"", ""shape"": [1, 384, 40, 40], ""dtype"": ""float32""}","[{""shape"": [1, 256, 40, 40], ""dtype"": ""float32""}]",377856,8.4.148,2026-09-11T20:15:26+00:00
yolo26s,fp32,1,640,module,20,20,,Conv,-1,363d18475893ade5,"Conv[256->256,k3,s2]@1x256x40x40","{""kind"": ""tensor"", ""shape"": [1, 256, 40, 40], ""dtype"": ""float32""}","[{""shape"": [1, 256, 20, 20], ""dtype"": ""float32""}]",590080,8.4.148,2026-09-11T20:15:26+00:00
yolo26s,fp32,1,640,module,21,21,,Concat,"[-1, 10]",53ad61ab4d97c03b,Concat[d=1]@1x256x20x20+1x512x20x20,"{""kind"": ""list"", ""items"": [{""shape"": [1, 256, 20, 20], ""dtype"": ""float32""}, {""shape"": [1, 512, 20, 20], ""dtype"": ""float32""}]}","[{""shape"": [1, 768, 20, 20], ""dtype"": ""float32""}]",0,8.4.148,2026-09-11T20:15:26+00:00
yolo26s,fp32,1,640,module,22,22,,C3k2,-1,f29667bd3afcbd31,"C3k2[768->256,p=1840512]@1x768x20x20","{""kind"": ""tensor"", ""shape"": [1, 768, 20, 20], ""dtype"": ""float32""}","[{""shape"": [1, 512, 20, 20], ""dtype"": ""float32""}]",1840512,8.4.148,2026-09-11T20:15:26+00:00
yolo26s,fp32,1,640,module,23,23,,Detect,"[16, 19, 22]",22f6b4f1fd7aa6a9,"Detect[nc=80,e2e]@1x128x80x80+1x256x40x40+1x512x20x20","{""kind"": ""list"", ""items"": [{""shape"": [1, 128, 80, 80], ""dtype"": ""float32""}, {""shape"": [1, 256, 40, 40], ""dtype"": ""float32""}, {""shape"": [1, 512, 20, 20], ""dtype"": ""float32""}]}","[{""shape"": [1, 300, 6], ""dtype"": ""float32""}, {""shape"": [1, 4, 8400], ""dtype"": ""float32""}, {""shape"": [1, 80, 8400], ""dtype"": ""float32""}, {""shape"": [1, 128, 80, 80], ""dtype"": ""float32""}, {""shape"": [1, 256, 40, 40], ""dtype"": ""float32""}, {""shape"": [1, 512, 20, 20], ""dtype"": ""float32""}]",494652,8.4.148,2026-09-11T20:15:26+00:00
yolo26m,fp32,1,640,module,0,0,,Conv,-1,7c444c1e370f89b1,"Conv[3->64,k3,s2]@1x3x640x640","{""kind"": ""tensor"", ""shape"": [1, 3, 640, 640], ""dtype"": ""float32""}","[{""shape"": [1, 64, 320, 320], ""dtype"": ""float32""}]",1792,8.4.148,2026-09-11T20:24:58+00:00
yolo26m,fp32,1,640,module,1,1,,Conv,-1,267db7ddf7d6fb13,"Conv[64->128,k3,s2]@1x64x320x320","{""kind"": ""tensor"", ""shape"": [1, 64, 320, 320], ""dtype"": ""float32""}","[{""shape"": [1, 128, 160, 160], ""dtype"": ""float32""}]",73856,8.4.148,2026-09-11T20:24:58+00:00
yolo26m,fp32,1,640,module,2,2,,C3k2,-1,a35c6acea7175ffc,"C3k2[128->32,p=111232]@1x128x160x160","{""kind"": ""tensor"", ""shape"": [1, 128, 160, 160], ""dtype"": ""float32""}","[{""shape"": [1, 256, 160, 160], ""dtype"": ""float32""}]",111232,8.4.148,2026-09-11T20:24:58+00:00
yolo26m,fp32,1,640,module,3,3,,Conv,-1,955291a5cd198354,"Conv[256->256,k3,s2]@1x256x160x160","{""kind"": ""tensor"", ""shape"": [1, 256, 160, 160], ""dtype"": ""float32""}","[{""shape"": [1, 256, 80, 80], ""dtype"": ""float32""}]",590080,8.4.148,2026-09-11T20:24:58+00:00
yolo26m,fp32,1,640,module,4,4,,C3k2,-1,473dc68dafcd03db,"C3k2[256->64,p=443648]@1x256x80x80","{""kind"": ""tensor"", ""shape"": [1, 256, 80, 80], ""dtype"": ""float32""}","[{""shape"": [1, 512, 80, 80], ""dtype"": ""float32""}]",443648,8.4.148,2026-09-11T20:24:58+00:00
yolo26m,fp32,1,640,module,5,5,,Conv,-1,3040cb2cd52f54a7,"Conv[512->512,k3,s2]@1x512x80x80","{""kind"": ""tensor"", ""shape"": [1, 512, 80, 80], ""dtype"": ""float32""}","[{""shape"": [1, 512, 40, 40], ""dtype"": ""float32""}]",2359808,8.4.148,2026-09-11T20:24:58+00:00
yolo26m,fp32,1,640,module,6,6,,C3k2,-1,d0ff79de09ff14d8,"C3k2[512->128,p=1378304]@1x512x40x40","{""kind"": ""tensor"", ""shape"": [1, 512, 40, 40], ""dtype"": ""float32""}","[{""shape"": [1, 512, 40, 40], ""dtype"": ""float32""}]",1378304,8.4.148,2026-09-11T20:24:58+00:00
yolo26m,fp32,1,640,module,7,7,,Conv,-1,e4ef9ed73247fe48,"Conv[512->512,k3,s2]@1x512x40x40","{""kind"": ""tensor"", ""shape"": [1, 512, 40, 40], ""dtype"": ""float32""}","[{""shape"": [1, 512, 20, 20], ""dtype"": ""float32""}]",2359808,8.4.148,2026-09-11T20:24:58+00:00
yolo26m,fp32,1,640,module,8,8,,C3k2,-1,50c6df8b4d2a94d5,"C3k2[512->128,p=1378304]@1x512x20x20","{""kind"": ""tensor"", ""shape"": [1, 512, 20, 20], ""dtype"": ""float32""}","[{""shape"": [1, 512, 20, 20], ""dtype"": ""float32""}]",1378304,8.4.148,2026-09-11T20:24:58+00:00
yolo26m,fp32,1,640,module,9,9,,SPPF,-1,0b9d579e9870afc2,"SPPF[512->512,p=656128]@1x512x20x20","{""kind"": ""tensor"", ""shape"": [1, 512, 20, 20], ""dtype"": ""float32""}","[{""shape"": [1, 512, 20, 20], ""dtype"": ""float32""}]",656128,8.4.148,2026-09-11T20:24:58+00:00
yolo26m,fp32,1,640,module,10,10,,C2PSA,-1,1a2060609098eae8,"C2PSA[512->256,p=988160]@1x512x20x20","{""kind"": ""tensor"", ""shape"": [1, 512, 20, 20], ""dtype"": ""float32""}","[{""shape"": [1, 512, 20, 20], ""dtype"": ""float32""}]",988160,8.4.148,2026-09-11T20:24:58+00:00
yolo26m,fp32,1,640,module,11,11,,Upsample,-1,f2bd84b1cf0e5086,"Upsample[x2.0,nearest]@1x512x20x20","{""kind"": ""tensor"", ""shape"": [1, 512, 20, 20], ""dtype"": ""float32""}","[{""shape"": [1, 512, 40, 40], ""dtype"": ""float32""}]",0,8.4.148,2026-09-11T20:24:58+00:00
yolo26m,fp32,1,640,module,12,12,,Concat,"[-1, 6]",09590a79613b3a3b,Concat[d=1]@1x512x40x40+1x512x40x40,"{""kind"": ""list"", ""items"": [{""shape"": [1, 512, 40, 40], ""dtype"": ""float32""}, {""shape"": [1, 512, 40, 40], ""dtype"": ""float32""}]}","[{""shape"": [1, 1024, 40, 40], ""dtype"": ""float32""}]",0,8.4.148,2026-09-11T20:24:58+00:00
yolo26m,fp32,1,640,module,13,13,,C3k2,-1,f8ee34e3c66963dc,"C3k2[1024->128,p=1640448]@1x1024x40x40","{""kind"": ""tensor"", ""shape"": [1, 1024, 40, 40], ""dtype"": ""float32""}","[{""shape"": [1, 512, 40, 40], ""dtype"": ""float32""}]",1640448,8.4.148,2026-09-11T20:24:58+00:00
yolo26m,fp32,1,640,module,14,14,,Upsample,-1,8b039439e1af6674,"Upsample[x2.0,nearest]@1x512x40x40","{""kind"": ""tensor"", ""shape"": [1, 512, 40, 40], ""dtype"": ""float32""}","[{""shape"": [1, 512, 80, 80], ""dtype"": ""float32""}]",0,8.4.148,2026-09-11T20:24:58+00:00
yolo26m,fp32,1,640,module,15,15,,Concat,"[-1, 4]",96c7f9427dfced2c,Concat[d=1]@1x512x80x80+1x512x80x80,"{""kind"": ""list"", ""items"": [{""shape"": [1, 512, 80, 80], ""dtype"": ""float32""}, {""shape"": [1, 512, 80, 80], ""dtype"": ""float32""}]}","[{""shape"": [1, 1024, 80, 80], ""dtype"": ""float32""}]",0,8.4.148,2026-09-11T20:24:58+00:00
yolo26m,fp32,1,640,module,16,16,,C3k2,-1,bb9901797e09b1cd,"C3k2[1024->64,p=541696]@1x1024x80x80","{""kind"": ""tensor"", ""shape"": [1, 1024, 80, 80], ""dtype"": ""float32""}","[{""shape"": [1, 256, 80, 80], ""dtype"": ""float32""}]",541696,8.4.148,2026-09-11T20:24:58+00:00
yolo26m,fp32,1,640,module,17,17,,Conv,-1,8db2c8e048a70901,"Conv[256->256,k3,s2]@1x256x80x80","{""kind"": ""tensor"", ""shape"": [1, 256, 80, 80], ""dtype"": ""float32""}","[{""shape"": [1, 256, 40, 40], ""dtype"": ""float32""}]",590080,8.4.148,2026-09-11T20:24:58+00:00
yolo26m,fp32,1,640,module,18,18,,Concat,"[-1, 13]",d3902b4375aba7ef,Concat[d=1]@1x256x40x40+1x512x40x40,"{""kind"": ""list"", ""items"": [{""shape"": [1, 256, 40, 40], ""dtype"": ""float32""}, {""shape"": [1, 512, 40, 40], ""dtype"": ""float32""}]}","[{""shape"": [1, 768, 40, 40], ""dtype"": ""float32""}]",0,8.4.148,2026-09-11T20:24:58+00:00
yolo26m,fp32,1,640,module,19,19,,C3k2,-1,02c18614eaf13f0d,"C3k2[768->128,p=1509376]@1x768x40x40","{""kind"": ""tensor"", ""shape"": [1, 768, 40, 40], ""dtype"": ""float32""}","[{""shape"": [1, 512, 40, 40], ""dtype"": ""float32""}]",1509376,8.4.148,2026-09-11T20:24:58+00:00
yolo26m,fp32,1,640,module,20,20,,Conv,-1,e4ef9ed73247fe48,"Conv[512->512,k3,s2]@1x512x40x40","{""kind"": ""tensor"", ""shape"": [1, 512, 40, 40], ""dtype"": ""float32""}","[{""shape"": [1, 512, 20, 20], ""dtype"": ""float32""}]",2359808,8.4.148,2026-09-11T20:24:58+00:00
yolo26m,fp32,1,640,module,21,21,,Concat,"[-1, 10]",2790e6163326a31a,Concat[d=1]@1x512x20x20+1x512x20x20,"{""kind"": ""list"", ""items"": [{""shape"": [1, 512, 20, 20], ""dtype"": ""float32""}, {""shape"": [1, 512, 20, 20], ""dtype"": ""float32""}]}","[{""shape"": [1, 1024, 20, 20], ""dtype"": ""float32""}]",0,8.4.148,2026-09-11T20:24:58+00:00
yolo26m,fp32,1,640,module,22,22,,C3k2,-1,2b41d5bf3e606cd5,"C3k2[1024->256,p=1971584]@1x1024x20x20","{""kind"": ""tensor"", ""shape"": [1, 1024, 20, 20], ""dtype"": ""float32""}","[{""shape"": [1, 512, 20, 20], ""dtype"": ""float32""}]",1971584,8.4.148,2026-09-11T20:24:58+00:00
yolo26m,fp32,1,640,module,23,23,,Detect,"[16, 19, 22]",3d1a9c8e3f245ae1,"Detect[nc=80,e2e]@1x256x80x80+1x512x40x40+1x512x20x20","{""kind"": ""list"", ""items"": [{""shape"": [1, 256, 80, 80], ""dtype"": ""float32""}, {""shape"": [1, 512, 40, 40], ""dtype"": ""float32""}, {""shape"": [1, 512, 20, 20], ""dtype"": ""float32""}]}","[{""shape"": [1, 300, 6], ""dtype"": ""float32""}, {""shape"": [1, 4, 8400], ""dtype"": ""float32""}, {""shape"": [1, 80, 8400], ""dtype"": ""float32""}, {""shape"": [1, 256, 80, 80], ""dtype"": ""float32""}, {""shape"": [1, 512, 40, 40], ""dtype"": ""float32""}, {""shape"": [1, 512, 20, 20], ""dtype"": ""float32""}]",1457020,8.4.148,2026-09-11T20:24:58+00:00
yolo26l,fp32,1,640,module,0,0,,Conv,-1,7c444c1e370f89b1,"Conv[3->64,k3,s2]@1x3x640x640","{""kind"": ""tensor"", ""shape"": [1, 3, 640, 640], ""dtype"": ""float32""}","[{""shape"": [1, 64, 320, 320], ""dtype"": ""float32""}]",1792,8.4.148,2026-09-11T20:32:34+00:00
yolo26l,fp32,1,640,module,1,1,,Conv,-1,267db7ddf7d6fb13,"Conv[64->128,k3,s2]@1x64x320x320","{""kind"": ""tensor"", ""shape"": [1, 64, 320, 320], ""dtype"": ""float32""}","[{""shape"": [1, 128, 160, 160], ""dtype"": ""float32""}]",73856,8.4.148,2026-09-11T20:32:34+00:00
yolo26l,fp32,1,640,module,2,2,,C3k2,-1,4f37f54153023dca,"C3k2[128->32,p=172928]@1x128x160x160","{""kind"": ""tensor"", ""shape"": [1, 128, 160, 160], ""dtype"": ""float32""}","[{""shape"": [1, 256, 160, 160], ""dtype"": ""float32""}]",172928,8.4.148,2026-09-11T20:32:34+00:00
yolo26l,fp32,1,640,module,3,3,,Conv,-1,955291a5cd198354,"Conv[256->256,k3,s2]@1x256x160x160","{""kind"": ""tensor"", ""shape"": [1, 256, 160, 160], ""dtype"": ""float32""}","[{""shape"": [1, 256, 80, 80], ""dtype"": ""float32""}]",590080,8.4.148,2026-09-11T20:32:34+00:00
yolo26l,fp32,1,640,module,4,4,,C3k2,-1,858ae514a830d9e5,"C3k2[256->64,p=689920]@1x256x80x80","{""kind"": ""tensor"", ""shape"": [1, 256, 80, 80], ""dtype"": ""float32""}","[{""shape"": [1, 512, 80, 80], ""dtype"": ""float32""}]",689920,8.4.148,2026-09-11T20:32:34+00:00
yolo26l,fp32,1,640,module,5,5,,Conv,-1,3040cb2cd52f54a7,"Conv[512->512,k3,s2]@1x512x80x80","{""kind"": ""tensor"", ""shape"": [1, 512, 80, 80], ""dtype"": ""float32""}","[{""shape"": [1, 512, 40, 40], ""dtype"": ""float32""}]",2359808,8.4.148,2026-09-11T20:32:34+00:00
yolo26l,fp32,1,640,module,6,6,,C3k2,-1,b1940297e84740c5,"C3k2[512->128,p=2231296]@1x512x40x40","{""kind"": ""tensor"", ""shape"": [1, 512, 40, 40], ""dtype"": ""float32""}","[{""shape"": [1, 512, 40, 40], ""dtype"": ""float32""}]",2231296,8.4.148,2026-09-11T20:32:34+00:00
yolo26l,fp32,1,640,module,7,7,,Conv,-1,e4ef9ed73247fe48,"Conv[512->512,k3,s2]@1x512x40x40","{""kind"": ""tensor"", ""shape"": [1, 512, 40, 40], ""dtype"": ""float32""}","[{""shape"": [1, 512, 20, 20], ""dtype"": ""float32""}]",2359808,8.4.148,2026-09-11T20:32:34+00:00
yolo26l,fp32,1,640,module,8,8,,C3k2,-1,177064cd8af27649,"C3k2[512->128,p=2231296]@1x512x20x20","{""kind"": ""tensor"", ""shape"": [1, 512, 20, 20], ""dtype"": ""float32""}","[{""shape"": [1, 512, 20, 20], ""dtype"": ""float32""}]",2231296,8.4.148,2026-09-11T20:32:34+00:00
yolo26l,fp32,1,640,module,9,9,,SPPF,-1,0b9d579e9870afc2,"SPPF[512->512,p=656128]@1x512x20x20","{""kind"": ""tensor"", ""shape"": [1, 512, 20, 20], ""dtype"": ""float32""}","[{""shape"": [1, 512, 20, 20], ""dtype"": ""float32""}]",656128,8.4.148,2026-09-11T20:32:34+00:00
yolo26l,fp32,1,640,module,10,10,,C2PSA,-1,2d3e977226ad7f80,"C2PSA[512->256,p=1451008]@1x512x20x20","{""kind"": ""tensor"", ""shape"": [1, 512, 20, 20], ""dtype"": ""float32""}","[{""shape"": [1, 512, 20, 20], ""dtype"": ""float32""}]",1451008,8.4.148,2026-09-11T20:32:34+00:00
yolo26l,fp32,1,640,module,11,11,,Upsample,-1,f2bd84b1cf0e5086,"Upsample[x2.0,nearest]@1x512x20x20","{""kind"": ""tensor"", ""shape"": [1, 512, 20, 20], ""dtype"": ""float32""}","[{""shape"": [1, 512, 40, 40], ""dtype"": ""float32""}]",0,8.4.148,2026-09-11T20:32:34+00:00
yolo26l,fp32,1,640,module,12,12,,Concat,"[-1, 6]",09590a79613b3a3b,Concat[d=1]@1x512x40x40+1x512x40x40,"{""kind"": ""list"", ""items"": [{""shape"": [1, 512, 40, 40], ""dtype"": ""float32""}, {""shape"": [1, 512, 40, 40], ""dtype"": ""float32""}]}","[{""shape"": [1, 1024, 40, 40], ""dtype"": ""float32""}]",0,8.4.148,2026-09-11T20:32:34+00:00
yolo26l,fp32,1,640,module,13,13,,C3k2,-1,522cc5f6b7d6f960,"C3k2[1024->128,p=2493440]@1x1024x40x40","{""kind"": ""tensor"", ""shape"": [1, 1024, 40, 40], ""dtype"": ""float32""}","[{""shape"": [1, 512, 40, 40], ""dtype"": ""float32""}]",2493440,8.4.148,2026-09-11T20:32:34+00:00
yolo26l,fp32,1,640,module,14,14,,Upsample,-1,8b039439e1af6674,"Upsample[x2.0,nearest]@1x512x40x40","{""kind"": ""tensor"", ""shape"": [1, 512, 40, 40], ""dtype"": ""float32""}","[{""shape"": [1, 512, 80, 80], ""dtype"": ""float32""}]",0,8.4.148,2026-09-11T20:32:34+00:00
yolo26l,fp32,1,640,module,15,15,,Concat,"[-1, 4]",96c7f9427dfced2c,Concat[d=1]@1x512x80x80+1x512x80x80,"{""kind"": ""list"", ""items"": [{""shape"": [1, 512, 80, 80], ""dtype"": ""float32""}, {""shape"": [1, 512, 80, 80], ""dtype"": ""float32""}]}","[{""shape"": [1, 1024, 80, 80], ""dtype"": ""float32""}]",0,8.4.148,2026-09-11T20:32:34+00:00
yolo26l,fp32,1,640,module,16,16,,C3k2,-1,a37365a562cf9276,"C3k2[1024->64,p=755200]@1x1024x80x80","{""kind"": ""tensor"", ""shape"": [1, 1024, 80, 80], ""dtype"": ""float32""}","[{""shape"": [1, 256, 80, 80], ""dtype"": ""float32""}]",755200,8.4.148,2026-09-11T20:32:34+00:00
yolo26l,fp32,1,640,module,17,17,,Conv,-1,8db2c8e048a70901,"Conv[256->256,k3,s2]@1x256x80x80","{""kind"": ""tensor"", ""shape"": [1, 256, 80, 80], ""dtype"": ""float32""}","[{""shape"": [1, 256, 40, 40], ""dtype"": ""float32""}]",590080,8.4.148,2026-09-11T20:32:34+00:00
yolo26l,fp32,1,640,module,18,18,,Concat,"[-1, 13]",d3902b4375aba7ef,Concat[d=1]@1x256x40x40+1x512x40x40,"{""kind"": ""list"", ""items"": [{""shape"": [1, 256, 40, 40], ""dtype"": ""float32""}, {""shape"": [1, 512, 40, 40], ""dtype"": ""float32""}]}","[{""shape"": [1, 768, 40, 40], ""dtype"": ""float32""}]",0,8.4.148,2026-09-11T20:32:34+00:00
yolo26l,fp32,1,640,module,19,19,,C3k2,-1,59ba69bc43335043,"C3k2[768->128,p=2362368]@1x768x40x40","{""kind"": ""tensor"", ""shape"": [1, 768, 40, 40], ""dtype"": ""float32""}","[{""shape"": [1, 512, 40, 40], ""dtype"": ""float32""}]",2362368,8.4.148,2026-09-11T20:32:34+00:00
yolo26l,fp32,1,640,module,20,20,,Conv,-1,e4ef9ed73247fe48,"Conv[512->512,k3,s2]@1x512x40x40","{""kind"": ""tensor"", ""shape"": [1, 512, 40, 40], ""dtype"": ""float32""}","[{""shape"": [1, 512, 20, 20], ""dtype"": ""float32""}]",2359808,8.4.148,2026-09-11T20:32:34+00:00
yolo26l,fp32,1,640,module,21,21,,Concat,"[-1, 10]",2790e6163326a31a,Concat[d=1]@1x512x20x20+1x512x20x20,"{""kind"": ""list"", ""items"": [{""shape"": [1, 512, 20, 20], ""dtype"": ""float32""}, {""shape"": [1, 512, 20, 20], ""dtype"": ""float32""}]}","[{""shape"": [1, 1024, 20, 20], ""dtype"": ""float32""}]",0,8.4.148,2026-09-11T20:32:34+00:00
yolo26l,fp32,1,640,module,22,22,,C3k2,-1,2b41d5bf3e606cd5,"C3k2[1024->256,p=1971584]@1x1024x20x20","{""kind"": ""tensor"", ""shape"": [1, 1024, 20, 20], ""dtype"": ""float32""}","[{""shape"": [1, 512, 20, 20], ""dtype"": ""float32""}]",1971584,8.4.148,2026-09-11T20:32:34+00:00
yolo26l,fp32,1,640,module,23,23,,Detect,"[16, 19, 22]",3d1a9c8e3f245ae1,"Detect[nc=80,e2e]@1x256x80x80+1x512x40x40+1x512x20x20","{""kind"": ""list"", ""items"": [{""shape"": [1, 256, 80, 80], ""dtype"": ""float32""}, {""shape"": [1, 512, 40, 40], ""dtype"": ""float32""}, {""shape"": [1, 512, 20, 20], ""dtype"": ""float32""}]}","[{""shape"": [1, 300, 6], ""dtype"": ""float32""}, {""shape"": [1, 4, 8400], ""dtype"": ""float32""}, {""shape"": [1, 80, 8400], ""dtype"": ""float32""}, {""shape"": [1, 256, 80, 80], ""dtype"": ""float32""}, {""shape"": [1, 512, 40, 40], ""dtype"": ""float32""}, {""shape"": [1, 512, 20, 20], ""dtype"": ""float32""}]",1457020,8.4.148,2026-09-11T20:32:34+00:00
yolo26x,fp32,1,640,module,0,0,,Conv,-1,37e8e2b2ab1c7cc7,"Conv[3->96,k3,s2]@1x3x640x640","{""kind"": ""tensor"", ""shape"": [1, 3, 640, 640], ""dtype"": ""float32""}","[{""shape"": [1, 96, 320, 320], ""dtype"": ""float32""}]",2688,8.4.148,2026-09-11T20:36:09+00:00
yolo26x,fp32,1,640,module,1,1,,Conv,-1,5411b03f9925acdd,"Conv[96->192,k3,s2]@1x96x320x320","{""kind"": ""tensor"", ""shape"": [1, 96, 320, 320], ""dtype"": ""float32""}","[{""shape"": [1, 192, 160, 160], ""dtype"": ""float32""}]",166080,8.4.148,2026-09-11T20:36:09+00:00
yolo26x,fp32,1,640,module,2,2,,C3k2,-1,885bed882a36071a,"C3k2[192->48,p=388416]@1x192x160x160","{""kind"": ""tensor"", ""shape"": [1, 192, 160, 160], ""dtype"": ""float32""}","[{""shape"": [1, 384, 160, 160], ""dtype"": ""float32""}]",388416,8.4.148,2026-09-11T20:36:09+00:00
yolo26x,fp32,1,640,module,3,3,,Conv,-1,b2529c4ff6ad87b9,"Conv[384->384,k3,s2]@1x384x160x160","{""kind"": ""tensor"", ""shape"": [1, 384, 160, 160], ""dtype"": ""float32""}","[{""shape"": [1, 384, 80, 80], ""dtype"": ""float32""}]",1327488,8.4.148,2026-09-11T20:36:09+00:00
yolo26x,fp32,1,640,module,4,4,,C3k2,-1,50abafa706768a9e,"C3k2[384->96,p=1550976]@1x384x80x80","{""kind"": ""tensor"", ""shape"": [1, 384, 80, 80], ""dtype"": ""float32""}","[{""shape"": [1, 768, 80, 80], ""dtype"": ""float32""}]",1550976,8.4.148,2026-09-11T20:36:09+00:00
yolo26x,fp32,1,640,module,5,5,,Conv,-1,0f87b7191fcf4eff,"Conv[768->768,k3,s2]@1x768x80x80","{""kind"": ""tensor"", ""shape"": [1, 768, 80, 80], ""dtype"": ""float32""}","[{""shape"": [1, 768, 40, 40], ""dtype"": ""float32""}]",5309184,8.4.148,2026-09-11T20:36:09+00:00
yolo26x,fp32,1,640,module,6,6,,C3k2,-1,8d889dae7706ac23,"C3k2[768->192,p=5018112]@1x768x40x40","{""kind"": ""tensor"", ""shape"": [1, 768, 40, 40], ""dtype"": ""float32""}","[{""shape"": [1, 768, 40, 40], ""dtype"": ""float32""}]",5018112,8.4.148,2026-09-11T20:36:09+00:00
yolo26x,fp32,1,640,module,7,7,,Conv,-1,a3aa0769f24a9244,"Conv[768->768,k3,s2]@1x768x40x40","{""kind"": ""tensor"", ""shape"": [1, 768, 40, 40], ""dtype"": ""float32""}","[{""shape"": [1, 768, 20, 20], ""dtype"": ""float32""}]",5309184,8.4.148,2026-09-11T20:36:09+00:00
yolo26x,fp32,1,640,module,8,8,,C3k2,-1,188339fa9e1677ac,"C3k2[768->192,p=5018112]@1x768x20x20","{""kind"": ""tensor"", ""shape"": [1, 768, 20, 20], ""dtype"": ""float32""}","[{""shape"": [1, 768, 20, 20], ""dtype"": ""float32""}]",5018112,8.4.148,2026-09-11T20:36:09+00:00
yolo26x,fp32,1,640,module,9,9,,SPPF,-1,219d9946c5da7b4b,"SPPF[768->768,p=1475712]@1x768x20x20","{""kind"": ""tensor"", ""shape"": [1, 768, 20, 20], ""dtype"": ""float32""}","[{""shape"": [1, 768, 20, 20], ""dtype"": ""float32""}]",1475712,8.4.148,2026-09-11T20:36:09+00:00
yolo26x,fp32,1,640,module,10,10,,C2PSA,-1,e6804a1aba132fb1,"C2PSA[768->384,p=3257856]@1x768x20x20","{""kind"": ""tensor"", ""shape"": [1, 768, 20, 20], ""dtype"": ""float32""}","[{""shape"": [1, 768, 20, 20], ""dtype"": ""float32""}]",3257856,8.4.148,2026-09-11T20:36:09+00:00
yolo26x,fp32,1,640,module,11,11,,Upsample,-1,1e517c06df7906ac,"Upsample[x2.0,nearest]@1x768x20x20","{""kind"": ""tensor"", ""shape"": [1, 768, 20, 20], ""dtype"": ""float32""}","[{""shape"": [1, 768, 40, 40], ""dtype"": ""float32""}]",0,8.4.148,2026-09-11T20:36:09+00:00
yolo26x,fp32,1,640,module,12,12,,Concat,"[-1, 6]",5be9cf6da979640e,Concat[d=1]@1x768x40x40+1x768x40x40,"{""kind"": ""list"", ""items"": [{""shape"": [1, 768, 40, 40], ""dtype"": ""float32""}, {""shape"": [1, 768, 40, 40], ""dtype"": ""float32""}]}","[{""shape"": [1, 1536, 40, 40], ""dtype"": ""float32""}]",0,8.4.148,2026-09-11T20:36:09+00:00
yolo26x,fp32,1,640,module,13,13,,C3k2,-1,b3db100a7ec7743a,"C3k2[1536->192,p=5607936]@1x1536x40x40","{""kind"": ""tensor"", ""shape"": [1, 1536, 40, 40], ""dtype"": ""float32""}","[{""shape"": [1, 768, 40, 40], ""dtype"": ""float32""}]",5607936,8.4.148,2026-09-11T20:36:09+00:00
yolo26x,fp32,1,640,module,14,14,,Upsample,-1,e7a01537ec9be34e,"Upsample[x2.0,nearest]@1x768x40x40","{""kind"": ""tensor"", ""shape"": [1, 768, 40, 40], ""dtype"": ""float32""}","[{""shape"": [1, 768, 80, 80], ""dtype"": ""float32""}]",0,8.4.148,2026-09-11T20:36:09+00:00
yolo26x,fp32,1,640,module,15,15,,Concat,"[-1, 4]",e985a0ea97e228a5,Concat[d=1]@1x768x80x80+1x768x80x80,"{""kind"": ""list"", ""items"": [{""shape"": [1, 768, 80, 80], ""dtype"": ""float32""}, {""shape"": [1, 768, 80, 80], ""dtype"": ""float32""}]}","[{""shape"": [1, 1536, 80, 80], ""dtype"": ""float32""}]",0,8.4.148,2026-09-11T20:36:09+00:00
yolo26x,fp32,1,640,module,16,16,,C3k2,-1,d9d4b8b098d92f49,"C3k2[1536->96,p=1698048]@1x1536x80x80","{""kind"": ""tensor"", ""shape"": [1, 1536, 80, 80], ""dtype"": ""float32""}","[{""shape"": [1, 384, 80, 80], ""dtype"": ""float32""}]",1698048,8.4.148,2026-09-11T20:36:09+00:00
yolo26x,fp32,1,640,module,17,17,,Conv,-1,0625a7bd42405671,"Conv[384->384,k3,s2]@1x384x80x80","{""kind"": ""tensor"", ""shape"": [1, 384, 80, 80], ""dtype"": ""float32""}","[{""shape"": [1, 384, 40, 40], ""dtype"": ""float32""}]",1327488,8.4.148,2026-09-11T20:36:09+00:00
yolo26x,fp32,1,640,module,18,18,,Concat,"[-1, 13]",db0e7eac0d503c9c,Concat[d=1]@1x384x40x40+1x768x40x40,"{""kind"": ""list"", ""items"": [{""shape"": [1, 384, 40, 40], ""dtype"": ""float32""}, {""shape"": [1, 768, 40, 40], ""dtype"": ""float32""}]}","[{""shape"": [1, 1152, 40, 40], ""dtype"": ""float32""}]",0,8.4.148,2026-09-11T20:36:09+00:00
yolo26x,fp32,1,640,module,19,19,,C3k2,-1,a0fa756be2ee48ca,"C3k2[1152->192,p=5313024]@1x1152x40x40","{""kind"": ""tensor"", ""shape"": [1, 1152, 40, 40], ""dtype"": ""float32""}","[{""shape"": [1, 768, 40, 40], ""dtype"": ""float32""}]",5313024,8.4.148,2026-09-11T20:36:09+00:00
yolo26x,fp32,1,640,module,20,20,,Conv,-1,a3aa0769f24a9244,"Conv[768->768,k3,s2]@1x768x40x40","{""kind"": ""tensor"", ""shape"": [1, 768, 40, 40], ""dtype"": ""float32""}","[{""shape"": [1, 768, 20, 20], ""dtype"": ""float32""}]",5309184,8.4.148,2026-09-11T20:36:09+00:00
yolo26x,fp32,1,640,module,21,21,,Concat,"[-1, 10]",5c63213e3fb98b48,Concat[d=1]@1x768x20x20+1x768x20x20,"{""kind"": ""list"", ""items"": [{""shape"": [1, 768, 20, 20], ""dtype"": ""float32""}, {""shape"": [1, 768, 20, 20], ""dtype"": ""float32""}]}","[{""shape"": [1, 1536, 20, 20], ""dtype"": ""float32""}]",0,8.4.148,2026-09-11T20:36:09+00:00
yolo26x,fp32,1,640,module,22,22,,C3k2,-1,61bcbf1a1a8e65ef,"C3k2[1536->384,p=4431936]@1x1536x20x20","{""kind"": ""tensor"", ""shape"": [1, 1536, 20, 20], ""dtype"": ""float32""}","[{""shape"": [1, 768, 20, 20], ""dtype"": ""float32""}]",4431936,8.4.148,2026-09-11T20:36:09+00:00
yolo26x,fp32,1,640,module,23,23,,Detect,"[16, 19, 22]",bdc2e87a75477320,"Detect[nc=80,e2e]@1x384x80x80+1x768x40x40+1x768x20x20","{""kind"": ""list"", ""items"": [{""shape"": [1, 384, 80, 80], ""dtype"": ""float32""}, {""shape"": [1, 768, 40, 40], ""dtype"": ""float32""}, {""shape"": [1, 768, 20, 20], ""dtype"": ""float32""}]}","[{""shape"": [1, 300, 6], ""dtype"": ""float32""}, {""shape"": [1, 4, 8400], ""dtype"": ""float32""}, {""shape"": [1, 80, 8400], ""dtype"": ""float32""}, {""shape"": [1, 384, 80, 80], ""dtype"": ""float32""}, {""shape"": [1, 768, 40, 40], ""dtype"": ""float32""}, {""shape"": [1, 768, 20, 20], ""dtype"": ""float32""}]",3214524,8.4.148,2026-09-11T20:36:09+00:00
yolo26n,fp32,8,640,module,0,0,,Conv,-1,0c0af8019704a4df,"Conv[3->16,k3,s2]@8x3x640x640","{""kind"": ""tensor"", ""shape"": [8, 3, 640, 640], ""dtype"": ""float32""}","[{""shape"": [8, 16, 320, 320], ""dtype"": ""float32""}]",448,8.4.148,2026-09-14T01:16:41+00:00
yolo26n,fp32,8,640,module,1,1,,Conv,-1,97040e09e2ec10bf,"Conv[16->32,k3,s2]@8x16x320x320","{""kind"": ""tensor"", ""shape"": [8, 16, 320, 320], ""dtype"": ""float32""}","[{""shape"": [8, 32, 160, 160], ""dtype"": ""float32""}]",4640,8.4.148,2026-09-14T01:16:41+00:00
yolo26n,fp32,8,640,module,2,2,,C3k2,-1,c22f9c270a8320e7,"C3k2[32->16,p=6520]@8x32x160x160","{""kind"": ""tensor"", ""shape"": [8, 32, 160, 160], ""dtype"": ""float32""}","[{""shape"": [8, 64, 160, 160], ""dtype"": ""float32""}]",6520,8.4.148,2026-09-14T01:16:41+00:00
yolo26n,fp32,8,640,module,3,3,,Conv,-1,6bc457c858fda289,"Conv[64->64,k3,s2]@8x64x160x160","{""kind"": ""tensor"", ""shape"": [8, 64, 160, 160], ""dtype"": ""float32""}","[{""shape"": [8, 64, 80, 80], ""dtype"": ""float32""}]",36928,8.4.148,2026-09-14T01:16:41+00:00
yolo26n,fp32,8,640,module,4,4,,C3k2,-1,0135a27e969c861c,"C3k2[64->32,p=25840]@8x64x80x80","{""kind"": ""tensor"", ""shape"": [8, 64, 80, 80], ""dtype"": ""float32""}","[{""shape"": [8, 128, 80, 80], ""dtype"": ""float32""}]",25840,8.4.148,2026-09-14T01:16:41+00:00
yolo26n,fp32,8,640,module,5,5,,Conv,-1,3e73f7e780669aea,"Conv[128->128,k3,s2]@8x128x80x80","{""kind"": ""tensor"", ""shape"": [8, 128, 80, 80], ""dtype"": ""float32""}","[{""shape"": [8, 128, 40, 40], ""dtype"": ""float32""}]",147584,8.4.148,2026-09-14T01:16:41+00:00
yolo26n,fp32,8,640,module,6,6,,C3k2,-1,dfd3c619fb244fd7,"C3k2[128->32,p=86528]@8x128x40x40","{""kind"": ""tensor"", ""shape"": [8, 128, 40, 40], ""dtype"": ""float32""}","[{""shape"": [8, 128, 40, 40], ""dtype"": ""float32""}]",86528,8.4.148,2026-09-14T01:16:41+00:00
yolo26n,fp32,8,640,module,7,7,,Conv,-1,aeea203bba692bca,"Conv[128->256,k3,s2]@8x128x40x40","{""kind"": ""tensor"", ""shape"": [8, 128, 40, 40], ""dtype"": ""float32""}","[{""shape"": [8, 256, 20, 20], ""dtype"": ""float32""}]",295168,8.4.148,2026-09-14T01:16:41+00:00
yolo26n,fp32,8,640,module,8,8,,C3k2,-1,1d02c8e3746b2792,"C3k2[256->64,p=345088]@8x256x20x20","{""kind"": ""tensor"", ""shape"": [8, 256, 20, 20], ""dtype"": ""float32""}","[{""shape"": [8, 256, 20, 20], ""dtype"": ""float32""}]",345088,8.4.148,2026-09-14T01:16:41+00:00
yolo26n,fp32,8,640,module,9,9,,SPPF,-1,b199ad19a0c36b47,"SPPF[256->256,p=164224]@8x256x20x20","{""kind"": ""tensor"", ""shape"": [8, 256, 20, 20], ""dtype"": ""float32""}","[{""shape"": [8, 256, 20, 20], ""dtype"": ""float32""}]",164224,8.4.148,2026-09-14T01:16:41+00:00
yolo26n,fp32,8,640,module,10,10,,C2PSA,-1,5ffd455ae005d20b,"C2PSA[256->128,p=248320]@8x256x20x20","{""kind"": ""tensor"", ""shape"": [8, 256, 20, 20], ""dtype"": ""float32""}","[{""shape"": [8, 256, 20, 20], ""dtype"": ""float32""}]",248320,8.4.148,2026-09-14T01:16:41+00:00
yolo26n,fp32,8,640,module,11,11,,Upsample,-1,fbdc775304991232,"Upsample[x2.0,nearest]@8x256x20x20","{""kind"": ""tensor"", ""shape"": [8, 256, 20, 20], ""dtype"": ""float32""}","[{""shape"": [8, 256, 40, 40], ""dtype"": ""float32""}]",0,8.4.148,2026-09-14T01:16:41+00:00
yolo26n,fp32,8,640,module,12,12,,Concat,"[-1, 6]",5c59ad7e14cc2a65,Concat[d=1]@8x256x40x40+8x128x40x40,"{""kind"": ""list"", ""items"": [{""shape"": [8, 256, 40, 40], ""dtype"": ""float32""}, {""shape"": [8, 128, 40, 40], ""dtype"": ""float32""}]}","[{""shape"": [8, 384, 40, 40], ""dtype"": ""float32""}]",0,8.4.148,2026-09-14T01:16:41+00:00
yolo26n,fp32,8,640,module,13,13,,C3k2,-1,05996c08cf02d8a4,"C3k2[384->32,p=119296]@8x384x40x40","{""kind"": ""tensor"", ""shape"": [8, 384, 40, 40], ""dtype"": ""float32""}","[{""shape"": [8, 128, 40, 40], ""dtype"": ""float32""}]",119296,8.4.148,2026-09-14T01:16:41+00:00
yolo26n,fp32,8,640,module,14,14,,Upsample,-1,dcf532f79a5f0a45,"Upsample[x2.0,nearest]@8x128x40x40","{""kind"": ""tensor"", ""shape"": [8, 128, 40, 40], ""dtype"": ""float32""}","[{""shape"": [8, 128, 80, 80], ""dtype"": ""float32""}]",0,8.4.148,2026-09-14T01:16:41+00:00
yolo26n,fp32,8,640,module,15,15,,Concat,"[-1, 4]",194b3483bfa7a438,Concat[d=1]@8x128x80x80+8x128x80x80,"{""kind"": ""list"", ""items"": [{""shape"": [8, 128, 80, 80], ""dtype"": ""float32""}, {""shape"": [8, 128, 80, 80], ""dtype"": ""float32""}]}","[{""shape"": [8, 256, 80, 80], ""dtype"": ""float32""}]",0,8.4.148,2026-09-14T01:16:41+00:00
yolo26n,fp32,8,640,module,16,16,,C3k2,-1,865320d1aa025e04,"C3k2[256->16,p=34048]@8x256x80x80","{""kind"": ""tensor"", ""shape"": [8, 256, 80, 80], ""dtype"": ""float32""}","[{""shape"": [8, 64, 80, 80], ""dtype"": ""float32""}]",34048,8.4.148,2026-09-14T01:16:41+00:00
yolo26n,fp32,8,640,module,17,17,,Conv,-1,becf7db63facf8cb,"Conv[64->64,k3,s2]@8x64x80x80","{""kind"": ""tensor"", ""shape"": [8, 64, 80, 80], ""dtype"": ""float32""}","[{""shape"": [8, 64, 40, 40], ""dtype"": ""float32""}]",36928,8.4.148,2026-09-14T01:16:41+00:00
yolo26n,fp32,8,640,module,18,18,,Concat,"[-1, 13]",3d386fafcf8c657a,Concat[d=1]@8x64x40x40+8x128x40x40,"{""kind"": ""list"", ""items"": [{""shape"": [8, 64, 40, 40], ""dtype"": ""float32""}, {""shape"": [8, 128, 40, 40], ""dtype"": ""float32""}]}","[{""shape"": [8, 192, 40, 40], ""dtype"": ""float32""}]",0,8.4.148,2026-09-14T01:16:41+00:00
yolo26n,fp32,8,640,module,19,19,,C3k2,-1,8cef967715e84e42,"C3k2[192->32,p=94720]@8x192x40x40","{""kind"": ""tensor"", ""shape"": [8, 192, 40, 40], ""dtype"": ""float32""}","[{""shape"": [8, 128, 40, 40], ""dtype"": ""float32""}]",94720,8.4.148,2026-09-14T01:16:41+00:00
yolo26n,fp32,8,640,module,20,20,,Conv,-1,648c58e5f30d82ce,"Conv[128->128,k3,s2]@8x128x40x40","{""kind"": ""tensor"", ""shape"": [8, 128, 40, 40], ""dtype"": ""float32""}","[{""shape"": [8, 128, 20, 20], ""dtype"": ""float32""}]",147584,8.4.148,2026-09-14T01:16:41+00:00
yolo26n,fp32,8,640,module,21,21,,Concat,"[-1, 10]",e395ff40d08d1669,Concat[d=1]@8x128x20x20+8x256x20x20,"{""kind"": ""list"", ""items"": [{""shape"": [8, 128, 20, 20], ""dtype"": ""float32""}, {""shape"": [8, 256, 20, 20], ""dtype"": ""float32""}]}","[{""shape"": [8, 384, 20, 20], ""dtype"": ""float32""}]",0,8.4.148,2026-09-14T01:16:41+00:00
yolo26n,fp32,8,640,module,22,22,,C3k2,-1,e73337afaa1c3db5,"C3k2[384->128,p=461504]@8x384x20x20","{""kind"": ""tensor"", ""shape"": [8, 384, 20, 20], ""dtype"": ""float32""}","[{""shape"": [8, 256, 20, 20], ""dtype"": ""float32""}]",461504,8.4.148,2026-09-14T01:16:41+00:00
yolo26n,fp32,8,640,module,23,23,,Detect,"[16, 19, 22]",081b9aecfae6f840,"Detect[nc=80,e2e]@8x64x80x80+8x128x40x40+8x256x20x20","{""kind"": ""list"", ""items"": [{""shape"": [8, 64, 80, 80], ""dtype"": ""float32""}, {""shape"": [8, 128, 40, 40], ""dtype"": ""float32""}, {""shape"": [8, 256, 20, 20], ""dtype"": ""float32""}]}","[{""shape"": [8, 300, 6], ""dtype"": ""float32""}, {""shape"": [8, 4, 8400], ""dtype"": ""float32""}, {""shape"": [8, 80, 8400], ""dtype"": ""float32""}, {""shape"": [8, 64, 80, 80], ""dtype"": ""float32""}, {""shape"": [8, 128, 40, 40], ""dtype"": ""float32""}, {""shape"": [8, 256, 20, 20], ""dtype"": ""float32""}]",153564,8.4.148,2026-09-14T01:16:41+00:00
yolo26s,fp32,8,640,module,0,0,,Conv,-1,79be5195c4b2598b,"Conv[3->32,k3,s2]@8x3x640x640","{""kind"": ""tensor"", ""shape"": [8, 3, 640, 640], ""dtype"": ""float32""}","[{""shape"": [8, 32, 320, 320], ""dtype"": ""float32""}]",896,8.4.148,2026-09-14T01:26:52+00:00
yolo26s,fp32,8,640,module,1,1,,Conv,-1,535c158cbf058393,"Conv[32->64,k3,s2]@8x32x320x320","{""kind"": ""tensor"", ""shape"": [8, 32, 320, 320], ""dtype"": ""float32""}","[{""shape"": [8, 64, 160, 160], ""dtype"": ""float32""}]",18496,8.4.148,2026-09-14T01:26:52+00:00
yolo26s,fp32,8,640,module,2,2,,C3k2,-1,285bd1fc35970421,"C3k2[64->32,p=25840]@8x64x160x160","{""kind"": ""tensor"", ""shape"": [8, 64, 160, 160], ""dtype"": ""float32""}","[{""shape"": [8, 128, 160, 160], ""dtype"": ""float32""}]",25840,8.4.148,2026-09-14T01:26:52+00:00
yolo26s,fp32,8,640,module,3,3,,Conv,-1,e1488cca9ac14624,"Conv[128->128,k3,s2]@8x128x160x160","{""kind"": ""tensor"", ""shape"": [8, 128, 160, 160], ""dtype"": ""float32""}","[{""shape"": [8, 128, 80, 80], ""dtype"": ""float32""}]",147584,8.4.148,2026-09-14T01:26:52+00:00
yolo26s,fp32,8,640,module,4,4,,C3k2,-1,b8fa2ebd44156c32,"C3k2[128->64,p=102880]@8x128x80x80","{""kind"": ""tensor"", ""shape"": [8, 128, 80, 80], ""dtype"": ""float32""}","[{""shape"": [8, 256, 80, 80], ""dtype"": ""float32""}]",102880,8.4.148,2026-09-14T01:26:52+00:00
yolo26s,fp32,8,640,module,5,5,,Conv,-1,634500bb0efebbd0,"Conv[256->256,k3,s2]@8x256x80x80","{""kind"": ""tensor"", ""shape"": [8, 256, 80, 80], ""dtype"": ""float32""}","[{""shape"": [8, 256, 40, 40], ""dtype"": ""float32""}]",590080,8.4.148,2026-09-14T01:26:52+00:00
yolo26s,fp32,8,640,module,6,6,,C3k2,-1,933a97c5e32967ef,"C3k2[256->64,p=345088]@8x256x40x40","{""kind"": ""tensor"", ""shape"": [8, 256, 40, 40], ""dtype"": ""float32""}","[{""shape"": [8, 256, 40, 40], ""dtype"": ""float32""}]",345088,8.4.148,2026-09-14T01:26:52+00:00
yolo26s,fp32,8,640,module,7,7,,Conv,-1,1db9b9a5599bcf0f,"Conv[256->512,k3,s2]@8x256x40x40","{""kind"": ""tensor"", ""shape"": [8, 256, 40, 40], ""dtype"": ""float32""}","[{""shape"": [8, 512, 20, 20], ""dtype"": ""float32""}]",1180160,8.4.148,2026-09-14T01:26:52+00:00
yolo26s,fp32,8,640,module,8,8,,C3k2,-1,9e98788872b1606d,"C3k2[512->128,p=1378304]@8x512x20x20","{""kind"": ""tensor"", ""shape"": [8, 512, 20, 20], ""dtype"": ""float32""}","[{""shape"": [8, 512, 20, 20], ""dtype"": ""float32""}]",1378304,8.4.148,2026-09-14T01:26:52+00:00
yolo26s,fp32,8,640,module,9,9,,SPPF,-1,8b3e89de065b9d1e,"SPPF[512->512,p=656128]@8x512x20x20","{""kind"": ""tensor"", ""shape"": [8, 512, 20, 20], ""dtype"": ""float32""}","[{""shape"": [8, 512, 20, 20], ""dtype"": ""float32""}]",656128,8.4.148,2026-09-14T01:26:52+00:00
yolo26s,fp32,8,640,module,10,10,,C2PSA,-1,e908c4acacd14837,"C2PSA[512->256,p=988160]@8x512x20x20","{""kind"": ""tensor"", ""shape"": [8, 512, 20, 20], ""dtype"": ""float32""}","[{""shape"": [8, 512, 20, 20], ""dtype"": ""float32""}]",988160,8.4.148,2026-09-14T01:26:52+00:00
yolo26s,fp32,8,640,module,11,11,,Upsample,-1,caaddfd44b6858be,"Upsample[x2.0,nearest]@8x512x20x20","{""kind"": ""tensor"", ""shape"": [8, 512, 20, 20], ""dtype"": ""float32""}","[{""shape"": [8, 512, 40, 40], ""dtype"": ""float32""}]",0,8.4.148,2026-09-14T01:26:52+00:00
yolo26s,fp32,8,640,module,12,12,,Concat,"[-1, 6]",1e64c8c3e88ef496,Concat[d=1]@8x512x40x40+8x256x40x40,"{""kind"": ""list"", ""items"": [{""shape"": [8, 512, 40, 40], ""dtype"": ""float32""}, {""shape"": [8, 256, 40, 40], ""dtype"": ""float32""}]}","[{""shape"": [8, 768, 40, 40], ""dtype"": ""float32""}]",0,8.4.148,2026-09-14T01:26:52+00:00
yolo26s,fp32,8,640,module,13,13,,C3k2,-1,d1acc064ec4d8dd5,"C3k2[768->64,p=476160]@8x768x40x40","{""kind"": ""tensor"", ""shape"": [8, 768, 40, 40], ""dtype"": ""float32""}","[{""shape"": [8, 256, 40, 40], ""dtype"": ""float32""}]",476160,8.4.148,2026-09-14T01:26:52+00:00
yolo26s,fp32,8,640,module,14,14,,Upsample,-1,edb3b7efce075fc6,"Upsample[x2.0,nearest]@8x256x40x40","{""kind"": ""tensor"", ""shape"": [8, 256, 40, 40], ""dtype"": ""float32""}","[{""shape"": [8, 256, 80, 80], ""dtype"": ""float32""}]",0,8.4.148,2026-09-14T01:26:52+00:00
yolo26s,fp32,8,640,module,15,15,,Concat,"[-1, 4]",b455deef8bc0d9dd,Concat[d=1]@8x256x80x80+8x256x80x80,"{""kind"": ""list"", ""items"": [{""shape"": [8, 256, 80, 80], ""dtype"": ""float32""}, {""shape"": [8, 256, 80, 80], ""dtype"": ""float32""}]}","[{""shape"": [8, 512, 80, 80], ""dtype"": ""float32""}]",0,8.4.148,2026-09-14T01:26:52+00:00
yolo26s,fp32,8,640,module,16,16,,C3k2,-1,dc4691bfd2a8a5cf,"C3k2[512->32,p=135680]@8x512x80x80","{""kind"": ""tensor"", ""shape"": [8, 512, 80, 80], ""dtype"": ""float32""}","[{""shape"": [8, 128, 80, 80], ""dtype"": ""float32""}]",135680,8.4.148,2026-09-14T01:26:52+00:00
yolo26s,fp32,8,640,module,17,17,,Conv,-1,3e73f7e780669aea,"Conv[128->128,k3,s2]@8x128x80x80","{""kind"": ""tensor"", ""shape"": [8, 128, 80, 80], ""dtype"": ""float32""}","[{""shape"": [8, 128, 40, 40], ""dtype"": ""float32""}]",147584,8.4.148,2026-09-14T01:26:52+00:00
yolo26s,fp32,8,640,module,18,18,,Concat,"[-1, 13]",c0cb9122ac84c0f2,Concat[d=1]@8x128x40x40+8x256x40x40,"{""kind"": ""list"", ""items"": [{""shape"": [8, 128, 40, 40], ""dtype"": ""float32""}, {""shape"": [8, 256, 40, 40], ""dtype"": ""float32""}]}","[{""shape"": [8, 384, 40, 40], ""dtype"": ""float32""}]",0,8.4.148,2026-09-14T01:26:52+00:00
yolo26s,fp32,8,640,module,19,19,,C3k2,-1,b3de10070c1d4fce,"C3k2[384->64,p=377856]@8x384x40x40","{""kind"": ""tensor"", ""shape"": [8, 384, 40, 40], ""dtype"": ""float32""}","[{""shape"": [8, 256, 40, 40], ""dtype"": ""float32""}]",377856,8.4.148,2026-09-14T01:26:52+00:00
yolo26s,fp32,8,640,module,20,20,,Conv,-1,df37f452e20387eb,"Conv[256->256,k3,s2]@8x256x40x40","{""kind"": ""tensor"", ""shape"": [8, 256, 40, 40], ""dtype"": ""float32""}","[{""shape"": [8, 256, 20, 20], ""dtype"": ""float32""}]",590080,8.4.148,2026-09-14T01:26:52+00:00
yolo26s,fp32,8,640,module,21,21,,Concat,"[-1, 10]",b9f22fc9df942f9f,Concat[d=1]@8x256x20x20+8x512x20x20,"{""kind"": ""list"", ""items"": [{""shape"": [8, 256, 20, 20], ""dtype"": ""float32""}, {""shape"": [8, 512, 20, 20], ""dtype"": ""float32""}]}","[{""shape"": [8, 768, 20, 20], ""dtype"": ""float32""}]",0,8.4.148,2026-09-14T01:26:52+00:00
yolo26s,fp32,8,640,module,22,22,,C3k2,-1,6f4a3bc4a6cff366,"C3k2[768->256,p=1840512]@8x768x20x20","{""kind"": ""tensor"", ""shape"": [8, 768, 20, 20], ""dtype"": ""float32""}","[{""shape"": [8, 512, 20, 20], ""dtype"": ""float32""}]",1840512,8.4.148,2026-09-14T01:26:52+00:00
yolo26s,fp32,8,640,module,23,23,,Detect,"[16, 19, 22]",09463343c8831712,"Detect[nc=80,e2e]@8x128x80x80+8x256x40x40+8x512x20x20","{""kind"": ""list"", ""items"": [{""shape"": [8, 128, 80, 80], ""dtype"": ""float32""}, {""shape"": [8, 256, 40, 40], ""dtype"": ""float32""}, {""shape"": [8, 512, 20, 20], ""dtype"": ""float32""}]}","[{""shape"": [8, 300, 6], ""dtype"": ""float32""}, {""shape"": [8, 4, 8400], ""dtype"": ""float32""}, {""shape"": [8, 80, 8400], ""dtype"": ""float32""}, {""shape"": [8, 128, 80, 80], ""dtype"": ""float32""}, {""shape"": [8, 256, 40, 40], ""dtype"": ""float32""}, {""shape"": [8, 512, 20, 20], ""dtype"": ""float32""}]",494652,8.4.148,2026-09-14T01:26:52+00:00
yolo26m,fp32,8,640,module,0,0,,Conv,-1,7fbcf77391bd51c9,"Conv[3->64,k3,s2]@8x3x640x640","{""kind"": ""tensor"", ""shape"": [8, 3, 640, 640], ""dtype"": ""float32""}","[{""shape"": [8, 64, 320, 320], ""dtype"": ""float32""}]",1792,8.4.148,2026-09-14T01:37:09+00:00
yolo26m,fp32,8,640,module,1,1,,Conv,-1,a25603029838569e,"Conv[64->128,k3,s2]@8x64x320x320","{""kind"": ""tensor"", ""shape"": [8, 64, 320, 320], ""dtype"": ""float32""}","[{""shape"": [8, 128, 160, 160], ""dtype"": ""float32""}]",73856,8.4.148,2026-09-14T01:37:09+00:00
yolo26m,fp32,8,640,module,2,2,,C3k2,-1,affe48b53abaf86c,"C3k2[128->32,p=111232]@8x128x160x160","{""kind"": ""tensor"", ""shape"": [8, 128, 160, 160], ""dtype"": ""float32""}","[{""shape"": [8, 256, 160, 160], ""dtype"": ""float32""}]",111232,8.4.148,2026-09-14T01:37:09+00:00
yolo26m,fp32,8,640,module,3,3,,Conv,-1,9f4acd1607647caf,"Conv[256->256,k3,s2]@8x256x160x160","{""kind"": ""tensor"", ""shape"": [8, 256, 160, 160], ""dtype"": ""float32""}","[{""shape"": [8, 256, 80, 80], ""dtype"": ""float32""}]",590080,8.4.148,2026-09-14T01:37:09+00:00
yolo26m,fp32,8,640,module,4,4,,C3k2,-1,ade3a33e0b9dbda9,"C3k2[256->64,p=443648]@8x256x80x80","{""kind"": ""tensor"", ""shape"": [8, 256, 80, 80], ""dtype"": ""float32""}","[{""shape"": [8, 512, 80, 80], ""dtype"": ""float32""}]",443648,8.4.148,2026-09-14T01:37:09+00:00
yolo26m,fp32,8,640,module,5,5,,Conv,-1,09cae40c46d8a128,"Conv[512->512,k3,s2]@8x512x80x80","{""kind"": ""tensor"", ""shape"": [8, 512, 80, 80], ""dtype"": ""float32""}","[{""shape"": [8, 512, 40, 40], ""dtype"": ""float32""}]",2359808,8.4.148,2026-09-14T01:37:09+00:00
yolo26m,fp32,8,640,module,6,6,,C3k2,-1,9c2a2f8a268ed8f9,"C3k2[512->128,p=1378304]@8x512x40x40","{""kind"": ""tensor"", ""shape"": [8, 512, 40, 40], ""dtype"": ""float32""}","[{""shape"": [8, 512, 40, 40], ""dtype"": ""float32""}]",1378304,8.4.148,2026-09-14T01:37:09+00:00
yolo26m,fp32,8,640,module,7,7,,Conv,-1,51c5320ffd1d0cd3,"Conv[512->512,k3,s2]@8x512x40x40","{""kind"": ""tensor"", ""shape"": [8, 512, 40, 40], ""dtype"": ""float32""}","[{""shape"": [8, 512, 20, 20], ""dtype"": ""float32""}]",2359808,8.4.148,2026-09-14T01:37:09+00:00
yolo26m,fp32,8,640,module,8,8,,C3k2,-1,9e98788872b1606d,"C3k2[512->128,p=1378304]@8x512x20x20","{""kind"": ""tensor"", ""shape"": [8, 512, 20, 20], ""dtype"": ""float32""}","[{""shape"": [8, 512, 20, 20], ""dtype"": ""float32""}]",1378304,8.4.148,2026-09-14T01:37:09+00:00
yolo26m,fp32,8,640,module,9,9,,SPPF,-1,8b3e89de065b9d1e,"SPPF[512->512,p=656128]@8x512x20x20","{""kind"": ""tensor"", ""shape"": [8, 512, 20, 20], ""dtype"": ""float32""}","[{""shape"": [8, 512, 20, 20], ""dtype"": ""float32""}]",656128,8.4.148,2026-09-14T01:37:09+00:00
yolo26m,fp32,8,640,module,10,10,,C2PSA,-1,e908c4acacd14837,"C2PSA[512->256,p=988160]@8x512x20x20","{""kind"": ""tensor"", ""shape"": [8, 512, 20, 20], ""dtype"": ""float32""}","[{""shape"": [8, 512, 20, 20], ""dtype"": ""float32""}]",988160,8.4.148,2026-09-14T01:37:09+00:00
yolo26m,fp32,8,640,module,11,11,,Upsample,-1,caaddfd44b6858be,"Upsample[x2.0,nearest]@8x512x20x20","{""kind"": ""tensor"", ""shape"": [8, 512, 20, 20], ""dtype"": ""float32""}","[{""shape"": [8, 512, 40, 40], ""dtype"": ""float32""}]",0,8.4.148,2026-09-14T01:37:09+00:00
yolo26m,fp32,8,640,module,12,12,,Concat,"[-1, 6]",6245c0054529cf32,Concat[d=1]@8x512x40x40+8x512x40x40,"{""kind"": ""list"", ""items"": [{""shape"": [8, 512, 40, 40], ""dtype"": ""float32""}, {""shape"": [8, 512, 40, 40], ""dtype"": ""float32""}]}","[{""shape"": [8, 1024, 40, 40], ""dtype"": ""float32""}]",0,8.4.148,2026-09-14T01:37:09+00:00
yolo26m,fp32,8,640,module,13,13,,C3k2,-1,de465761542fd22b,"C3k2[1024->128,p=1640448]@8x1024x40x40","{""kind"": ""tensor"", ""shape"": [8, 1024, 40, 40], ""dtype"": ""float32""}","[{""shape"": [8, 512, 40, 40], ""dtype"": ""float32""}]",1640448,8.4.148,2026-09-14T01:37:09+00:00
yolo26m,fp32,8,640,module,14,14,,Upsample,-1,89da20597acec760,"Upsample[x2.0,nearest]@8x512x40x40","{""kind"": ""tensor"", ""shape"": [8, 512, 40, 40], ""dtype"": ""float32""}","[{""shape"": [8, 512, 80, 80], ""dtype"": ""float32""}]",0,8.4.148,2026-09-14T01:37:09+00:00
yolo26m,fp32,8,640,module,15,15,,Concat,"[-1, 4]",d2e1cac532e7f50d,Concat[d=1]@8x512x80x80+8x512x80x80,"{""kind"": ""list"", ""items"": [{""shape"": [8, 512, 80, 80], ""dtype"": ""float32""}, {""shape"": [8, 512, 80, 80], ""dtype"": ""float32""}]}","[{""shape"": [8, 1024, 80, 80], ""dtype"": ""float32""}]",0,8.4.148,2026-09-14T01:37:09+00:00
yolo26m,fp32,8,640,module,16,16,,C3k2,-1,b881c9acb723a1f7,"C3k2[1024->64,p=541696]@8x1024x80x80","{""kind"": ""tensor"", ""shape"": [8, 1024, 80, 80], ""dtype"": ""float32""}","[{""shape"": [8, 256, 80, 80], ""dtype"": ""float32""}]",541696,8.4.148,2026-09-14T01:37:09+00:00
yolo26m,fp32,8,640,module,17,17,,Conv,-1,634500bb0efebbd0,"Conv[256->256,k3,s2]@8x256x80x80","{""kind"": ""tensor"", ""shape"": [8, 256, 80, 80], ""dtype"": ""float32""}","[{""shape"": [8, 256, 40, 40], ""dtype"": ""float32""}]",590080,8.4.148,2026-09-14T01:37:09+00:00
yolo26m,fp32,8,640,module,18,18,,Concat,"[-1, 13]",83ca0a492b02a8b9,Concat[d=1]@8x256x40x40+8x512x40x40,"{""kind"": ""list"", ""items"": [{""shape"": [8, 256, 40, 40], ""dtype"": ""float32""}, {""shape"": [8, 512, 40, 40], ""dtype"": ""float32""}]}","[{""shape"": [8, 768, 40, 40], ""dtype"": ""float32""}]",0,8.4.148,2026-09-14T01:37:09+00:00
yolo26m,fp32,8,640,module,19,19,,C3k2,-1,92e2e2751cf95b80,"C3k2[768->128,p=1509376]@8x768x40x40","{""kind"": ""tensor"", ""shape"": [8, 768, 40, 40], ""dtype"": ""float32""}","[{""shape"": [8, 512, 40, 40], ""dtype"": ""float32""}]",1509376,8.4.148,2026-09-14T01:37:09+00:00
yolo26m,fp32,8,640,module,20,20,,Conv,-1,51c5320ffd1d0cd3,"Conv[512->512,k3,s2]@8x512x40x40","{""kind"": ""tensor"", ""shape"": [8, 512, 40, 40], ""dtype"": ""float32""}","[{""shape"": [8, 512, 20, 20], ""dtype"": ""float32""}]",2359808,8.4.148,2026-09-14T01:37:09+00:00
yolo26m,fp32,8,640,module,21,21,,Concat,"[-1, 10]",55469bff886f0757,Concat[d=1]@8x512x20x20+8x512x20x20,"{""kind"": ""list"", ""items"": [{""shape"": [8, 512, 20, 20], ""dtype"": ""float32""}, {""shape"": [8, 512, 20, 20], ""dtype"": ""float32""}]}","[{""shape"": [8, 1024, 20, 20], ""dtype"": ""float32""}]",0,8.4.148,2026-09-14T01:37:09+00:00
yolo26m,fp32,8,640,module,22,22,,C3k2,-1,1a1d350b34b9993e,"C3k2[1024->256,p=1971584]@8x1024x20x20","{""kind"": ""tensor"", ""shape"": [8, 1024, 20, 20], ""dtype"": ""float32""}","[{""shape"": [8, 512, 20, 20], ""dtype"": ""float32""}]",1971584,8.4.148,2026-09-14T01:37:09+00:00
yolo26m,fp32,8,640,module,23,23,,Detect,"[16, 19, 22]",3c3af01ca27760d5,"Detect[nc=80,e2e]@8x256x80x80+8x512x40x40+8x512x20x20","{""kind"": ""list"", ""items"": [{""shape"": [8, 256, 80, 80], ""dtype"": ""float32""}, {""shape"": [8, 512, 40, 40], ""dtype"": ""float32""}, {""shape"": [8, 512, 20, 20], ""dtype"": ""float32""}]}","[{""shape"": [8, 300, 6], ""dtype"": ""float32""}, {""shape"": [8, 4, 8400], ""dtype"": ""float32""}, {""shape"": [8, 80, 8400], ""dtype"": ""float32""}, {""shape"": [8, 256, 80, 80], ""dtype"": ""float32""}, {""shape"": [8, 512, 40, 40], ""dtype"": ""float32""}, {""shape"": [8, 512, 20, 20], ""dtype"": ""float32""}]",1457020,8.4.148,2026-09-14T01:37:09+00:00
yolo26l,fp32,8,640,module,0,0,,Conv,-1,7fbcf77391bd51c9,"Conv[3->64,k3,s2]@8x3x640x640","{""kind"": ""tensor"", ""shape"": [8, 3, 640, 640], ""dtype"": ""float32""}","[{""shape"": [8, 64, 320, 320], ""dtype"": ""float32""}]",1792,8.4.148,2026-09-14T01:46:32+00:00
yolo26l,fp32,8,640,module,1,1,,Conv,-1,a25603029838569e,"Conv[64->128,k3,s2]@8x64x320x320","{""kind"": ""tensor"", ""shape"": [8, 64, 320, 320], ""dtype"": ""float32""}","[{""shape"": [8, 128, 160, 160], ""dtype"": ""float32""}]",73856,8.4.148,2026-09-14T01:46:32+00:00
yolo26l,fp32,8,640,module,2,2,,C3k2,-1,d072d3d70ed318f0,"C3k2[128->32,p=172928]@8x128x160x160","{""kind"": ""tensor"", ""shape"": [8, 128, 160, 160], ""dtype"": ""float32""}","[{""shape"": [8, 256, 160, 160], ""dtype"": ""float32""}]",172928,8.4.148,2026-09-14T01:46:32+00:00
yolo26l,fp32,8,640,module,3,3,,Conv,-1,9f4acd1607647caf,"Conv[256->256,k3,s2]@8x256x160x160","{""kind"": ""tensor"", ""shape"": [8, 256, 160, 160], ""dtype"": ""float32""}","[{""shape"": [8, 256, 80, 80], ""dtype"": ""float32""}]",590080,8.4.148,2026-09-14T01:46:32+00:00
yolo26l,fp32,8,640,module,4,4,,C3k2,-1,e8789b6f22155f59,"C3k2[256->64,p=689920]@8x256x80x80","{""kind"": ""tensor"", ""shape"": [8, 256, 80, 80], ""dtype"": ""float32""}","[{""shape"": [8, 512, 80, 80], ""dtype"": ""float32""}]",689920,8.4.148,2026-09-14T01:46:32+00:00
yolo26l,fp32,8,640,module,5,5,,Conv,-1,09cae40c46d8a128,"Conv[512->512,k3,s2]@8x512x80x80","{""kind"": ""tensor"", ""shape"": [8, 512, 80, 80], ""dtype"": ""float32""}","[{""shape"": [8, 512, 40, 40], ""dtype"": ""float32""}]",2359808,8.4.148,2026-09-14T01:46:32+00:00
yolo26l,fp32,8,640,module,6,6,,C3k2,-1,c6bd20243be017d9,"C3k2[512->128,p=2231296]@8x512x40x40","{""kind"": ""tensor"", ""shape"": [8, 512, 40, 40], ""dtype"": ""float32""}","[{""shape"": [8, 512, 40, 40], ""dtype"": ""float32""}]",2231296,8.4.148,2026-09-14T01:46:32+00:00
yolo26l,fp32,8,640,module,7,7,,Conv,-1,51c5320ffd1d0cd3,"Conv[512->512,k3,s2]@8x512x40x40","{""kind"": ""tensor"", ""shape"": [8, 512, 40, 40], ""dtype"": ""float32""}","[{""shape"": [8, 512, 20, 20], ""dtype"": ""float32""}]",2359808,8.4.148,2026-09-14T01:46:32+00:00
yolo26l,fp32,8,640,module,8,8,,C3k2,-1,c683f4d796dbd6b4,"C3k2[512->128,p=2231296]@8x512x20x20","{""kind"": ""tensor"", ""shape"": [8, 512, 20, 20], ""dtype"": ""float32""}","[{""shape"": [8, 512, 20, 20], ""dtype"": ""float32""}]",2231296,8.4.148,2026-09-14T01:46:32+00:00
yolo26l,fp32,8,640,module,9,9,,SPPF,-1,8b3e89de065b9d1e,"SPPF[512->512,p=656128]@8x512x20x20","{""kind"": ""tensor"", ""shape"": [8, 512, 20, 20], ""dtype"": ""float32""}","[{""shape"": [8, 512, 20, 20], ""dtype"": ""float32""}]",656128,8.4.148,2026-09-14T01:46:32+00:00
yolo26l,fp32,8,640,module,10,10,,C2PSA,-1,23c80bbfda7be1e7,"C2PSA[512->256,p=1451008]@8x512x20x20","{""kind"": ""tensor"", ""shape"": [8, 512, 20, 20], ""dtype"": ""float32""}","[{""shape"": [8, 512, 20, 20], ""dtype"": ""float32""}]",1451008,8.4.148,2026-09-14T01:46:32+00:00
yolo26l,fp32,8,640,module,11,11,,Upsample,-1,caaddfd44b6858be,"Upsample[x2.0,nearest]@8x512x20x20","{""kind"": ""tensor"", ""shape"": [8, 512, 20, 20], ""dtype"": ""float32""}","[{""shape"": [8, 512, 40, 40], ""dtype"": ""float32""}]",0,8.4.148,2026-09-14T01:46:32+00:00
yolo26l,fp32,8,640,module,12,12,,Concat,"[-1, 6]",6245c0054529cf32,Concat[d=1]@8x512x40x40+8x512x40x40,"{""kind"": ""list"", ""items"": [{""shape"": [8, 512, 40, 40], ""dtype"": ""float32""}, {""shape"": [8, 512, 40, 40], ""dtype"": ""float32""}]}","[{""shape"": [8, 1024, 40, 40], ""dtype"": ""float32""}]",0,8.4.148,2026-09-14T01:46:32+00:00
yolo26l,fp32,8,640,module,13,13,,C3k2,-1,f7160d2b0be19075,"C3k2[1024->128,p=2493440]@8x1024x40x40","{""kind"": ""tensor"", ""shape"": [8, 1024, 40, 40], ""dtype"": ""float32""}","[{""shape"": [8, 512, 40, 40], ""dtype"": ""float32""}]",2493440,8.4.148,2026-09-14T01:46:32+00:00
yolo26l,fp32,8,640,module,14,14,,Upsample,-1,89da20597acec760,"Upsample[x2.0,nearest]@8x512x40x40","{""kind"": ""tensor"", ""shape"": [8, 512, 40, 40], ""dtype"": ""float32""}","[{""shape"": [8, 512, 80, 80], ""dtype"": ""float32""}]",0,8.4.148,2026-09-14T01:46:32+00:00
yolo26l,fp32,8,640,module,15,15,,Concat,"[-1, 4]",d2e1cac532e7f50d,Concat[d=1]@8x512x80x80+8x512x80x80,"{""kind"": ""list"", ""items"": [{""shape"": [8, 512, 80, 80], ""dtype"": ""float32""}, {""shape"": [8, 512, 80, 80], ""dtype"": ""float32""}]}","[{""shape"": [8, 1024, 80, 80], ""dtype"": ""float32""}]",0,8.4.148,2026-09-14T01:46:32+00:00
yolo26l,fp32,8,640,module,16,16,,C3k2,-1,8043fec0e64cb658,"C3k2[1024->64,p=755200]@8x1024x80x80","{""kind"": ""tensor"", ""shape"": [8, 1024, 80, 80], ""dtype"": ""float32""}","[{""shape"": [8, 256, 80, 80], ""dtype"": ""float32""}]",755200,8.4.148,2026-09-14T01:46:32+00:00
yolo26l,fp32,8,640,module,17,17,,Conv,-1,634500bb0efebbd0,"Conv[256->256,k3,s2]@8x256x80x80","{""kind"": ""tensor"", ""shape"": [8, 256, 80, 80], ""dtype"": ""float32""}","[{""shape"": [8, 256, 40, 40], ""dtype"": ""float32""}]",590080,8.4.148,2026-09-14T01:46:32+00:00
yolo26l,fp32,8,640,module,18,18,,Concat,"[-1, 13]",83ca0a492b02a8b9,Concat[d=1]@8x256x40x40+8x512x40x40,"{""kind"": ""list"", ""items"": [{""shape"": [8, 256, 40, 40], ""dtype"": ""float32""}, {""shape"": [8, 512, 40, 40], ""dtype"": ""float32""}]}","[{""shape"": [8, 768, 40, 40], ""dtype"": ""float32""}]",0,8.4.148,2026-09-14T01:46:32+00:00
yolo26l,fp32,8,640,module,19,19,,C3k2,-1,3d9a42a4fe18b107,"C3k2[768->128,p=2362368]@8x768x40x40","{""kind"": ""tensor"", ""shape"": [8, 768, 40, 40], ""dtype"": ""float32""}","[{""shape"": [8, 512, 40, 40], ""dtype"": ""float32""}]",2362368,8.4.148,2026-09-14T01:46:32+00:00
yolo26l,fp32,8,640,module,20,20,,Conv,-1,51c5320ffd1d0cd3,"Conv[512->512,k3,s2]@8x512x40x40","{""kind"": ""tensor"", ""shape"": [8, 512, 40, 40], ""dtype"": ""float32""}","[{""shape"": [8, 512, 20, 20], ""dtype"": ""float32""}]",2359808,8.4.148,2026-09-14T01:46:32+00:00
yolo26l,fp32,8,640,module,21,21,,Concat,"[-1, 10]",55469bff886f0757,Concat[d=1]@8x512x20x20+8x512x20x20,"{""kind"": ""list"", ""items"": [{""shape"": [8, 512, 20, 20], ""dtype"": ""float32""}, {""shape"": [8, 512, 20, 20], ""dtype"": ""float32""}]}","[{""shape"": [8, 1024, 20, 20], ""dtype"": ""float32""}]",0,8.4.148,2026-09-14T01:46:32+00:00
yolo26l,fp32,8,640,module,22,22,,C3k2,-1,1a1d350b34b9993e,"C3k2[1024->256,p=1971584]@8x1024x20x20","{""kind"": ""tensor"", ""shape"": [8, 1024, 20, 20], ""dtype"": ""float32""}","[{""shape"": [8, 512, 20, 20], ""dtype"": ""float32""}]",1971584,8.4.148,2026-09-14T01:46:32+00:00
yolo26l,fp32,8,640,module,23,23,,Detect,"[16, 19, 22]",3c3af01ca27760d5,"Detect[nc=80,e2e]@8x256x80x80+8x512x40x40+8x512x20x20","{""kind"": ""list"", ""items"": [{""shape"": [8, 256, 80, 80], ""dtype"": ""float32""}, {""shape"": [8, 512, 40, 40], ""dtype"": ""float32""}, {""shape"": [8, 512, 20, 20], ""dtype"": ""float32""}]}","[{""shape"": [8, 300, 6], ""dtype"": ""float32""}, {""shape"": [8, 4, 8400], ""dtype"": ""float32""}, {""shape"": [8, 80, 8400], ""dtype"": ""float32""}, {""shape"": [8, 256, 80, 80], ""dtype"": ""float32""}, {""shape"": [8, 512, 40, 40], ""dtype"": ""float32""}, {""shape"": [8, 512, 20, 20], ""dtype"": ""float32""}]",1457020,8.4.148,2026-09-14T01:46:32+00:00
yolo26x,fp32,8,640,module,0,0,,Conv,-1,d8e22a8f1f26a72b,"Conv[3->96,k3,s2]@8x3x640x640","{""kind"": ""tensor"", ""shape"": [8, 3, 640, 640], ""dtype"": ""float32""}","[{""shape"": [8, 96, 320, 320], ""dtype"": ""float32""}]",2688,8.4.148,2026-09-14T01:51:46+00:00
yolo26x,fp32,8,640,module,1,1,,Conv,-1,a1a3a635bc10136d,"Conv[96->192,k3,s2]@8x96x320x320","{""kind"": ""tensor"", ""shape"": [8, 96, 320, 320], ""dtype"": ""float32""}","[{""shape"": [8, 192, 160, 160], ""dtype"": ""float32""}]",166080,8.4.148,2026-09-14T01:51:46+00:00
yolo26x,fp32,8,640,module,2,2,,C3k2,-1,e9d8d4df94c3f76a,"C3k2[192->48,p=388416]@8x192x160x160","{""kind"": ""tensor"", ""shape"": [8, 192, 160, 160], ""dtype"": ""float32""}","[{""shape"": [8, 384, 160, 160], ""dtype"": ""float32""}]",388416,8.4.148,2026-09-14T01:51:46+00:00
yolo26x,fp32,8,640,module,3,3,,Conv,-1,875f26d0ac4825ea,"Conv[384->384,k3,s2]@8x384x160x160","{""kind"": ""tensor"", ""shape"": [8, 384, 160, 160], ""dtype"": ""float32""}","[{""shape"": [8, 384, 80, 80], ""dtype"": ""float32""}]",1327488,8.4.148,2026-09-14T01:51:46+00:00
yolo26x,fp32,8,640,module,4,4,,C3k2,-1,87dd9761b6c28b70,"C3k2[384->96,p=1550976]@8x384x80x80","{""kind"": ""tensor"", ""shape"": [8, 384, 80, 80], ""dtype"": ""float32""}","[{""shape"": [8, 768, 80, 80], ""dtype"": ""float32""}]",1550976,8.4.148,2026-09-14T01:51:46+00:00
yolo26x,fp32,8,640,module,5,5,,Conv,-1,5b43d6f33e1b7d66,"Conv[768->768,k3,s2]@8x768x80x80","{""kind"": ""tensor"", ""shape"": [8, 768, 80, 80], ""dtype"": ""float32""}","[{""shape"": [8, 768, 40, 40], ""dtype"": ""float32""}]",5309184,8.4.148,2026-09-14T01:51:46+00:00
yolo26x,fp32,8,640,module,6,6,,C3k2,-1,4580961b87d7c088,"C3k2[768->192,p=5018112]@8x768x40x40","{""kind"": ""tensor"", ""shape"": [8, 768, 40, 40], ""dtype"": ""float32""}","[{""shape"": [8, 768, 40, 40], ""dtype"": ""float32""}]",5018112,8.4.148,2026-09-14T01:51:46+00:00
yolo26x,fp32,8,640,module,7,7,,Conv,-1,7d8eae6ea0331061,"Conv[768->768,k3,s2]@8x768x40x40","{""kind"": ""tensor"", ""shape"": [8, 768, 40, 40], ""dtype"": ""float32""}","[{""shape"": [8, 768, 20, 20], ""dtype"": ""float32""}]",5309184,8.4.148,2026-09-14T01:51:46+00:00
yolo26x,fp32,8,640,module,8,8,,C3k2,-1,df95275130403c4e,"C3k2[768->192,p=5018112]@8x768x20x20","{""kind"": ""tensor"", ""shape"": [8, 768, 20, 20], ""dtype"": ""float32""}","[{""shape"": [8, 768, 20, 20], ""dtype"": ""float32""}]",5018112,8.4.148,2026-09-14T01:51:46+00:00
yolo26x,fp32,8,640,module,9,9,,SPPF,-1,ea3c854d5c231524,"SPPF[768->768,p=1475712]@8x768x20x20","{""kind"": ""tensor"", ""shape"": [8, 768, 20, 20], ""dtype"": ""float32""}","[{""shape"": [8, 768, 20, 20], ""dtype"": ""float32""}]",1475712,8.4.148,2026-09-14T01:51:46+00:00
yolo26x,fp32,8,640,module,10,10,,C2PSA,-1,0777f99261a6db68,"C2PSA[768->384,p=3257856]@8x768x20x20","{""kind"": ""tensor"", ""shape"": [8, 768, 20, 20], ""dtype"": ""float32""}","[{""shape"": [8, 768, 20, 20], ""dtype"": ""float32""}]",3257856,8.4.148,2026-09-14T01:51:46+00:00
yolo26x,fp32,8,640,module,11,11,,Upsample,-1,2f0a0ba3dc7ccddf,"Upsample[x2.0,nearest]@8x768x20x20","{""kind"": ""tensor"", ""shape"": [8, 768, 20, 20], ""dtype"": ""float32""}","[{""shape"": [8, 768, 40, 40], ""dtype"": ""float32""}]",0,8.4.148,2026-09-14T01:51:46+00:00
yolo26x,fp32,8,640,module,12,12,,Concat,"[-1, 6]",644ec4fa9312a521,Concat[d=1]@8x768x40x40+8x768x40x40,"{""kind"": ""list"", ""items"": [{""shape"": [8, 768, 40, 40], ""dtype"": ""float32""}, {""shape"": [8, 768, 40, 40], ""dtype"": ""float32""}]}","[{""shape"": [8, 1536, 40, 40], ""dtype"": ""float32""}]",0,8.4.148,2026-09-14T01:51:46+00:00
yolo26x,fp32,8,640,module,13,13,,C3k2,-1,e0297ca459525bed,"C3k2[1536->192,p=5607936]@8x1536x40x40","{""kind"": ""tensor"", ""shape"": [8, 1536, 40, 40], ""dtype"": ""float32""}","[{""shape"": [8, 768, 40, 40], ""dtype"": ""float32""}]",5607936,8.4.148,2026-09-14T01:51:46+00:00
yolo26x,fp32,8,640,module,14,14,,Upsample,-1,79e3604cc810f9bd,"Upsample[x2.0,nearest]@8x768x40x40","{""kind"": ""tensor"", ""shape"": [8, 768, 40, 40], ""dtype"": ""float32""}","[{""shape"": [8, 768, 80, 80], ""dtype"": ""float32""}]",0,8.4.148,2026-09-14T01:51:46+00:00
yolo26x,fp32,8,640,module,15,15,,Concat,"[-1, 4]",7291a4d75ba845c1,Concat[d=1]@8x768x80x80+8x768x80x80,"{""kind"": ""list"", ""items"": [{""shape"": [8, 768, 80, 80], ""dtype"": ""float32""}, {""shape"": [8, 768, 80, 80], ""dtype"": ""float32""}]}","[{""shape"": [8, 1536, 80, 80], ""dtype"": ""float32""}]",0,8.4.148,2026-09-14T01:51:46+00:00
yolo26x,fp32,8,640,module,16,16,,C3k2,-1,b00987c606cf2c43,"C3k2[1536->96,p=1698048]@8x1536x80x80","{""kind"": ""tensor"", ""shape"": [8, 1536, 80, 80], ""dtype"": ""float32""}","[{""shape"": [8, 384, 80, 80], ""dtype"": ""float32""}]",1698048,8.4.148,2026-09-14T01:51:46+00:00
yolo26x,fp32,8,640,module,17,17,,Conv,-1,21e8eefcf06ce9f7,"Conv[384->384,k3,s2]@8x384x80x80","{""kind"": ""tensor"", ""shape"": [8, 384, 80, 80], ""dtype"": ""float32""}","[{""shape"": [8, 384, 40, 40], ""dtype"": ""float32""}]",1327488,8.4.148,2026-09-14T01:51:46+00:00
yolo26x,fp32,8,640,module,18,18,,Concat,"[-1, 13]",6ac5193ce082c13a,Concat[d=1]@8x384x40x40+8x768x40x40,"{""kind"": ""list"", ""items"": [{""shape"": [8, 384, 40, 40], ""dtype"": ""float32""}, {""shape"": [8, 768, 40, 40], ""dtype"": ""float32""}]}","[{""shape"": [8, 1152, 40, 40], ""dtype"": ""float32""}]",0,8.4.148,2026-09-14T01:51:46+00:00
yolo26x,fp32,8,640,module,19,19,,C3k2,-1,fbf3ec9fc6c62606,"C3k2[1152->192,p=5313024]@8x1152x40x40","{""kind"": ""tensor"", ""shape"": [8, 1152, 40, 40], ""dtype"": ""float32""}","[{""shape"": [8, 768, 40, 40], ""dtype"": ""float32""}]",5313024,8.4.148,2026-09-14T01:51:46+00:00
yolo26x,fp32,8,640,module,20,20,,Conv,-1,7d8eae6ea0331061,"Conv[768->768,k3,s2]@8x768x40x40","{""kind"": ""tensor"", ""shape"": [8, 768, 40, 40], ""dtype"": ""float32""}","[{""shape"": [8, 768, 20, 20], ""dtype"": ""float32""}]",5309184,8.4.148,2026-09-14T01:51:46+00:00
yolo26x,fp32,8,640,module,21,21,,Concat,"[-1, 10]",501c827f2750d7a5,Concat[d=1]@8x768x20x20+8x768x20x20,"{""kind"": ""list"", ""items"": [{""shape"": [8, 768, 20, 20], ""dtype"": ""float32""}, {""shape"": [8, 768, 20, 20], ""dtype"": ""float32""}]}","[{""shape"": [8, 1536, 20, 20], ""dtype"": ""float32""}]",0,8.4.148,2026-09-14T01:51:46+00:00
yolo26x,fp32,8,640,module,22,22,,C3k2,-1,7193cb641fb812c6,"C3k2[1536->384,p=4431936]@8x1536x20x20","{""kind"": ""tensor"", ""shape"": [8, 1536, 20, 20], ""dtype"": ""float32""}","[{""shape"": [8, 768, 20, 20], ""dtype"": ""float32""}]",4431936,8.4.148,2026-09-14T01:51:46+00:00
yolo26x,fp32,8,640,module,23,23,,Detect,"[16, 19, 22]",f58a477c3a27431e,"Detect[nc=80,e2e]@8x384x80x80+8x768x40x40+8x768x20x20","{""kind"": ""list"", ""items"": [{""shape"": [8, 384, 80, 80], ""dtype"": ""float32""}, {""shape"": [8, 768, 40, 40], ""dtype"": ""float32""}, {""shape"": [8, 768, 20, 20], ""dtype"": ""float32""}]}","[{""shape"": [8, 300, 6], ""dtype"": ""float32""}, {""shape"": [8, 4, 8400], ""dtype"": ""float32""}, {""shape"": [8, 80, 8400], ""dtype"": ""float32""}, {""shape"": [8, 384, 80, 80], ""dtype"": ""float32""}, {""shape"": [8, 768, 40, 40], ""dtype"": ""float32""}, {""shape"": [8, 768, 20, 20], ""dtype"": ""float32""}]",3214524,8.4.148,2026-09-14T01:51:46+00:00
yolo26n,fp32,1,640,leaf,0,0,,Conv,0,1a2658234970b8d3,"Conv[3->16,k3,s2]@1x3x640x640","{""kind"": ""tensor"", ""shape"": [1, 3, 640, 640], ""dtype"": ""float32""}","[{""shape"": [1, 16, 320, 320], ""dtype"": ""float32""}]",448,8.4.148,2026-09-14T03:37:17+00:00
yolo26n,fp32,1,640,leaf,1,1,,Conv,1,83a9d30579dbb458,"Conv[16->32,k3,s2]@1x16x320x320","{""kind"": ""tensor"", ""shape"": [1, 16, 320, 320], ""dtype"": ""float32""}","[{""shape"": [1, 32, 160, 160], ""dtype"": ""float32""}]",4640,8.4.148,2026-09-14T03:37:17+00:00
yolo26n,fp32,1,640,leaf,2,2,cv1,Conv,2,9e24bd488005f64f,"Conv[32->32,k1,s1]@1x32x160x160","{""kind"": ""tensor"", ""shape"": [1, 32, 160, 160], ""dtype"": ""float32""}","[{""shape"": [1, 32, 160, 160], ""dtype"": ""float32""}]",1056,8.4.148,2026-09-14T03:37:17+00:00
yolo26n,fp32,1,640,leaf,3,2,op:chunk,op:chunk,2,1124075bc75b39b9,"op:chunk[2,1]@1x32x160x160","{""kind"": ""list"", ""items"": [{""shape"": [1, 32, 160, 160], ""dtype"": ""float32""}]}","[{""shape"": [1, 16, 160, 160], ""dtype"": ""float32""}, {""shape"": [1, 16, 160, 160], ""dtype"": ""float32""}]",0,8.4.148,2026-09-14T03:37:17+00:00
yolo26n,fp32,1,640,leaf,4,2,m.0.cv1,Conv,2,4e416f931b548397,"Conv[16->8,k3,s1]@1x16x160x160","{""kind"": ""tensor"", ""shape"": [1, 16, 160, 160], ""dtype"": ""float32""}","[{""shape"": [1, 8, 160, 160], ""dtype"": ""float32""}]",1160,8.4.148,2026-09-14T03:37:17+00:00
yolo26n,fp32,1,640,leaf,5,2,m.0.cv2,Conv,2,361f3c9ef79bd4d6,"Conv[8->16,k3,s1]@1x8x160x160","{""kind"": ""tensor"", ""shape"": [1, 8, 160, 160], ""dtype"": ""float32""}","[{""shape"": [1, 16, 160, 160], ""dtype"": ""float32""}]",1168,8.4.148,2026-09-14T03:37:17+00:00
yolo26n,fp32,1,640,leaf,6,2,op:add,op:add,2,f4f936b4f090938e,op:add[]@1x16x160x160+1x16x160x160,"{""kind"": ""list"", ""items"": [{""shape"": [1, 16, 160, 160], ""dtype"": ""float32""}, {""shape"": [1, 16, 160, 160], ""dtype"": ""float32""}]}","[{""shape"": [1, 16, 160, 160], ""dtype"": ""float32""}]",0,8.4.148,2026-09-14T03:37:17+00:00
yolo26n,fp32,1,640,leaf,7,2,op:cat,op:cat,2,ee647930db6c0760,op:cat[1]@1x16x160x160+1x16x160x160+1x16x160x160,"{""kind"": ""list"", ""items"": [{""shape"": [1, 16, 160, 160], ""dtype"": ""float32""}, {""shape"": [1, 16, 160, 160], ""dtype"": ""float32""}, {""shape"": [1, 16, 160, 160], ""dtype"": ""float32""}]}","[{""shape"": [1, 48, 160, 160], ""dtype"": ""float32""}]",0,8.4.148,2026-09-14T03:37:17+00:00
yolo26n,fp32,1,640,leaf,8,2,cv2,Conv,2,af29c9eb0f797471,"Conv[48->64,k1,s1]@1x48x160x160","{""kind"": ""tensor"", ""shape"": [1, 48, 160, 160], ""dtype"": ""float32""}","[{""shape"": [1, 64, 160, 160], ""dtype"": ""float32""}]",3136,8.4.148,2026-09-14T03:37:17+00:00
yolo26n,fp32,1,640,leaf,9,3,,Conv,3,8d2936e6409a1ec3,"Conv[64->64,k3,s2]@1x64x160x160","{""kind"": ""tensor"", ""shape"": [1, 64, 160, 160], ""dtype"": ""float32""}","[{""shape"": [1, 64, 80, 80], ""dtype"": ""float32""}]",36928,8.4.148,2026-09-14T03:37:17+00:00
yolo26n,fp32,1,640,leaf,10,4,cv1,Conv,4,aee5afff7f63a13b,"Conv[64->64,k1,s1]@1x64x80x80","{""kind"": ""tensor"", ""shape"": [1, 64, 80, 80], ""dtype"": ""float32""}","[{""shape"": [1, 64, 80, 80], ""dtype"": ""float32""}]",4160,8.4.148,2026-09-14T03:37:17+00:00
yolo26n,fp32,1,640,leaf,11,4,op:chunk,op:chunk,4,11d3b25859ad0ee1,"op:chunk[2,1]@1x64x80x80","{""kind"": ""list"", ""items"": [{""shape"": [1, 64, 80, 80], ""dtype"": ""float32""}]}","[{""shape"": [1, 32, 80, 80], ""dtype"": ""float32""}, {""shape"": [1, 32, 80, 80], ""dtype"": ""float32""}]",0,8.4.148,2026-09-14T03:37:17+00:00
yolo26n,fp32,1,640,leaf,12,4,m.0.cv1,Conv,4,ba1a96ddc32d5fa5,"Conv[32->16,k3,s1]@1x32x80x80","{""kind"": ""tensor"", ""shape"": [1, 32, 80, 80], ""dtype"": ""float32""}","[{""shape"": [1, 16, 80, 80], ""dtype"": ""float32""}]",4624,8.4.148,2026-09-14T03:37:17+00:00
yolo26n,fp32,1,640,leaf,13,4,m.0.cv2,Conv,4,e7d8777b8a31bc7f,"Conv[16->32,k3,s1]@1x16x80x80","{""kind"": ""tensor"", ""shape"": [1, 16, 80, 80], ""dtype"": ""float32""}","[{""shape"": [1, 32, 80, 80], ""dtype"": ""float32""}]",4640,8.4.148,2026-09-14T03:37:17+00:00
yolo26n,fp32,1,640,leaf,14,4,op:add,op:add,4,1ae61c3fc0e3b8fe,op:add[]@1x32x80x80+1x32x80x80,"{""kind"": ""list"", ""items"": [{""shape"": [1, 32, 80, 80], ""dtype"": ""float32""}, {""shape"": [1, 32, 80, 80], ""dtype"": ""float32""}]}","[{""shape"": [1, 32, 80, 80], ""dtype"": ""float32""}]",0,8.4.148,2026-09-14T03:37:17+00:00
yolo26n,fp32,1,640,leaf,15,4,op:cat,op:cat,4,369944de179e955c,op:cat[1]@1x32x80x80+1x32x80x80+1x32x80x80,"{""kind"": ""list"", ""items"": [{""shape"": [1, 32, 80, 80], ""dtype"": ""float32""}, {""shape"": [1, 32, 80, 80], ""dtype"": ""float32""}, {""shape"": [1, 32, 80, 80], ""dtype"": ""float32""}]}","[{""shape"": [1, 96, 80, 80], ""dtype"": ""float32""}]",0,8.4.148,2026-09-14T03:37:17+00:00
yolo26n,fp32,1,640,leaf,16,4,cv2,Conv,4,525eca210e9e11cd,"Conv[96->128,k1,s1]@1x96x80x80","{""kind"": ""tensor"", ""shape"": [1, 96, 80, 80], ""dtype"": ""float32""}","[{""shape"": [1, 128, 80, 80], ""dtype"": ""float32""}]",12416,8.4.148,2026-09-14T03:37:17+00:00
yolo26n,fp32,1,640,leaf,17,5,,Conv,5,0f7d240e4bd8b441,"Conv[128->128,k3,s2]@1x128x80x80","{""kind"": ""tensor"", ""shape"": [1, 128, 80, 80], ""dtype"": ""float32""}","[{""shape"": [1, 128, 40, 40], ""dtype"": ""float32""}]",147584,8.4.148,2026-09-14T03:37:17+00:00
yolo26n,fp32,1,640,leaf,18,6,cv1,Conv,6,1e47e2f3f4f773f4,"Conv[128->128,k1,s1]@1x128x40x40","{""kind"": ""tensor"", ""shape"": [1, 128, 40, 40], ""dtype"": ""float32""}","[{""shape"": [1, 128, 40, 40], ""dtype"": ""float32""}]",16512,8.4.148,2026-09-14T03:37:17+00:00
yolo26n,fp32,1,640,leaf,19,6,op:chunk,op:chunk,6,4022d51d7b8c891d,"op:chunk[2,1]@1x128x40x40","{""kind"": ""list"", ""items"": [{""shape"": [1, 128, 40, 40], ""dtype"": ""float32""}]}","[{""shape"": [1, 64, 40, 40], ""dtype"": ""float32""}, {""shape"": [1, 64, 40, 40], ""dtype"": ""float32""}]",0,8.4.148,2026-09-14T03:37:17+00:00
yolo26n,fp32,1,640,leaf,20,6,m.0.cv1,Conv,6,bd29b2a64f84413f,"Conv[64->32,k1,s1]@1x64x40x40","{""kind"": ""tensor"", ""shape"": [1, 64, 40, 40], ""dtype"": ""float32""}","[{""shape"": [1, 32, 40, 40], ""dtype"": ""float32""}]",2080,8.4.148,2026-09-14T03:37:17+00:00
yolo26n,fp32,1,640,leaf,21,6,m.0.m.0.cv1,Conv,6,01c06ea79927d431,"Conv[32->32,k3,s1]@1x32x40x40","{""kind"": ""tensor"", ""shape"": [1, 32, 40, 40], ""dtype"": ""float32""}","[{""shape"": [1, 32, 40, 40], ""dtype"": ""float32""}]",9248,8.4.148,2026-09-14T03:37:17+00:00
yolo26n,fp32,1,640,leaf,22,6,m.0.m.0.cv2,Conv,6,01c06ea79927d431,"Conv[32->32,k3,s1]@1x32x40x40","{""kind"": ""tensor"", ""shape"": [1, 32, 40, 40], ""dtype"": ""float32""}","[{""shape"": [1, 32, 40, 40], ""dtype"": ""float32""}]",9248,8.4.148,2026-09-14T03:37:17+00:00
yolo26n,fp32,1,640,leaf,23,6,op:add,op:add,6,4056b52dc706d47d,op:add[]@1x32x40x40+1x32x40x40,"{""kind"": ""list"", ""items"": [{""shape"": [1, 32, 40, 40], ""dtype"": ""float32""}, {""shape"": [1, 32, 40, 40], ""dtype"": ""float32""}]}","[{""shape"": [1, 32, 40, 40], ""dtype"": ""float32""}]",0,8.4.148,2026-09-14T03:37:17+00:00
yolo26n,fp32,1,640,leaf,24,6,m.0.m.1.cv1,Conv,6,01c06ea79927d431,"Conv[32->32,k3,s1]@1x32x40x40","{""kind"": ""tensor"", ""shape"": [1, 32, 40, 40], ""dtype"": ""float32""}","[{""shape"": [1, 32, 40, 40], ""dtype"": ""float32""}]",9248,8.4.148,2026-09-14T03:37:17+00:00
yolo26n,fp32,1,640,leaf,25,6,m.0.m.1.cv2,Conv,6,01c06ea79927d431,"Conv[32->32,k3,s1]@1x32x40x40","{""kind"": ""tensor"", ""shape"": [1, 32, 40, 40], ""dtype"": ""float32""}","[{""shape"": [1, 32, 40, 40], ""dtype"": ""float32""}]",9248,8.4.148,2026-09-14T03:37:17+00:00
yolo26n,fp32,1,640,leaf,26,6,op:add,op:add,6,4056b52dc706d47d,op:add[]@1x32x40x40+1x32x40x40,"{""kind"": ""list"", ""items"": [{""shape"": [1, 32, 40, 40], ""dtype"": ""float32""}, {""shape"": [1, 32, 40, 40], ""dtype"": ""float32""}]}","[{""shape"": [1, 32, 40, 40], ""dtype"": ""float32""}]",0,8.4.148,2026-09-14T03:37:17+00:00
yolo26n,fp32,1,640,leaf,27,6,m.0.cv2,Conv,6,bd29b2a64f84413f,"Conv[64->32,k1,s1]@1x64x40x40","{""kind"": ""tensor"", ""shape"": [1, 64, 40, 40], ""dtype"": ""float32""}","[{""shape"": [1, 32, 40, 40], ""dtype"": ""float32""}]",2080,8.4.148,2026-09-14T03:37:17+00:00
yolo26n,fp32,1,640,leaf,28,6,op:cat,op:cat,6,7cd5ab3bb08ead26,op:cat[1]@1x32x40x40+1x32x40x40,"{""kind"": ""list"", ""items"": [{""shape"": [1, 32, 40, 40], ""dtype"": ""float32""}, {""shape"": [1, 32, 40, 40], ""dtype"": ""float32""}]}","[{""shape"": [1, 64, 40, 40], ""dtype"": ""float32""}]",0,8.4.148,2026-09-14T03:37:17+00:00
yolo26n,fp32,1,640,leaf,29,6,m.0.cv3,Conv,6,343c9aeb5aa8f5dd,"Conv[64->64,k1,s1]@1x64x40x40","{""kind"": ""tensor"", ""shape"": [1, 64, 40, 40], ""dtype"": ""float32""}","[{""shape"": [1, 64, 40, 40], ""dtype"": ""float32""}]",4160,8.4.148,2026-09-14T03:37:17+00:00
yolo26n,fp32,1,640,leaf,30,6,op:cat,op:cat,6,94fbae4f210729f9,op:cat[1]@1x64x40x40+1x64x40x40+1x64x40x40,"{""kind"": ""list"", ""items"": [{""shape"": [1, 64, 40, 40], ""dtype"": ""float32""}, {""shape"": [1, 64, 40, 40], ""dtype"": ""float32""}, {""shape"": [1, 64, 40, 40], ""dtype"": ""float32""}]}","[{""shape"": [1, 192, 40, 40], ""dtype"": ""float32""}]",0,8.4.148,2026-09-14T03:37:17+00:00
yolo26n,fp32,1,640,leaf,31,6,cv2,Conv,6,e2557d6faa342b7c,"Conv[192->128,k1,s1]@1x192x40x40","{""kind"": ""tensor"", ""shape"": [1, 192, 40, 40], ""dtype"": ""float32""}","[{""shape"": [1, 128, 40, 40], ""dtype"": ""float32""}]",24704,8.4.148,2026-09-14T03:37:17+00:00
yolo26n,fp32,1,640,leaf,32,7,,Conv,7,8c8483e2fb489460,"Conv[128->256,k3,s2]@1x128x40x40","{""kind"": ""tensor"", ""shape"": [1, 128, 40, 40], ""dtype"": ""float32""}","[{""shape"": [1, 256, 20, 20], ""dtype"": ""float32""}]",295168,8.4.148,2026-09-14T03:37:17+00:00
yolo26n,fp32,1,640,leaf,33,8,cv1,Conv,8,73cbfd59c6c24dfa,"Conv[256->256,k1,s1]@1x256x20x20","{""kind"": ""tensor"", ""shape"": [1, 256, 20, 20], ""dtype"": ""float32""}","[{""shape"": [1, 256, 20, 20], ""dtype"": ""float32""}]",65792,8.4.148,2026-09-14T03:37:17+00:00
yolo26n,fp32,1,640,leaf,34,8,op:chunk,op:chunk,8,dfb92eed26b36b50,"op:chunk[2,1]@1x256x20x20","{""kind"": ""list"", ""items"": [{""shape"": [1, 256, 20, 20], ""dtype"": ""float32""}]}","[{""shape"": [1, 128, 20, 20], ""dtype"": ""float32""}, {""shape"": [1, 128, 20, 20], ""dtype"": ""float32""}]",0,8.4.148,2026-09-14T03:37:17+00:00
yolo26n,fp32,1,640,leaf,35,8,m.0.cv1,Conv,8,91e516475f8cd6a6,"Conv[128->64,k1,s1]@1x128x20x20","{""kind"": ""tensor"", ""shape"": [1, 128, 20, 20], ""dtype"": ""float32""}","[{""shape"": [1, 64, 20, 20], ""dtype"": ""float32""}]",8256,8.4.148,2026-09-14T03:37:17+00:00
yolo26n,fp32,1,640,leaf,36,8,m.0.m.0.cv1,Conv,8,40ea6f039f44eb87,"Conv[64->64,k3,s1]@1x64x20x20","{""kind"": ""tensor"", ""shape"": [1, 64, 20, 20], ""dtype"": ""float32""}","[{""shape"": [1, 64, 20, 20], ""dtype"": ""float32""}]",36928,8.4.148,2026-09-14T03:37:17+00:00
yolo26n,fp32,1,640,leaf,37,8,m.0.m.0.cv2,Conv,8,40ea6f039f44eb87,"Conv[64->64,k3,s1]@1x64x20x20","{""kind"": ""tensor"", ""shape"": [1, 64, 20, 20], ""dtype"": ""float32""}","[{""shape"": [1, 64, 20, 20], ""dtype"": ""float32""}]",36928,8.4.148,2026-09-14T03:37:17+00:00
yolo26n,fp32,1,640,leaf,38,8,op:add,op:add,8,53236dc425b31719,op:add[]@1x64x20x20+1x64x20x20,"{""kind"": ""list"", ""items"": [{""shape"": [1, 64, 20, 20], ""dtype"": ""float32""}, {""shape"": [1, 64, 20, 20], ""dtype"": ""float32""}]}","[{""shape"": [1, 64, 20, 20], ""dtype"": ""float32""}]",0,8.4.148,2026-09-14T03:37:17+00:00
yolo26n,fp32,1,640,leaf,39,8,m.0.m.1.cv1,Conv,8,40ea6f039f44eb87,"Conv[64->64,k3,s1]@1x64x20x20","{""kind"": ""tensor"", ""shape"": [1, 64, 20, 20], ""dtype"": ""float32""}","[{""shape"": [1, 64, 20, 20], ""dtype"": ""float32""}]",36928,8.4.148,2026-09-14T03:37:17+00:00
yolo26n,fp32,1,640,leaf,40,8,m.0.m.1.cv2,Conv,8,40ea6f039f44eb87,"Conv[64->64,k3,s1]@1x64x20x20","{""kind"": ""tensor"", ""shape"": [1, 64, 20, 20], ""dtype"": ""float32""}","[{""shape"": [1, 64, 20, 20], ""dtype"": ""float32""}]",36928,8.4.148,2026-09-14T03:37:17+00:00
yolo26n,fp32,1,640,leaf,41,8,op:add,op:add,8,53236dc425b31719,op:add[]@1x64x20x20+1x64x20x20,"{""kind"": ""list"", ""items"": [{""shape"": [1, 64, 20, 20], ""dtype"": ""float32""}, {""shape"": [1, 64, 20, 20], ""dtype"": ""float32""}]}","[{""shape"": [1, 64, 20, 20], ""dtype"": ""float32""}]",0,8.4.148,2026-09-14T03:37:17+00:00
yolo26n,fp32,1,640,leaf,42,8,m.0.cv2,Conv,8,91e516475f8cd6a6,"Conv[128->64,k1,s1]@1x128x20x20","{""kind"": ""tensor"", ""shape"": [1, 128, 20, 20], ""dtype"": ""float32""}","[{""shape"": [1, 64, 20, 20], ""dtype"": ""float32""}]",8256,8.4.148,2026-09-14T03:37:17+00:00
yolo26n,fp32,1,640,leaf,43,8,op:cat,op:cat,8,029bc9f572e2f991,op:cat[1]@1x64x20x20+1x64x20x20,"{""kind"": ""list"", ""items"": [{""shape"": [1, 64, 20, 20], ""dtype"": ""float32""}, {""shape"": [1, 64, 20, 20], ""dtype"": ""float32""}]}","[{""shape"": [1, 128, 20, 20], ""dtype"": ""float32""}]",0,8.4.148,2026-09-14T03:37:17+00:00
yolo26n,fp32,1,640,leaf,44,8,m.0.cv3,Conv,8,36e066b1c615f87a,"Conv[128->128,k1,s1]@1x128x20x20","{""kind"": ""tensor"", ""shape"": [1, 128, 20, 20], ""dtype"": ""float32""}","[{""shape"": [1, 128, 20, 20], ""dtype"": ""float32""}]",16512,8.4.148,2026-09-14T03:37:17+00:00
yolo26n,fp32,1,640,leaf,45,8,op:cat,op:cat,8,fbbc3543b0a2476b,op:cat[1]@1x128x20x20+1x128x20x20+1x128x20x20,"{""kind"": ""list"", ""items"": [{""shape"": [1, 128, 20, 20], ""dtype"": ""float32""}, {""shape"": [1, 128, 20, 20], ""dtype"": ""float32""}, {""shape"": [1, 128, 20, 20], ""dtype"": ""float32""}]}","[{""shape"": [1, 384, 20, 20], ""dtype"": ""float32""}]",0,8.4.148,2026-09-14T03:37:17+00:00
yolo26n,fp32,1,640,leaf,46,8,cv2,Conv,8,b28a91210469f737,"Conv[384->256,k1,s1]@1x384x20x20","{""kind"": ""tensor"", ""shape"": [1, 384, 20, 20], ""dtype"": ""float32""}","[{""shape"": [1, 256, 20, 20], ""dtype"": ""float32""}]",98560,8.4.148,2026-09-14T03:37:17+00:00
yolo26n,fp32,1,640,leaf,47,9,cv1,Conv,9,5888eb952ec6c5be,"Conv[256->128,k1,s1]@1x256x20x20","{""kind"": ""tensor"", ""shape"": [1, 256, 20, 20], ""dtype"": ""float32""}","[{""shape"": [1, 128, 20, 20], ""dtype"": ""float32""}]",32896,8.4.148,2026-09-14T03:37:17+00:00
yolo26n,fp32,1,640,leaf,48,9,m,MaxPool2d,9,c560254500ec5289,MaxPool2d[p=0]@1x128x20x20,"{""kind"": ""tensor"", ""shape"": [1, 128, 20, 20], ""dtype"": ""float32""}","[{""shape"": [1, 128, 20, 20], ""dtype"": ""float32""}]",0,8.4.148,2026-09-14T03:37:17+00:00
yolo26n,fp32,1,640,leaf,49,9,m,MaxPool2d,9,c560254500ec5289,MaxPool2d[p=0]@1x128x20x20,"{""kind"": ""tensor"", ""shape"": [1, 128, 20, 20], ""dtype"": ""float32""}","[{""shape"": [1, 128, 20, 20], ""dtype"": ""float32""}]",0,8.4.148,2026-09-14T03:37:17+00:00
yolo26n,fp32,1,640,leaf,50,9,m,MaxPool2d,9,c560254500ec5289,MaxPool2d[p=0]@1x128x20x20,"{""kind"": ""tensor"", ""shape"": [1, 128, 20, 20], ""dtype"": ""float32""}","[{""shape"": [1, 128, 20, 20], ""dtype"": ""float32""}]",0,8.4.148,2026-09-14T03:37:17+00:00
yolo26n,fp32,1,640,leaf,51,9,op:cat,op:cat,9,3c68e9a3528b1f31,op:cat[1]@1x128x20x20+1x128x20x20+1x128x20x20+1x128x20x20,"{""kind"": ""list"", ""items"": [{""shape"": [1, 128, 20, 20], ""dtype"": ""float32""}, {""shape"": [1, 128, 20, 20], ""dtype"": ""float32""}, {""shape"": [1, 128, 20, 20], ""dtype"": ""float32""}, {""shape"": [1, 128, 20, 20], ""dtype"": ""float32""}]}","[{""shape"": [1, 512, 20, 20], ""dtype"": ""float32""}]",0,8.4.148,2026-09-14T03:37:17+00:00
yolo26n,fp32,1,640,leaf,52,9,cv2,Conv,9,5836000bc19cc10b,"Conv[512->256,k1,s1]@1x512x20x20","{""kind"": ""tensor"", ""shape"": [1, 512, 20, 20], ""dtype"": ""float32""}","[{""shape"": [1, 256, 20, 20], ""dtype"": ""float32""}]",131328,8.4.148,2026-09-14T03:37:17+00:00
yolo26n,fp32,1,640,leaf,53,9,op:add,op:add,9,d10599b21e83f03c,op:add[]@1x256x20x20+1x256x20x20,"{""kind"": ""list"", ""items"": [{""shape"": [1, 256, 20, 20], ""dtype"": ""float32""}, {""shape"": [1, 256, 20, 20], ""dtype"": ""float32""}]}","[{""shape"": [1, 256, 20, 20], ""dtype"": ""float32""}]",0,8.4.148,2026-09-14T03:37:17+00:00
yolo26n,fp32,1,640,leaf,54,10,cv1,Conv,10,73cbfd59c6c24dfa,"Conv[256->256,k1,s1]@1x256x20x20","{""kind"": ""tensor"", ""shape"": [1, 256, 20, 20], ""dtype"": ""float32""}","[{""shape"": [1, 256, 20, 20], ""dtype"": ""float32""}]",65792,8.4.148,2026-09-14T03:37:17+00:00
yolo26n,fp32,1,640,leaf,55,10,op:split,op:split,10,9d6786c1065bc72b,"op:split[[128, 128],dim=1]@1x256x20x20","{""kind"": ""list"", ""items"": [{""shape"": [1, 256, 20, 20], ""dtype"": ""float32""}]}","[{""shape"": [1, 128, 20, 20], ""dtype"": ""float32""}, {""shape"": [1, 128, 20, 20], ""dtype"": ""float32""}]",0,8.4.148,2026-09-14T03:37:17+00:00
yolo26n,fp32,1,640,leaf,56,10,m.0.attn,Attention,10,b265be72a26f24f7,"Attention[128->128,p=50816]@1x128x20x20","{""kind"": ""tensor"", ""shape"": [1, 128, 20, 20], ""dtype"": ""float32""}","[{""shape"": [1, 128, 20, 20], ""dtype"": ""float32""}]",50816,8.4.148,2026-09-14T03:37:17+00:00
yolo26n,fp32,1,640,leaf,57,10,op:add,op:add,10,501e281da4c6ecce,op:add[]@1x128x20x20+1x128x20x20,"{""kind"": ""list"", ""items"": [{""shape"": [1, 128, 20, 20], ""dtype"": ""float32""}, {""shape"": [1, 128, 20, 20], ""dtype"": ""float32""}]}","[{""shape"": [1, 128, 20, 20], ""dtype"": ""float32""}]",0,8.4.148,2026-09-14T03:37:17+00:00
yolo26n,fp32,1,640,leaf,58,10,m.0.ffn.0,Conv,10,81bf5132b5f1bb75,"Conv[128->256,k1,s1]@1x128x20x20","{""kind"": ""tensor"", ""shape"": [1, 128, 20, 20], ""dtype"": ""float32""}","[{""shape"": [1, 256, 20, 20], ""dtype"": ""float32""}]",33024,8.4.148,2026-09-14T03:37:17+00:00
yolo26n,fp32,1,640,leaf,59,10,m.0.ffn.1,Conv,10,5888eb952ec6c5be,"Conv[256->128,k1,s1]@1x256x20x20","{""kind"": ""tensor"", ""shape"": [1, 256, 20, 20], ""dtype"": ""float32""}","[{""shape"": [1, 128, 20, 20], ""dtype"": ""float32""}]",32896,8.4.148,2026-09-14T03:37:17+00:00
yolo26n,fp32,1,640,leaf,60,10,op:add,op:add,10,501e281da4c6ecce,op:add[]@1x128x20x20+1x128x20x20,"{""kind"": ""list"", ""items"": [{""shape"": [1, 128, 20, 20], ""dtype"": ""float32""}, {""shape"": [1, 128, 20, 20], ""dtype"": ""float32""}]}","[{""shape"": [1, 128, 20, 20], ""dtype"": ""float32""}]",0,8.4.148,2026-09-14T03:37:17+00:00
yolo26n,fp32,1,640,leaf,61,10,op:cat,op:cat,10,4455eab86eb73a18,op:cat[1]@1x128x20x20+1x128x20x20,"{""kind"": ""list"", ""items"": [{""shape"": [1, 128, 20, 20], ""dtype"": ""float32""}, {""shape"": [1, 128, 20, 20], ""dtype"": ""float32""}]}","[{""shape"": [1, 256, 20, 20], ""dtype"": ""float32""}]",0,8.4.148,2026-09-14T03:37:17+00:00
yolo26n,fp32,1,640,leaf,62,10,cv2,Conv,10,73cbfd59c6c24dfa,"Conv[256->256,k1,s1]@1x256x20x20","{""kind"": ""tensor"", ""shape"": [1, 256, 20, 20], ""dtype"": ""float32""}","[{""shape"": [1, 256, 20, 20], ""dtype"": ""float32""}]",65792,8.4.148,2026-09-14T03:37:17+00:00
yolo26n,fp32,1,640,leaf,63,11,,Upsample,11,a189f149d76af255,"Upsample[x2.0,nearest]@1x256x20x20","{""kind"": ""tensor"", ""shape"": [1, 256, 20, 20], ""dtype"": ""float32""}","[{""shape"": [1, 256, 40, 40], ""dtype"": ""float32""}]",0,8.4.148,2026-09-14T03:37:17+00:00
yolo26n,fp32,1,640,leaf,64,12,,Concat,12,103cf9c61254beea,Concat[d=1]@1x256x40x40+1x128x40x40,"{""kind"": ""list"", ""items"": [{""shape"": [1, 256, 40, 40], ""dtype"": ""float32""}, {""shape"": [1, 128, 40, 40], ""dtype"": ""float32""}]}","[{""shape"": [1, 384, 40, 40], ""dtype"": ""float32""}]",0,8.4.148,2026-09-14T03:37:17+00:00
yolo26n,fp32,1,640,leaf,65,13,cv1,Conv,13,ba442894a9364995,"Conv[384->128,k1,s1]@1x384x40x40","{""kind"": ""tensor"", ""shape"": [1, 384, 40, 40], ""dtype"": ""float32""}","[{""shape"": [1, 128, 40, 40], ""dtype"": ""float32""}]",49280,8.4.148,2026-09-14T03:37:17+00:00
yolo26n,fp32,1,640,leaf,66,13,op:chunk,op:chunk,13,4022d51d7b8c891d,"op:chunk[2,1]@1x128x40x40","{""kind"": ""list"", ""items"": [{""shape"": [1, 128, 40, 40], ""dtype"": ""float32""}]}","[{""shape"": [1, 64, 40, 40], ""dtype"": ""float32""}, {""shape"": [1, 64, 40, 40], ""dtype"": ""float32""}]",0,8.4.148,2026-09-14T03:37:17+00:00
yolo26n,fp32,1,640,leaf,67,13,m.0.cv1,Conv,13,bd29b2a64f84413f,"Conv[64->32,k1,s1]@1x64x40x40","{""kind"": ""tensor"", ""shape"": [1, 64, 40, 40], ""dtype"": ""float32""}","[{""shape"": [1, 32, 40, 40], ""dtype"": ""float32""}]",2080,8.4.148,2026-09-14T03:37:17+00:00
yolo26n,fp32,1,640,leaf,68,13,m.0.m.0.cv1,Conv,13,01c06ea79927d431,"Conv[32->32,k3,s1]@1x32x40x40","{""kind"": ""tensor"", ""shape"": [1, 32, 40, 40], ""dtype"": ""float32""}","[{""shape"": [1, 32, 40, 40], ""dtype"": ""float32""}]",9248,8.4.148,2026-09-14T03:37:17+00:00
yolo26n,fp32,1,640,leaf,69,13,m.0.m.0.cv2,Conv,13,01c06ea79927d431,"Conv[32->32,k3,s1]@1x32x40x40","{""kind"": ""tensor"", ""shape"": [1, 32, 40, 40], ""dtype"": ""float32""}","[{""shape"": [1, 32, 40, 40], ""dtype"": ""float32""}]",9248,8.4.148,2026-09-14T03:37:17+00:00
yolo26n,fp32,1,640,leaf,70,13,op:add,op:add,13,4056b52dc706d47d,op:add[]@1x32x40x40+1x32x40x40,"{""kind"": ""list"", ""items"": [{""shape"": [1, 32, 40, 40], ""dtype"": ""float32""}, {""shape"": [1, 32, 40, 40], ""dtype"": ""float32""}]}","[{""shape"": [1, 32, 40, 40], ""dtype"": ""float32""}]",0,8.4.148,2026-09-14T03:37:17+00:00
yolo26n,fp32,1,640,leaf,71,13,m.0.m.1.cv1,Conv,13,01c06ea79927d431,"Conv[32->32,k3,s1]@1x32x40x40","{""kind"": ""tensor"", ""shape"": [1, 32, 40, 40], ""dtype"": ""float32""}","[{""shape"": [1, 32, 40, 40], ""dtype"": ""float32""}]",9248,8.4.148,2026-09-14T03:37:17+00:00
yolo26n,fp32,1,640,leaf,72,13,m.0.m.1.cv2,Conv,13,01c06ea79927d431,"Conv[32->32,k3,s1]@1x32x40x40","{""kind"": ""tensor"", ""shape"": [1, 32, 40, 40], ""dtype"": ""float32""}","[{""shape"": [1, 32, 40, 40], ""dtype"": ""float32""}]",9248,8.4.148,2026-09-14T03:37:17+00:00
yolo26n,fp32,1,640,leaf,73,13,op:add,op:add,13,4056b52dc706d47d,op:add[]@1x32x40x40+1x32x40x40,"{""kind"": ""list"", ""items"": [{""shape"": [1, 32, 40, 40], ""dtype"": ""float32""}, {""shape"": [1, 32, 40, 40], ""dtype"": ""float32""}]}","[{""shape"": [1, 32, 40, 40], ""dtype"": ""float32""}]",0,8.4.148,2026-09-14T03:37:17+00:00
yolo26n,fp32,1,640,leaf,74,13,m.0.cv2,Conv,13,bd29b2a64f84413f,"Conv[64->32,k1,s1]@1x64x40x40","{""kind"": ""tensor"", ""shape"": [1, 64, 40, 40], ""dtype"": ""float32""}","[{""shape"": [1, 32, 40, 40], ""dtype"": ""float32""}]",2080,8.4.148,2026-09-14T03:37:17+00:00
yolo26n,fp32,1,640,leaf,75,13,op:cat,op:cat,13,7cd5ab3bb08ead26,op:cat[1]@1x32x40x40+1x32x40x40,"{""kind"": ""list"", ""items"": [{""shape"": [1, 32, 40, 40], ""dtype"": ""float32""}, {""shape"": [1, 32, 40, 40], ""dtype"": ""float32""}]}","[{""shape"": [1, 64, 40, 40], ""dtype"": ""float32""}]",0,8.4.148,2026-09-14T03:37:17+00:00
yolo26n,fp32,1,640,leaf,76,13,m.0.cv3,Conv,13,343c9aeb5aa8f5dd,"Conv[64->64,k1,s1]@1x64x40x40","{""kind"": ""tensor"", ""shape"": [1, 64, 40, 40], ""dtype"": ""float32""}","[{""shape"": [1, 64, 40, 40], ""dtype"": ""float32""}]",4160,8.4.148,2026-09-14T03:37:17+00:00
yolo26n,fp32,1,640,leaf,77,13,op:cat,op:cat,13,94fbae4f210729f9,op:cat[1]@1x64x40x40+1x64x40x40+1x64x40x40,"{""kind"": ""list"", ""items"": [{""shape"": [1, 64, 40, 40], ""dtype"": ""float32""}, {""shape"": [1, 64, 40, 40], ""dtype"": ""float32""}, {""shape"": [1, 64, 40, 40], ""dtype"": ""float32""}]}","[{""shape"": [1, 192, 40, 40], ""dtype"": ""float32""}]",0,8.4.148,2026-09-14T03:37:17+00:00
yolo26n,fp32,1,640,leaf,78,13,cv2,Conv,13,e2557d6faa342b7c,"Conv[192->128,k1,s1]@1x192x40x40","{""kind"": ""tensor"", ""shape"": [1, 192, 40, 40], ""dtype"": ""float32""}","[{""shape"": [1, 128, 40, 40], ""dtype"": ""float32""}]",24704,8.4.148,2026-09-14T03:37:17+00:00
yolo26n,fp32,1,640,leaf,79,14,,Upsample,14,f666e0a07709c942,"Upsample[x2.0,nearest]@1x128x40x40","{""kind"": ""tensor"", ""shape"": [1, 128, 40, 40], ""dtype"": ""float32""}","[{""shape"": [1, 128, 80, 80], ""dtype"": ""float32""}]",0,8.4.148,2026-09-14T03:37:17+00:00
yolo26n,fp32,1,640,leaf,80,15,,Concat,15,648e0dc76efeeea9,Concat[d=1]@1x128x80x80+1x128x80x80,"{""kind"": ""list"", ""items"": [{""shape"": [1, 128, 80, 80], ""dtype"": ""float32""}, {""shape"": [1, 128, 80, 80], ""dtype"": ""float32""}]}","[{""shape"": [1, 256, 80, 80], ""dtype"": ""float32""}]",0,8.4.148,2026-09-14T03:37:17+00:00
yolo26n,fp32,1,640,leaf,81,16,cv1,Conv,16,910fe0cfb54ab5d1,"Conv[256->64,k1,s1]@1x256x80x80","{""kind"": ""tensor"", ""shape"": [1, 256, 80, 80], ""dtype"": ""float32""}","[{""shape"": [1, 64, 80, 80], ""dtype"": ""float32""}]",16448,8.4.148,2026-09-14T03:37:17+00:00
yolo26n,fp32,1,640,leaf,82,16,op:chunk,op:chunk,16,11d3b25859ad0ee1,"op:chunk[2,1]@1x64x80x80","{""kind"": ""list"", ""items"": [{""shape"": [1, 64, 80, 80], ""dtype"": ""float32""}]}","[{""shape"": [1, 32, 80, 80], ""dtype"": ""float32""}, {""shape"": [1, 32, 80, 80], ""dtype"": ""float32""}]",0,8.4.148,2026-09-14T03:37:17+00:00
yolo26n,fp32,1,640,leaf,83,16,m.0.cv1,Conv,16,15e8874883834149,"Conv[32->16,k1,s1]@1x32x80x80","{""kind"": ""tensor"", ""shape"": [1, 32, 80, 80], ""dtype"": ""float32""}","[{""shape"": [1, 16, 80, 80], ""dtype"": ""float32""}]",528,8.4.148,2026-09-14T03:37:17+00:00
yolo26n,fp32,1,640,leaf,84,16,m.0.m.0.cv1,Conv,16,7042132e3bcadc69,"Conv[16->16,k3,s1]@1x16x80x80","{""kind"": ""tensor"", ""shape"": [1, 16, 80, 80], ""dtype"": ""float32""}","[{""shape"": [1, 16, 80, 80], ""dtype"": ""float32""}]",2320,8.4.148,2026-09-14T03:37:17+00:00
yolo26n,fp32,1,640,leaf,85,16,m.0.m.0.cv2,Conv,16,7042132e3bcadc69,"Conv[16->16,k3,s1]@1x16x80x80","{""kind"": ""tensor"", ""shape"": [1, 16, 80, 80], ""dtype"": ""float32""}","[{""shape"": [1, 16, 80, 80], ""dtype"": ""float32""}]",2320,8.4.148,2026-09-14T03:37:17+00:00
yolo26n,fp32,1,640,leaf,86,16,op:add,op:add,16,0f39113ed840c325,op:add[]@1x16x80x80+1x16x80x80,"{""kind"": ""list"", ""items"": [{""shape"": [1, 16, 80, 80], ""dtype"": ""float32""}, {""shape"": [1, 16, 80, 80], ""dtype"": ""float32""}]}","[{""shape"": [1, 16, 80, 80], ""dtype"": ""float32""}]",0,8.4.148,2026-09-14T03:37:17+00:00
yolo26n,fp32,1,640,leaf,87,16,m.0.m.1.cv1,Conv,16,7042132e3bcadc69,"Conv[16->16,k3,s1]@1x16x80x80","{""kind"": ""tensor"", ""shape"": [1, 16, 80, 80], ""dtype"": ""float32""}","[{""shape"": [1, 16, 80, 80], ""dtype"": ""float32""}]",2320,8.4.148,2026-09-14T03:37:17+00:00
yolo26n,fp32,1,640,leaf,88,16,m.0.m.1.cv2,Conv,16,7042132e3bcadc69,"Conv[16->16,k3,s1]@1x16x80x80","{""kind"": ""tensor"", ""shape"": [1, 16, 80, 80], ""dtype"": ""float32""}","[{""shape"": [1, 16, 80, 80], ""dtype"": ""float32""}]",2320,8.4.148,2026-09-14T03:37:17+00:00
yolo26n,fp32,1,640,leaf,89,16,op:add,op:add,16,0f39113ed840c325,op:add[]@1x16x80x80+1x16x80x80,"{""kind"": ""list"", ""items"": [{""shape"": [1, 16, 80, 80], ""dtype"": ""float32""}, {""shape"": [1, 16, 80, 80], ""dtype"": ""float32""}]}","[{""shape"": [1, 16, 80, 80], ""dtype"": ""float32""}]",0,8.4.148,2026-09-14T03:37:17+00:00
yolo26n,fp32,1,640,leaf,90,16,m.0.cv2,Conv,16,15e8874883834149,"Conv[32->16,k1,s1]@1x32x80x80","{""kind"": ""tensor"", ""shape"": [1, 32, 80, 80], ""dtype"": ""float32""}","[{""shape"": [1, 16, 80, 80], ""dtype"": ""float32""}]",528,8.4.148,2026-09-14T03:37:17+00:00
yolo26n,fp32,1,640,leaf,91,16,op:cat,op:cat,16,73b813cdb14150f3,op:cat[1]@1x16x80x80+1x16x80x80,"{""kind"": ""list"", ""items"": [{""shape"": [1, 16, 80, 80], ""dtype"": ""float32""}, {""shape"": [1, 16, 80, 80], ""dtype"": ""float32""}]}","[{""shape"": [1, 32, 80, 80], ""dtype"": ""float32""}]",0,8.4.148,2026-09-14T03:37:17+00:00
yolo26n,fp32,1,640,leaf,92,16,m.0.cv3,Conv,16,a6c515c9b0ef8008,"Conv[32->32,k1,s1]@1x32x80x80","{""kind"": ""tensor"", ""shape"": [1, 32, 80, 80], ""dtype"": ""float32""}","[{""shape"": [1, 32, 80, 80], ""dtype"": ""float32""}]",1056,8.4.148,2026-09-14T03:37:17+00:00
yolo26n,fp32,1,640,leaf,93,16,op:cat,op:cat,16,369944de179e955c,op:cat[1]@1x32x80x80+1x32x80x80+1x32x80x80,"{""kind"": ""list"", ""items"": [{""shape"": [1, 32, 80, 80], ""dtype"": ""float32""}, {""shape"": [1, 32, 80, 80], ""dtype"": ""float32""}, {""shape"": [1, 32, 80, 80], ""dtype"": ""float32""}]}","[{""shape"": [1, 96, 80, 80], ""dtype"": ""float32""}]",0,8.4.148,2026-09-14T03:37:17+00:00
yolo26n,fp32,1,640,leaf,94,16,cv2,Conv,16,136d267f587ecfa6,"Conv[96->64,k1,s1]@1x96x80x80","{""kind"": ""tensor"", ""shape"": [1, 96, 80, 80], ""dtype"": ""float32""}","[{""shape"": [1, 64, 80, 80], ""dtype"": ""float32""}]",6208,8.4.148,2026-09-14T03:37:17+00:00
yolo26n,fp32,1,640,leaf,95,17,,Conv,17,ac064414c0d3e45f,"Conv[64->64,k3,s2]@1x64x80x80","{""kind"": ""tensor"", ""shape"": [1, 64, 80, 80], ""dtype"": ""float32""}","[{""shape"": [1, 64, 40, 40], ""dtype"": ""float32""}]",36928,8.4.148,2026-09-14T03:37:17+00:00
yolo26n,fp32,1,640,leaf,96,18,,Concat,18,ed712066ec1e01bd,Concat[d=1]@1x64x40x40+1x128x40x40,"{""kind"": ""list"", ""items"": [{""shape"": [1, 64, 40, 40], ""dtype"": ""float32""}, {""shape"": [1, 128, 40, 40], ""dtype"": ""float32""}]}","[{""shape"": [1, 192, 40, 40], ""dtype"": ""float32""}]",0,8.4.148,2026-09-14T03:37:17+00:00
yolo26n,fp32,1,640,leaf,97,19,cv1,Conv,19,e2557d6faa342b7c,"Conv[192->128,k1,s1]@1x192x40x40","{""kind"": ""tensor"", ""shape"": [1, 192, 40, 40], ""dtype"": ""float32""}","[{""shape"": [1, 128, 40, 40], ""dtype"": ""float32""}]",24704,8.4.148,2026-09-14T03:37:17+00:00
yolo26n,fp32,1,640,leaf,98,19,op:chunk,op:chunk,19,4022d51d7b8c891d,"op:chunk[2,1]@1x128x40x40","{""kind"": ""list"", ""items"": [{""shape"": [1, 128, 40, 40], ""dtype"": ""float32""}]}","[{""shape"": [1, 64, 40, 40], ""dtype"": ""float32""}, {""shape"": [1, 64, 40, 40], ""dtype"": ""float32""}]",0,8.4.148,2026-09-14T03:37:17+00:00
yolo26n,fp32,1,640,leaf,99,19,m.0.cv1,Conv,19,bd29b2a64f84413f,"Conv[64->32,k1,s1]@1x64x40x40","{""kind"": ""tensor"", ""shape"": [1, 64, 40, 40], ""dtype"": ""float32""}","[{""shape"": [1, 32, 40, 40], ""dtype"": ""float32""}]",2080,8.4.148,2026-09-14T03:37:17+00:00
yolo26n,fp32,1,640,leaf,100,19,m.0.m.0.cv1,Conv,19,01c06ea79927d431,"Conv[32->32,k3,s1]@1x32x40x40","{""kind"": ""tensor"", ""shape"": [1, 32, 40, 40], ""dtype"": ""float32""}","[{""shape"": [1, 32, 40, 40], ""dtype"": ""float32""}]",9248,8.4.148,2026-09-14T03:37:17+00:00
yolo26n,fp32,1,640,leaf,101,19,m.0.m.0.cv2,Conv,19,01c06ea79927d431,"Conv[32->32,k3,s1]@1x32x40x40","{""kind"": ""tensor"", ""shape"": [1, 32, 40, 40], ""dtype"": ""float32""}","[{""shape"": [1, 32, 40, 40], ""dtype"": ""float32""}]",9248,8.4.148,2026-09-14T03:37:17+00:00
yolo26n,fp32,1,640,leaf,102,19,op:add,op:add,19,4056b52dc706d47d,op:add[]@1x32x40x40+1x32x40x40,"{""kind"": ""list"", ""items"": [{""shape"": [1, 32, 40, 40], ""dtype"": ""float32""}, {""shape"": [1, 32, 40, 40], ""dtype"": ""float32""}]}","[{""shape"": [1, 32, 40, 40], ""dtype"": ""float32""}]",0,8.4.148,2026-09-14T03:37:17+00:00
yolo26n,fp32,1,640,leaf,103,19,m.0.m.1.cv1,Conv,19,01c06ea79927d431,"Conv[32->32,k3,s1]@1x32x40x40","{""kind"": ""tensor"", ""shape"": [1, 32, 40, 40], ""dtype"": ""float32""}","[{""shape"": [1, 32, 40, 40], ""dtype"": ""float32""}]",9248,8.4.148,2026-09-14T03:37:17+00:00
yolo26n,fp32,1,640,leaf,104,19,m.0.m.1.cv2,Conv,19,01c06ea79927d431,"Conv[32->32,k3,s1]@1x32x40x40","{""kind"": ""tensor"", ""shape"": [1, 32, 40, 40], ""dtype"": ""float32""}","[{""shape"": [1, 32, 40, 40], ""dtype"": ""float32""}]",9248,8.4.148,2026-09-14T03:37:17+00:00
yolo26n,fp32,1,640,leaf,105,19,op:add,op:add,19,4056b52dc706d47d,op:add[]@1x32x40x40+1x32x40x40,"{""kind"": ""list"", ""items"": [{""shape"": [1, 32, 40, 40], ""dtype"": ""float32""}, {""shape"": [1, 32, 40, 40], ""dtype"": ""float32""}]}","[{""shape"": [1, 32, 40, 40], ""dtype"": ""float32""}]",0,8.4.148,2026-09-14T03:37:17+00:00
yolo26n,fp32,1,640,leaf,106,19,m.0.cv2,Conv,19,bd29b2a64f84413f,"Conv[64->32,k1,s1]@1x64x40x40","{""kind"": ""tensor"", ""shape"": [1, 64, 40, 40], ""dtype"": ""float32""}","[{""shape"": [1, 32, 40, 40], ""dtype"": ""float32""}]",2080,8.4.148,2026-09-14T03:37:17+00:00
yolo26n,fp32,1,640,leaf,107,19,op:cat,op:cat,19,7cd5ab3bb08ead26,op:cat[1]@1x32x40x40+1x32x40x40,"{""kind"": ""list"", ""items"": [{""shape"": [1, 32, 40, 40], ""dtype"": ""float32""}, {""shape"": [1, 32, 40, 40], ""dtype"": ""float32""}]}","[{""shape"": [1, 64, 40, 40], ""dtype"": ""float32""}]",0,8.4.148,2026-09-14T03:37:17+00:00
yolo26n,fp32,1,640,leaf,108,19,m.0.cv3,Conv,19,343c9aeb5aa8f5dd,"Conv[64->64,k1,s1]@1x64x40x40","{""kind"": ""tensor"", ""shape"": [1, 64, 40, 40], ""dtype"": ""float32""}","[{""shape"": [1, 64, 40, 40], ""dtype"": ""float32""}]",4160,8.4.148,2026-09-14T03:37:17+00:00
yolo26n,fp32,1,640,leaf,109,19,op:cat,op:cat,19,94fbae4f210729f9,op:cat[1]@1x64x40x40+1x64x40x40+1x64x40x40,"{""kind"": ""list"", ""items"": [{""shape"": [1, 64, 40, 40], ""dtype"": ""float32""}, {""shape"": [1, 64, 40, 40], ""dtype"": ""float32""}, {""shape"": [1, 64, 40, 40], ""dtype"": ""float32""}]}","[{""shape"": [1, 192, 40, 40], ""dtype"": ""float32""}]",0,8.4.148,2026-09-14T03:37:17+00:00
yolo26n,fp32,1,640,leaf,110,19,cv2,Conv,19,e2557d6faa342b7c,"Conv[192->128,k1,s1]@1x192x40x40","{""kind"": ""tensor"", ""shape"": [1, 192, 40, 40], ""dtype"": ""float32""}","[{""shape"": [1, 128, 40, 40], ""dtype"": ""float32""}]",24704,8.4.148,2026-09-14T03:37:17+00:00
yolo26n,fp32,1,640,leaf,111,20,,Conv,20,e0df47f3e45ecf61,"Conv[128->128,k3,s2]@1x128x40x40","{""kind"": ""tensor"", ""shape"": [1, 128, 40, 40], ""dtype"": ""float32""}","[{""shape"": [1, 128, 20, 20], ""dtype"": ""float32""}]",147584,8.4.148,2026-09-14T03:37:17+00:00
yolo26n,fp32,1,640,leaf,112,21,,Concat,21,b719d1ee743159f0,Concat[d=1]@1x128x20x20+1x256x20x20,"{""kind"": ""list"", ""items"": [{""shape"": [1, 128, 20, 20], ""dtype"": ""float32""}, {""shape"": [1, 256, 20, 20], ""dtype"": ""float32""}]}","[{""shape"": [1, 384, 20, 20], ""dtype"": ""float32""}]",0,8.4.148,2026-09-14T03:37:17+00:00
yolo26n,fp32,1,640,leaf,113,22,cv1,Conv,22,b28a91210469f737,"Conv[384->256,k1,s1]@1x384x20x20","{""kind"": ""tensor"", ""shape"": [1, 384, 20, 20], ""dtype"": ""float32""}","[{""shape"": [1, 256, 20, 20], ""dtype"": ""float32""}]",98560,8.4.148,2026-09-14T03:37:17+00:00
yolo26n,fp32,1,640,leaf,114,22,op:chunk,op:chunk,22,dfb92eed26b36b50,"op:chunk[2,1]@1x256x20x20","{""kind"": ""list"", ""items"": [{""shape"": [1, 256, 20, 20], ""dtype"": ""float32""}]}","[{""shape"": [1, 128, 20, 20], ""dtype"": ""float32""}, {""shape"": [1, 128, 20, 20], ""dtype"": ""float32""}]",0,8.4.148,2026-09-14T03:37:17+00:00
yolo26n,fp32,1,640,leaf,115,22,m.0.0.cv1,Conv,22,cf8e41e4368720f1,"Conv[128->64,k3,s1]@1x128x20x20","{""kind"": ""tensor"", ""shape"": [1, 128, 20, 20], ""dtype"": ""float32""}","[{""shape"": [1, 64, 20, 20], ""dtype"": ""float32""}]",73792,8.4.148,2026-09-14T03:37:17+00:00
yolo26n,fp32,1,640,leaf,116,22,m.0.0.cv2,Conv,22,c683490f270f2aa4,"Conv[64->128,k3,s1]@1x64x20x20","{""kind"": ""tensor"", ""shape"": [1, 64, 20, 20], ""dtype"": ""float32""}","[{""shape"": [1, 128, 20, 20], ""dtype"": ""float32""}]",73856,8.4.148,2026-09-14T03:37:17+00:00
yolo26n,fp32,1,640,leaf,117,22,op:add,op:add,22,501e281da4c6ecce,op:add[]@1x128x20x20+1x128x20x20,"{""kind"": ""list"", ""items"": [{""shape"": [1, 128, 20, 20], ""dtype"": ""float32""}, {""shape"": [1, 128, 20, 20], ""dtype"": ""float32""}]}","[{""shape"": [1, 128, 20, 20], ""dtype"": ""float32""}]",0,8.4.148,2026-09-14T03:37:17+00:00
yolo26n,fp32,1,640,leaf,118,22,m.0.1.attn,Attention,22,b265be72a26f24f7,"Attention[128->128,p=50816]@1x128x20x20","{""kind"": ""tensor"", ""shape"": [1, 128, 20, 20], ""dtype"": ""float32""}","[{""shape"": [1, 128, 20, 20], ""dtype"": ""float32""}]",50816,8.4.148,2026-09-14T03:37:17+00:00
yolo26n,fp32,1,640,leaf,119,22,op:add,op:add,22,501e281da4c6ecce,op:add[]@1x128x20x20+1x128x20x20,"{""kind"": ""list"", ""items"": [{""shape"": [1, 128, 20, 20], ""dtype"": ""float32""}, {""shape"": [1, 128, 20, 20], ""dtype"": ""float32""}]}","[{""shape"": [1, 128, 20, 20], ""dtype"": ""float32""}]",0,8.4.148,2026-09-14T03:37:17+00:00
yolo26n,fp32,1,640,leaf,120,22,m.0.1.ffn.0,Conv,22,81bf5132b5f1bb75,"Conv[128->256,k1,s1]@1x128x20x20","{""kind"": ""tensor"", ""shape"": [1, 128, 20, 20], ""dtype"": ""float32""}","[{""shape"": [1, 256, 20, 20], ""dtype"": ""float32""}]",33024,8.4.148,2026-09-14T03:37:17+00:00
yolo26n,fp32,1,640,leaf,121,22,m.0.1.ffn.1,Conv,22,5888eb952ec6c5be,"Conv[256->128,k1,s1]@1x256x20x20","{""kind"": ""tensor"", ""shape"": [1, 256, 20, 20], ""dtype"": ""float32""}","[{""shape"": [1, 128, 20, 20], ""dtype"": ""float32""}]",32896,8.4.148,2026-09-14T03:37:17+00:00
yolo26n,fp32,1,640,leaf,122,22,op:add,op:add,22,501e281da4c6ecce,op:add[]@1x128x20x20+1x128x20x20,"{""kind"": ""list"", ""items"": [{""shape"": [1, 128, 20, 20], ""dtype"": ""float32""}, {""shape"": [1, 128, 20, 20], ""dtype"": ""float32""}]}","[{""shape"": [1, 128, 20, 20], ""dtype"": ""float32""}]",0,8.4.148,2026-09-14T03:37:17+00:00
yolo26n,fp32,1,640,leaf,123,22,op:cat,op:cat,22,fbbc3543b0a2476b,op:cat[1]@1x128x20x20+1x128x20x20+1x128x20x20,"{""kind"": ""list"", ""items"": [{""shape"": [1, 128, 20, 20], ""dtype"": ""float32""}, {""shape"": [1, 128, 20, 20], ""dtype"": ""float32""}, {""shape"": [1, 128, 20, 20], ""dtype"": ""float32""}]}","[{""shape"": [1, 384, 20, 20], ""dtype"": ""float32""}]",0,8.4.148,2026-09-14T03:37:17+00:00
yolo26n,fp32,1,640,leaf,124,22,cv2,Conv,22,b28a91210469f737,"Conv[384->256,k1,s1]@1x384x20x20","{""kind"": ""tensor"", ""shape"": [1, 384, 20, 20], ""dtype"": ""float32""}","[{""shape"": [1, 256, 20, 20], ""dtype"": ""float32""}]",98560,8.4.148,2026-09-14T03:37:17+00:00
yolo26n,fp32,1,640,leaf,125,23,,Detect,23,1805e3dcc06abfde,"Detect[nc=80,e2e]@1x64x80x80+1x128x40x40+1x256x20x20","{""kind"": ""list"", ""items"": [{""shape"": [1, 64, 80, 80], ""dtype"": ""float32""}, {""shape"": [1, 128, 40, 40], ""dtype"": ""float32""}, {""shape"": [1, 256, 20, 20], ""dtype"": ""float32""}]}","[{""shape"": [1, 300, 6], ""dtype"": ""float32""}, {""shape"": [1, 4, 8400], ""dtype"": ""float32""}, {""shape"": [1, 80, 8400], ""dtype"": ""float32""}, {""shape"": [1, 64, 80, 80], ""dtype"": ""float32""}, {""shape"": [1, 128, 40, 40], ""dtype"": ""float32""}, {""shape"": [1, 256, 20, 20], ""dtype"": ""float32""}]",153564,8.4.148,2026-09-14T03:37:17+00:00
yolo26s,fp32,1,640,leaf,0,0,,Conv,0,0bc149d28c6c8862,"Conv[3->32,k3,s2]@1x3x640x640","{""kind"": ""tensor"", ""shape"": [1, 3, 640, 640], ""dtype"": ""float32""}","[{""shape"": [1, 32, 320, 320], ""dtype"": ""float32""}]",896,8.4.148,2026-09-14T03:37:17+00:00
yolo26s,fp32,1,640,leaf,1,1,,Conv,1,c5f83e3221059400,"Conv[32->64,k3,s2]@1x32x320x320","{""kind"": ""tensor"", ""shape"": [1, 32, 320, 320], ""dtype"": ""float32""}","[{""shape"": [1, 64, 160, 160], ""dtype"": ""float32""}]",18496,8.4.148,2026-09-14T03:37:17+00:00
yolo26s,fp32,1,640,leaf,2,2,cv1,Conv,2,8610e43e956152d8,"Conv[64->64,k1,s1]@1x64x160x160","{""kind"": ""tensor"", ""shape"": [1, 64, 160, 160], ""dtype"": ""float32""}","[{""shape"": [1, 64, 160, 160], ""dtype"": ""float32""}]",4160,8.4.148,2026-09-14T03:37:17+00:00
yolo26s,fp32,1,640,leaf,3,2,op:chunk,op:chunk,2,2e3a551c4fe866cc,"op:chunk[2,1]@1x64x160x160","{""kind"": ""list"", ""items"": [{""shape"": [1, 64, 160, 160], ""dtype"": ""float32""}]}","[{""shape"": [1, 32, 160, 160], ""dtype"": ""float32""}, {""shape"": [1, 32, 160, 160], ""dtype"": ""float32""}]",0,8.4.148,2026-09-14T03:37:17+00:00
yolo26s,fp32,1,640,leaf,4,2,m.0.cv1,Conv,2,1cbd682f933b5571,"Conv[32->16,k3,s1]@1x32x160x160","{""kind"": ""tensor"", ""shape"": [1, 32, 160, 160], ""dtype"": ""float32""}","[{""shape"": [1, 16, 160, 160], ""dtype"": ""float32""}]",4624,8.4.148,2026-09-14T03:37:17+00:00
yolo26s,fp32,1,640,leaf,5,2,m.0.cv2,Conv,2,c4616747efd6a455,"Conv[16->32,k3,s1]@1x16x160x160","{""kind"": ""tensor"", ""shape"": [1, 16, 160, 160], ""dtype"": ""float32""}","[{""shape"": [1, 32, 160, 160], ""dtype"": ""float32""}]",4640,8.4.148,2026-09-14T03:37:17+00:00
yolo26s,fp32,1,640,leaf,6,2,op:add,op:add,2,1191e4f142683e30,op:add[]@1x32x160x160+1x32x160x160,"{""kind"": ""list"", ""items"": [{""shape"": [1, 32, 160, 160], ""dtype"": ""float32""}, {""shape"": [1, 32, 160, 160], ""dtype"": ""float32""}]}","[{""shape"": [1, 32, 160, 160], ""dtype"": ""float32""}]",0,8.4.148,2026-09-14T03:37:17+00:00
yolo26s,fp32,1,640,leaf,7,2,op:cat,op:cat,2,e7c053555673f38b,op:cat[1]@1x32x160x160+1x32x160x160+1x32x160x160,"{""kind"": ""list"", ""items"": [{""shape"": [1, 32, 160, 160], ""dtype"": ""float32""}, {""shape"": [1, 32, 160, 160], ""dtype"": ""float32""}, {""shape"": [1, 32, 160, 160], ""dtype"": ""float32""}]}","[{""shape"": [1, 96, 160, 160], ""dtype"": ""float32""}]",0,8.4.148,2026-09-14T03:37:17+00:00
yolo26s,fp32,1,640,leaf,8,2,cv2,Conv,2,6a61aeb8099789d8,"Conv[96->128,k1,s1]@1x96x160x160","{""kind"": ""tensor"", ""shape"": [1, 96, 160, 160], ""dtype"": ""float32""}","[{""shape"": [1, 128, 160, 160], ""dtype"": ""float32""}]",12416,8.4.148,2026-09-14T03:37:17+00:00
yolo26s,fp32,1,640,leaf,9,3,,Conv,3,15553e44bcc83312,"Conv[128->128,k3,s2]@1x128x160x160","{""kind"": ""tensor"", ""shape"": [1, 128, 160, 160], ""dtype"": ""float32""}","[{""shape"": [1, 128, 80, 80], ""dtype"": ""float32""}]",147584,8.4.148,2026-09-14T03:37:17+00:00
yolo26s,fp32,1,640,leaf,10,4,cv1,Conv,4,37c70738f9f86043,"Conv[128->128,k1,s1]@1x128x80x80","{""kind"": ""tensor"", ""shape"": [1, 128, 80, 80], ""dtype"": ""float32""}","[{""shape"": [1, 128, 80, 80], ""dtype"": ""float32""}]",16512,8.4.148,2026-09-14T03:37:17+00:00
yolo26s,fp32,1,640,leaf,11,4,op:chunk,op:chunk,4,c92332570fb74484,"op:chunk[2,1]@1x128x80x80","{""kind"": ""list"", ""items"": [{""shape"": [1, 128, 80, 80], ""dtype"": ""float32""}]}","[{""shape"": [1, 64, 80, 80], ""dtype"": ""float32""}, {""shape"": [1, 64, 80, 80], ""dtype"": ""float32""}]",0,8.4.148,2026-09-14T03:37:17+00:00
yolo26s,fp32,1,640,leaf,12,4,m.0.cv1,Conv,4,b78cb3fbac166b98,"Conv[64->32,k3,s1]@1x64x80x80","{""kind"": ""tensor"", ""shape"": [1, 64, 80, 80], ""dtype"": ""float32""}","[{""shape"": [1, 32, 80, 80], ""dtype"": ""float32""}]",18464,8.4.148,2026-09-14T03:37:17+00:00
yolo26s,fp32,1,640,leaf,13,4,m.0.cv2,Conv,4,1e8e3d64e53727ae,"Conv[32->64,k3,s1]@1x32x80x80","{""kind"": ""tensor"", ""shape"": [1, 32, 80, 80], ""dtype"": ""float32""}","[{""shape"": [1, 64, 80, 80], ""dtype"": ""float32""}]",18496,8.4.148,2026-09-14T03:37:17+00:00
yolo26s,fp32,1,640,leaf,14,4,op:add,op:add,4,bd915cfbe647f0e6,op:add[]@1x64x80x80+1x64x80x80,"{""kind"": ""list"", ""items"": [{""shape"": [1, 64, 80, 80], ""dtype"": ""float32""}, {""shape"": [1, 64, 80, 80], ""dtype"": ""float32""}]}","[{""shape"": [1, 64, 80, 80], ""dtype"": ""float32""}]",0,8.4.148,2026-09-14T03:37:17+00:00
yolo26s,fp32,1,640,leaf,15,4,op:cat,op:cat,4,286c012767bdcbfe,op:cat[1]@1x64x80x80+1x64x80x80+1x64x80x80,"{""kind"": ""list"", ""items"": [{""shape"": [1, 64, 80, 80], ""dtype"": ""float32""}, {""shape"": [1, 64, 80, 80], ""dtype"": ""float32""}, {""shape"": [1, 64, 80, 80], ""dtype"": ""float32""}]}","[{""shape"": [1, 192, 80, 80], ""dtype"": ""float32""}]",0,8.4.148,2026-09-14T03:37:17+00:00
yolo26s,fp32,1,640,leaf,16,4,cv2,Conv,4,189b8319ff110f54,"Conv[192->256,k1,s1]@1x192x80x80","{""kind"": ""tensor"", ""shape"": [1, 192, 80, 80], ""dtype"": ""float32""}","[{""shape"": [1, 256, 80, 80], ""dtype"": ""float32""}]",49408,8.4.148,2026-09-14T03:37:17+00:00
yolo26s,fp32,1,640,leaf,17,5,,Conv,5,8db2c8e048a70901,"Conv[256->256,k3,s2]@1x256x80x80","{""kind"": ""tensor"", ""shape"": [1, 256, 80, 80], ""dtype"": ""float32""}","[{""shape"": [1, 256, 40, 40], ""dtype"": ""float32""}]",590080,8.4.148,2026-09-14T03:37:17+00:00
yolo26s,fp32,1,640,leaf,18,6,cv1,Conv,6,23af8dfe52fcdc4d,"Conv[256->256,k1,s1]@1x256x40x40","{""kind"": ""tensor"", ""shape"": [1, 256, 40, 40], ""dtype"": ""float32""}","[{""shape"": [1, 256, 40, 40], ""dtype"": ""float32""}]",65792,8.4.148,2026-09-14T03:37:17+00:00
yolo26s,fp32,1,640,leaf,19,6,op:chunk,op:chunk,6,382b90d25efa9670,"op:chunk[2,1]@1x256x40x40","{""kind"": ""list"", ""items"": [{""shape"": [1, 256, 40, 40], ""dtype"": ""float32""}]}","[{""shape"": [1, 128, 40, 40], ""dtype"": ""float32""}, {""shape"": [1, 128, 40, 40], ""dtype"": ""float32""}]",0,8.4.148,2026-09-14T03:37:17+00:00
yolo26s,fp32,1,640,leaf,20,6,m.0.cv1,Conv,6,60f5936cd97a1273,"Conv[128->64,k1,s1]@1x128x40x40","{""kind"": ""tensor"", ""shape"": [1, 128, 40, 40], ""dtype"": ""float32""}","[{""shape"": [1, 64, 40, 40], ""dtype"": ""float32""}]",8256,8.4.148,2026-09-14T03:37:17+00:00
yolo26s,fp32,1,640,leaf,21,6,m.0.m.0.cv1,Conv,6,ba295554e3a87a49,"Conv[64->64,k3,s1]@1x64x40x40","{""kind"": ""tensor"", ""shape"": [1, 64, 40, 40], ""dtype"": ""float32""}","[{""shape"": [1, 64, 40, 40], ""dtype"": ""float32""}]",36928,8.4.148,2026-09-14T03:37:17+00:00
yolo26s,fp32,1,640,leaf,22,6,m.0.m.0.cv2,Conv,6,ba295554e3a87a49,"Conv[64->64,k3,s1]@1x64x40x40","{""kind"": ""tensor"", ""shape"": [1, 64, 40, 40], ""dtype"": ""float32""}","[{""shape"": [1, 64, 40, 40], ""dtype"": ""float32""}]",36928,8.4.148,2026-09-14T03:37:17+00:00
yolo26s,fp32,1,640,leaf,23,6,op:add,op:add,6,8e9352ef37e5b809,op:add[]@1x64x40x40+1x64x40x40,"{""kind"": ""list"", ""items"": [{""shape"": [1, 64, 40, 40], ""dtype"": ""float32""}, {""shape"": [1, 64, 40, 40], ""dtype"": ""float32""}]}","[{""shape"": [1, 64, 40, 40], ""dtype"": ""float32""}]",0,8.4.148,2026-09-14T03:37:17+00:00
yolo26s,fp32,1,640,leaf,24,6,m.0.m.1.cv1,Conv,6,ba295554e3a87a49,"Conv[64->64,k3,s1]@1x64x40x40","{""kind"": ""tensor"", ""shape"": [1, 64, 40, 40], ""dtype"": ""float32""}","[{""shape"": [1, 64, 40, 40], ""dtype"": ""float32""}]",36928,8.4.148,2026-09-14T03:37:17+00:00
yolo26s,fp32,1,640,leaf,25,6,m.0.m.1.cv2,Conv,6,ba295554e3a87a49,"Conv[64->64,k3,s1]@1x64x40x40","{""kind"": ""tensor"", ""shape"": [1, 64, 40, 40], ""dtype"": ""float32""}","[{""shape"": [1, 64, 40, 40], ""dtype"": ""float32""}]",36928,8.4.148,2026-09-14T03:37:17+00:00
yolo26s,fp32,1,640,leaf,26,6,op:add,op:add,6,8e9352ef37e5b809,op:add[]@1x64x40x40+1x64x40x40,"{""kind"": ""list"", ""items"": [{""shape"": [1, 64, 40, 40], ""dtype"": ""float32""}, {""shape"": [1, 64, 40, 40], ""dtype"": ""float32""}]}","[{""shape"": [1, 64, 40, 40], ""dtype"": ""float32""}]",0,8.4.148,2026-09-14T03:37:17+00:00
yolo26s,fp32,1,640,leaf,27,6,m.0.cv2,Conv,6,60f5936cd97a1273,"Conv[128->64,k1,s1]@1x128x40x40","{""kind"": ""tensor"", ""shape"": [1, 128, 40, 40], ""dtype"": ""float32""}","[{""shape"": [1, 64, 40, 40], ""dtype"": ""float32""}]",8256,8.4.148,2026-09-14T03:37:17+00:00
yolo26s,fp32,1,640,leaf,28,6,op:cat,op:cat,6,656724c06b1c7ace,op:cat[1]@1x64x40x40+1x64x40x40,"{""kind"": ""list"", ""items"": [{""shape"": [1, 64, 40, 40], ""dtype"": ""float32""}, {""shape"": [1, 64, 40, 40], ""dtype"": ""float32""}]}","[{""shape"": [1, 128, 40, 40], ""dtype"": ""float32""}]",0,8.4.148,2026-09-14T03:37:17+00:00
yolo26s,fp32,1,640,leaf,29,6,m.0.cv3,Conv,6,1e47e2f3f4f773f4,"Conv[128->128,k1,s1]@1x128x40x40","{""kind"": ""tensor"", ""shape"": [1, 128, 40, 40], ""dtype"": ""float32""}","[{""shape"": [1, 128, 40, 40], ""dtype"": ""float32""}]",16512,8.4.148,2026-09-14T03:37:17+00:00
yolo26s,fp32,1,640,leaf,30,6,op:cat,op:cat,6,c0156b37de35a110,op:cat[1]@1x128x40x40+1x128x40x40+1x128x40x40,"{""kind"": ""list"", ""items"": [{""shape"": [1, 128, 40, 40], ""dtype"": ""float32""}, {""shape"": [1, 128, 40, 40], ""dtype"": ""float32""}, {""shape"": [1, 128, 40, 40], ""dtype"": ""float32""}]}","[{""shape"": [1, 384, 40, 40], ""dtype"": ""float32""}]",0,8.4.148,2026-09-14T03:37:17+00:00
yolo26s,fp32,1,640,leaf,31,6,cv2,Conv,6,440a73cfd49e8a0f,"Conv[384->256,k1,s1]@1x384x40x40","{""kind"": ""tensor"", ""shape"": [1, 384, 40, 40], ""dtype"": ""float32""}","[{""shape"": [1, 256, 40, 40], ""dtype"": ""float32""}]",98560,8.4.148,2026-09-14T03:37:17+00:00
yolo26s,fp32,1,640,leaf,32,7,,Conv,7,d691679f9f58a1b4,"Conv[256->512,k3,s2]@1x256x40x40","{""kind"": ""tensor"", ""shape"": [1, 256, 40, 40], ""dtype"": ""float32""}","[{""shape"": [1, 512, 20, 20], ""dtype"": ""float32""}]",1180160,8.4.148,2026-09-14T03:37:17+00:00
yolo26s,fp32,1,640,leaf,33,8,cv1,Conv,8,8ca8a00b85e9776d,"Conv[512->512,k1,s1]@1x512x20x20","{""kind"": ""tensor"", ""shape"": [1, 512, 20, 20], ""dtype"": ""float32""}","[{""shape"": [1, 512, 20, 20], ""dtype"": ""float32""}]",262656,8.4.148,2026-09-14T03:37:17+00:00
yolo26s,fp32,1,640,leaf,34,8,op:chunk,op:chunk,8,12889ce8ea8cddec,"op:chunk[2,1]@1x512x20x20","{""kind"": ""list"", ""items"": [{""shape"": [1, 512, 20, 20], ""dtype"": ""float32""}]}","[{""shape"": [1, 256, 20, 20], ""dtype"": ""float32""}, {""shape"": [1, 256, 20, 20], ""dtype"": ""float32""}]",0,8.4.148,2026-09-14T03:37:17+00:00
yolo26s,fp32,1,640,leaf,35,8,m.0.cv1,Conv,8,c8333f13264ecfd9,"Conv[256->128,k1,s1]@1x256x20x20","{""kind"": ""tensor"", ""shape"": [1, 256, 20, 20], ""dtype"": ""float32""}","[{""shape"": [1, 128, 20, 20], ""dtype"": ""float32""}]",32896,8.4.148,2026-09-14T03:37:17+00:00
yolo26s,fp32,1,640,leaf,36,8,m.0.m.0.cv1,Conv,8,5f6a6a2149226c08,"Conv[128->128,k3,s1]@1x128x20x20","{""kind"": ""tensor"", ""shape"": [1, 128, 20, 20], ""dtype"": ""float32""}","[{""shape"": [1, 128, 20, 20], ""dtype"": ""float32""}]",147584,8.4.148,2026-09-14T03:37:17+00:00
yolo26s,fp32,1,640,leaf,37,8,m.0.m.0.cv2,Conv,8,5f6a6a2149226c08,"Conv[128->128,k3,s1]@1x128x20x20","{""kind"": ""tensor"", ""shape"": [1, 128, 20, 20], ""dtype"": ""float32""}","[{""shape"": [1, 128, 20, 20], ""dtype"": ""float32""}]",147584,8.4.148,2026-09-14T03:37:17+00:00
yolo26s,fp32,1,640,leaf,38,8,op:add,op:add,8,501e281da4c6ecce,op:add[]@1x128x20x20+1x128x20x20,"{""kind"": ""list"", ""items"": [{""shape"": [1, 128, 20, 20], ""dtype"": ""float32""}, {""shape"": [1, 128, 20, 20], ""dtype"": ""float32""}]}","[{""shape"": [1, 128, 20, 20], ""dtype"": ""float32""}]",0,8.4.148,2026-09-14T03:37:17+00:00
yolo26s,fp32,1,640,leaf,39,8,m.0.m.1.cv1,Conv,8,5f6a6a2149226c08,"Conv[128->128,k3,s1]@1x128x20x20","{""kind"": ""tensor"", ""shape"": [1, 128, 20, 20], ""dtype"": ""float32""}","[{""shape"": [1, 128, 20, 20], ""dtype"": ""float32""}]",147584,8.4.148,2026-09-14T03:37:17+00:00
yolo26s,fp32,1,640,leaf,40,8,m.0.m.1.cv2,Conv,8,5f6a6a2149226c08,"Conv[128->128,k3,s1]@1x128x20x20","{""kind"": ""tensor"", ""shape"": [1, 128, 20, 20], ""dtype"": ""float32""}","[{""shape"": [1, 128, 20, 20], ""dtype"": ""float32""}]",147584,8.4.148,2026-09-14T03:37:17+00:00
yolo26s,fp32,1,640,leaf,41,8,op:add,op:add,8,501e281da4c6ecce,op:add[]@1x128x20x20+1x128x20x20,"{""kind"": ""list"", ""items"": [{""shape"": [1, 128, 20, 20], ""dtype"": ""float32""}, {""shape"": [1, 128, 20, 20], ""dtype"": ""float32""}]}","[{""shape"": [1, 128, 20, 20], ""dtype"": ""float32""}]",0,8.4.148,2026-09-14T03:37:17+00:00
yolo26s,fp32,1,640,leaf,42,8,m.0.cv2,Conv,8,c8333f13264ecfd9,"Conv[256->128,k1,s1]@1x256x20x20","{""kind"": ""tensor"", ""shape"": [1, 256, 20, 20], ""dtype"": ""float32""}","[{""shape"": [1, 128, 20, 20], ""dtype"": ""float32""}]",32896,8.4.148,2026-09-14T03:37:17+00:00
yolo26s,fp32,1,640,leaf,43,8,op:cat,op:cat,8,4455eab86eb73a18,op:cat[1]@1x128x20x20+1x128x20x20,"{""kind"": ""list"", ""items"": [{""shape"": [1, 128, 20, 20], ""dtype"": ""float32""}, {""shape"": [1, 128, 20, 20], ""dtype"": ""float32""}]}","[{""shape"": [1, 256, 20, 20], ""dtype"": ""float32""}]",0,8.4.148,2026-09-14T03:37:17+00:00
yolo26s,fp32,1,640,leaf,44,8,m.0.cv3,Conv,8,73cbfd59c6c24dfa,"Conv[256->256,k1,s1]@1x256x20x20","{""kind"": ""tensor"", ""shape"": [1, 256, 20, 20], ""dtype"": ""float32""}","[{""shape"": [1, 256, 20, 20], ""dtype"": ""float32""}]",65792,8.4.148,2026-09-14T03:37:17+00:00
yolo26s,fp32,1,640,leaf,45,8,op:cat,op:cat,8,b15e0002af07527a,op:cat[1]@1x256x20x20+1x256x20x20+1x256x20x20,"{""kind"": ""list"", ""items"": [{""shape"": [1, 256, 20, 20], ""dtype"": ""float32""}, {""shape"": [1, 256, 20, 20], ""dtype"": ""float32""}, {""shape"": [1, 256, 20, 20], ""dtype"": ""float32""}]}","[{""shape"": [1, 768, 20, 20], ""dtype"": ""float32""}]",0,8.4.148,2026-09-14T03:37:17+00:00
yolo26s,fp32,1,640,leaf,46,8,cv2,Conv,8,8fa73bf7f1bdcb03,"Conv[768->512,k1,s1]@1x768x20x20","{""kind"": ""tensor"", ""shape"": [1, 768, 20, 20], ""dtype"": ""float32""}","[{""shape"": [1, 512, 20, 20], ""dtype"": ""float32""}]",393728,8.4.148,2026-09-14T03:37:17+00:00
yolo26s,fp32,1,640,leaf,47,9,cv1,Conv,9,67568c7ff087692a,"Conv[512->256,k1,s1]@1x512x20x20","{""kind"": ""tensor"", ""shape"": [1, 512, 20, 20], ""dtype"": ""float32""}","[{""shape"": [1, 256, 20, 20], ""dtype"": ""float32""}]",131328,8.4.148,2026-09-14T03:37:17+00:00
yolo26s,fp32,1,640,leaf,48,9,m,MaxPool2d,9,c3660bbcc966afd5,MaxPool2d[p=0]@1x256x20x20,"{""kind"": ""tensor"", ""shape"": [1, 256, 20, 20], ""dtype"": ""float32""}","[{""shape"": [1, 256, 20, 20], ""dtype"": ""float32""}]",0,8.4.148,2026-09-14T03:37:17+00:00
yolo26s,fp32,1,640,leaf,49,9,m,MaxPool2d,9,c3660bbcc966afd5,MaxPool2d[p=0]@1x256x20x20,"{""kind"": ""tensor"", ""shape"": [1, 256, 20, 20], ""dtype"": ""float32""}","[{""shape"": [1, 256, 20, 20], ""dtype"": ""float32""}]",0,8.4.148,2026-09-14T03:37:17+00:00
yolo26s,fp32,1,640,leaf,50,9,m,MaxPool2d,9,c3660bbcc966afd5,MaxPool2d[p=0]@1x256x20x20,"{""kind"": ""tensor"", ""shape"": [1, 256, 20, 20], ""dtype"": ""float32""}","[{""shape"": [1, 256, 20, 20], ""dtype"": ""float32""}]",0,8.4.148,2026-09-14T03:37:17+00:00
yolo26s,fp32,1,640,leaf,51,9,op:cat,op:cat,9,de774739b210b292,op:cat[1]@1x256x20x20+1x256x20x20+1x256x20x20+1x256x20x20,"{""kind"": ""list"", ""items"": [{""shape"": [1, 256, 20, 20], ""dtype"": ""float32""}, {""shape"": [1, 256, 20, 20], ""dtype"": ""float32""}, {""shape"": [1, 256, 20, 20], ""dtype"": ""float32""}, {""shape"": [1, 256, 20, 20], ""dtype"": ""float32""}]}","[{""shape"": [1, 1024, 20, 20], ""dtype"": ""float32""}]",0,8.4.148,2026-09-14T03:37:17+00:00
yolo26s,fp32,1,640,leaf,52,9,cv2,Conv,9,2f88b651e610ec87,"Conv[1024->512,k1,s1]@1x1024x20x20","{""kind"": ""tensor"", ""shape"": [1, 1024, 20, 20], ""dtype"": ""float32""}","[{""shape"": [1, 512, 20, 20], ""dtype"": ""float32""}]",524800,8.4.148,2026-09-14T03:37:17+00:00
yolo26s,fp32,1,640,leaf,53,9,op:add,op:add,9,58048019ce9edcbc,op:add[]@1x512x20x20+1x512x20x20,"{""kind"": ""list"", ""items"": [{""shape"": [1, 512, 20, 20], ""dtype"": ""float32""}, {""shape"": [1, 512, 20, 20], ""dtype"": ""float32""}]}","[{""shape"": [1, 512, 20, 20], ""dtype"": ""float32""}]",0,8.4.148,2026-09-14T03:37:17+00:00
yolo26s,fp32,1,640,leaf,54,10,cv1,Conv,10,8ca8a00b85e9776d,"Conv[512->512,k1,s1]@1x512x20x20","{""kind"": ""tensor"", ""shape"": [1, 512, 20, 20], ""dtype"": ""float32""}","[{""shape"": [1, 512, 20, 20], ""dtype"": ""float32""}]",262656,8.4.148,2026-09-14T03:37:17+00:00
yolo26s,fp32,1,640,leaf,55,10,op:split,op:split,10,e4d960981e560242,"op:split[[256, 256],dim=1]@1x512x20x20","{""kind"": ""list"", ""items"": [{""shape"": [1, 512, 20, 20], ""dtype"": ""float32""}]}","[{""shape"": [1, 256, 20, 20], ""dtype"": ""float32""}, {""shape"": [1, 256, 20, 20], ""dtype"": ""float32""}]",0,8.4.148,2026-09-14T03:37:17+00:00
yolo26s,fp32,1,640,leaf,56,10,m.0.attn,Attention,10,87501ab6eeead3a3,"Attention[256->256,p=199936]@1x256x20x20","{""kind"": ""tensor"", ""shape"": [1, 256, 20, 20], ""dtype"": ""float32""}","[{""shape"": [1, 256, 20, 20], ""dtype"": ""float32""}]",199936,8.4.148,2026-09-14T03:37:17+00:00
yolo26s,fp32,1,640,leaf,57,10,op:add,op:add,10,d10599b21e83f03c,op:add[]@1x256x20x20+1x256x20x20,"{""kind"": ""list"", ""items"": [{""shape"": [1, 256, 20, 20], ""dtype"": ""float32""}, {""shape"": [1, 256, 20, 20], ""dtype"": ""float32""}]}","[{""shape"": [1, 256, 20, 20], ""dtype"": ""float32""}]",0,8.4.148,2026-09-14T03:37:17+00:00
yolo26s,fp32,1,640,leaf,58,10,m.0.ffn.0,Conv,10,9107ffd7fc86dace,"Conv[256->512,k1,s1]@1x256x20x20","{""kind"": ""tensor"", ""shape"": [1, 256, 20, 20], ""dtype"": ""float32""}","[{""shape"": [1, 512, 20, 20], ""dtype"": ""float32""}]",131584,8.4.148,2026-09-14T03:37:17+00:00
yolo26s,fp32,1,640,leaf,59,10,m.0.ffn.1,Conv,10,67568c7ff087692a,"Conv[512->256,k1,s1]@1x512x20x20","{""kind"": ""tensor"", ""shape"": [1, 512, 20, 20], ""dtype"": ""float32""}","[{""shape"": [1, 256, 20, 20], ""dtype"": ""float32""}]",131328,8.4.148,2026-09-14T03:37:17+00:00
yolo26s,fp32,1,640,leaf,60,10,op:add,op:add,10,d10599b21e83f03c,op:add[]@1x256x20x20+1x256x20x20,"{""kind"": ""list"", ""items"": [{""shape"": [1, 256, 20, 20], ""dtype"": ""float32""}, {""shape"": [1, 256, 20, 20], ""dtype"": ""float32""}]}","[{""shape"": [1, 256, 20, 20], ""dtype"": ""float32""}]",0,8.4.148,2026-09-14T03:37:17+00:00
yolo26s,fp32,1,640,leaf,61,10,op:cat,op:cat,10,c9379f0477365213,op:cat[1]@1x256x20x20+1x256x20x20,"{""kind"": ""list"", ""items"": [{""shape"": [1, 256, 20, 20], ""dtype"": ""float32""}, {""shape"": [1, 256, 20, 20], ""dtype"": ""float32""}]}","[{""shape"": [1, 512, 20, 20], ""dtype"": ""float32""}]",0,8.4.148,2026-09-14T03:37:17+00:00
yolo26s,fp32,1,640,leaf,62,10,cv2,Conv,10,8ca8a00b85e9776d,"Conv[512->512,k1,s1]@1x512x20x20","{""kind"": ""tensor"", ""shape"": [1, 512, 20, 20], ""dtype"": ""float32""}","[{""shape"": [1, 512, 20, 20], ""dtype"": ""float32""}]",262656,8.4.148,2026-09-14T03:37:17+00:00
yolo26s,fp32,1,640,leaf,63,11,,Upsample,11,f2bd84b1cf0e5086,"Upsample[x2.0,nearest]@1x512x20x20","{""kind"": ""tensor"", ""shape"": [1, 512, 20, 20], ""dtype"": ""float32""}","[{""shape"": [1, 512, 40, 40], ""dtype"": ""float32""}]",0,8.4.148,2026-09-14T03:37:17+00:00
yolo26s,fp32,1,640,leaf,64,12,,Concat,12,12c81b34f69ff9c1,Concat[d=1]@1x512x40x40+1x256x40x40,"{""kind"": ""list"", ""items"": [{""shape"": [1, 512, 40, 40], ""dtype"": ""float32""}, {""shape"": [1, 256, 40, 40], ""dtype"": ""float32""}]}","[{""shape"": [1, 768, 40, 40], ""dtype"": ""float32""}]",0,8.4.148,2026-09-14T03:37:17+00:00
yolo26s,fp32,1,640,leaf,65,13,cv1,Conv,13,5263083285b2ec73,"Conv[768->256,k1,s1]@1x768x40x40","{""kind"": ""tensor"", ""shape"": [1, 768, 40, 40], ""dtype"": ""float32""}","[{""shape"": [1, 256, 40, 40], ""dtype"": ""float32""}]",196864,8.4.148,2026-09-14T03:37:17+00:00
yolo26s,fp32,1,640,leaf,66,13,op:chunk,op:chunk,13,382b90d25efa9670,"op:chunk[2,1]@1x256x40x40","{""kind"": ""list"", ""items"": [{""shape"": [1, 256, 40, 40], ""dtype"": ""float32""}]}","[{""shape"": [1, 128, 40, 40], ""dtype"": ""float32""}, {""shape"": [1, 128, 40, 40], ""dtype"": ""float32""}]",0,8.4.148,2026-09-14T03:37:17+00:00
yolo26s,fp32,1,640,leaf,67,13,m.0.cv1,Conv,13,60f5936cd97a1273,"Conv[128->64,k1,s1]@1x128x40x40","{""kind"": ""tensor"", ""shape"": [1, 128, 40, 40], ""dtype"": ""float32""}","[{""shape"": [1, 64, 40, 40], ""dtype"": ""float32""}]",8256,8.4.148,2026-09-14T03:37:17+00:00
yolo26s,fp32,1,640,leaf,68,13,m.0.m.0.cv1,Conv,13,ba295554e3a87a49,"Conv[64->64,k3,s1]@1x64x40x40","{""kind"": ""tensor"", ""shape"": [1, 64, 40, 40], ""dtype"": ""float32""}","[{""shape"": [1, 64, 40, 40], ""dtype"": ""float32""}]",36928,8.4.148,2026-09-14T03:37:17+00:00
yolo26s,fp32,1,640,leaf,69,13,m.0.m.0.cv2,Conv,13,ba295554e3a87a49,"Conv[64->64,k3,s1]@1x64x40x40","{""kind"": ""tensor"", ""shape"": [1, 64, 40, 40], ""dtype"": ""float32""}","[{""shape"": [1, 64, 40, 40], ""dtype"": ""float32""}]",36928,8.4.148,2026-09-14T03:37:17+00:00
yolo26s,fp32,1,640,leaf,70,13,op:add,op:add,13,8e9352ef37e5b809,op:add[]@1x64x40x40+1x64x40x40,"{""kind"": ""list"", ""items"": [{""shape"": [1, 64, 40, 40], ""dtype"": ""float32""}, {""shape"": [1, 64, 40, 40], ""dtype"": ""float32""}]}","[{""shape"": [1, 64, 40, 40], ""dtype"": ""float32""}]",0,8.4.148,2026-09-14T03:37:17+00:00
yolo26s,fp32,1,640,leaf,71,13,m.0.m.1.cv1,Conv,13,ba295554e3a87a49,"Conv[64->64,k3,s1]@1x64x40x40","{""kind"": ""tensor"", ""shape"": [1, 64, 40, 40], ""dtype"": ""float32""}","[{""shape"": [1, 64, 40, 40], ""dtype"": ""float32""}]",36928,8.4.148,2026-09-14T03:37:17+00:00
yolo26s,fp32,1,640,leaf,72,13,m.0.m.1.cv2,Conv,13,ba295554e3a87a49,"Conv[64->64,k3,s1]@1x64x40x40","{""kind"": ""tensor"", ""shape"": [1, 64, 40, 40], ""dtype"": ""float32""}","[{""shape"": [1, 64, 40, 40], ""dtype"": ""float32""}]",36928,8.4.148,2026-09-14T03:37:17+00:00
yolo26s,fp32,1,640,leaf,73,13,op:add,op:add,13,8e9352ef37e5b809,op:add[]@1x64x40x40+1x64x40x40,"{""kind"": ""list"", ""items"": [{""shape"": [1, 64, 40, 40], ""dtype"": ""float32""}, {""shape"": [1, 64, 40, 40], ""dtype"": ""float32""}]}","[{""shape"": [1, 64, 40, 40], ""dtype"": ""float32""}]",0,8.4.148,2026-09-14T03:37:17+00:00
yolo26s,fp32,1,640,leaf,74,13,m.0.cv2,Conv,13,60f5936cd97a1273,"Conv[128->64,k1,s1]@1x128x40x40","{""kind"": ""tensor"", ""shape"": [1, 128, 40, 40], ""dtype"": ""float32""}","[{""shape"": [1, 64, 40, 40], ""dtype"": ""float32""}]",8256,8.4.148,2026-09-14T03:37:17+00:00
yolo26s,fp32,1,640,leaf,75,13,op:cat,op:cat,13,656724c06b1c7ace,op:cat[1]@1x64x40x40+1x64x40x40,"{""kind"": ""list"", ""items"": [{""shape"": [1, 64, 40, 40], ""dtype"": ""float32""}, {""shape"": [1, 64, 40, 40], ""dtype"": ""float32""}]}","[{""shape"": [1, 128, 40, 40], ""dtype"": ""float32""}]",0,8.4.148,2026-09-14T03:37:17+00:00
yolo26s,fp32,1,640,leaf,76,13,m.0.cv3,Conv,13,1e47e2f3f4f773f4,"Conv[128->128,k1,s1]@1x128x40x40","{""kind"": ""tensor"", ""shape"": [1, 128, 40, 40], ""dtype"": ""float32""}","[{""shape"": [1, 128, 40, 40], ""dtype"": ""float32""}]",16512,8.4.148,2026-09-14T03:37:17+00:00
yolo26s,fp32,1,640,leaf,77,13,op:cat,op:cat,13,c0156b37de35a110,op:cat[1]@1x128x40x40+1x128x40x40+1x128x40x40,"{""kind"": ""list"", ""items"": [{""shape"": [1, 128, 40, 40], ""dtype"": ""float32""}, {""shape"": [1, 128, 40, 40], ""dtype"": ""float32""}, {""shape"": [1, 128, 40, 40], ""dtype"": ""float32""}]}","[{""shape"": [1, 384, 40, 40], ""dtype"": ""float32""}]",0,8.4.148,2026-09-14T03:37:17+00:00
yolo26s,fp32,1,640,leaf,78,13,cv2,Conv,13,440a73cfd49e8a0f,"Conv[384->256,k1,s1]@1x384x40x40","{""kind"": ""tensor"", ""shape"": [1, 384, 40, 40], ""dtype"": ""float32""}","[{""shape"": [1, 256, 40, 40], ""dtype"": ""float32""}]",98560,8.4.148,2026-09-14T03:37:17+00:00
yolo26s,fp32,1,640,leaf,79,14,,Upsample,14,015187bc98b76f09,"Upsample[x2.0,nearest]@1x256x40x40","{""kind"": ""tensor"", ""shape"": [1, 256, 40, 40], ""dtype"": ""float32""}","[{""shape"": [1, 256, 80, 80], ""dtype"": ""float32""}]",0,8.4.148,2026-09-14T03:37:17+00:00
yolo26s,fp32,1,640,leaf,80,15,,Concat,15,a9bba7c13e04c0dc,Concat[d=1]@1x256x80x80+1x256x80x80,"{""kind"": ""list"", ""items"": [{""shape"": [1, 256, 80, 80], ""dtype"": ""float32""}, {""shape"": [1, 256, 80, 80], ""dtype"": ""float32""}]}","[{""shape"": [1, 512, 80, 80], ""dtype"": ""float32""}]",0,8.4.148,2026-09-14T03:37:17+00:00
yolo26s,fp32,1,640,leaf,81,16,cv1,Conv,16,f5907edea3d3240b,"Conv[512->128,k1,s1]@1x512x80x80","{""kind"": ""tensor"", ""shape"": [1, 512, 80, 80], ""dtype"": ""float32""}","[{""shape"": [1, 128, 80, 80], ""dtype"": ""float32""}]",65664,8.4.148,2026-09-14T03:37:17+00:00
yolo26s,fp32,1,640,leaf,82,16,op:chunk,op:chunk,16,c92332570fb74484,"op:chunk[2,1]@1x128x80x80","{""kind"": ""list"", ""items"": [{""shape"": [1, 128, 80, 80], ""dtype"": ""float32""}]}","[{""shape"": [1, 64, 80, 80], ""dtype"": ""float32""}, {""shape"": [1, 64, 80, 80], ""dtype"": ""float32""}]",0,8.4.148,2026-09-14T03:37:17+00:00
yolo26s,fp32,1,640,leaf,83,16,m.0.cv1,Conv,16,94e53f13e35826ef,"Conv[64->32,k1,s1]@1x64x80x80","{""kind"": ""tensor"", ""shape"": [1, 64, 80, 80], ""dtype"": ""float32""}","[{""shape"": [1, 32, 80, 80], ""dtype"": ""float32""}]",2080,8.4.148,2026-09-14T03:37:17+00:00
yolo26s,fp32,1,640,leaf,84,16,m.0.m.0.cv1,Conv,16,1bb4424e0d8414de,"Conv[32->32,k3,s1]@1x32x80x80","{""kind"": ""tensor"", ""shape"": [1, 32, 80, 80], ""dtype"": ""float32""}","[{""shape"": [1, 32, 80, 80], ""dtype"": ""float32""}]",9248,8.4.148,2026-09-14T03:37:17+00:00
yolo26s,fp32,1,640,leaf,85,16,m.0.m.0.cv2,Conv,16,1bb4424e0d8414de,"Conv[32->32,k3,s1]@1x32x80x80","{""kind"": ""tensor"", ""shape"": [1, 32, 80, 80], ""dtype"": ""float32""}","[{""shape"": [1, 32, 80, 80], ""dtype"": ""float32""}]",9248,8.4.148,2026-09-14T03:37:17+00:00
yolo26s,fp32,1,640,leaf,86,16,op:add,op:add,16,1ae61c3fc0e3b8fe,op:add[]@1x32x80x80+1x32x80x80,"{""kind"": ""list"", ""items"": [{""shape"": [1, 32, 80, 80], ""dtype"": ""float32""}, {""shape"": [1, 32, 80, 80], ""dtype"": ""float32""}]}","[{""shape"": [1, 32, 80, 80], ""dtype"": ""float32""}]",0,8.4.148,2026-09-14T03:37:17+00:00
yolo26s,fp32,1,640,leaf,87,16,m.0.m.1.cv1,Conv,16,1bb4424e0d8414de,"Conv[32->32,k3,s1]@1x32x80x80","{""kind"": ""tensor"", ""shape"": [1, 32, 80, 80], ""dtype"": ""float32""}","[{""shape"": [1, 32, 80, 80], ""dtype"": ""float32""}]",9248,8.4.148,2026-09-14T03:37:17+00:00
yolo26s,fp32,1,640,leaf,88,16,m.0.m.1.cv2,Conv,16,1bb4424e0d8414de,"Conv[32->32,k3,s1]@1x32x80x80","{""kind"": ""tensor"", ""shape"": [1, 32, 80, 80], ""dtype"": ""float32""}","[{""shape"": [1, 32, 80, 80], ""dtype"": ""float32""}]",9248,8.4.148,2026-09-14T03:37:17+00:00
yolo26s,fp32,1,640,leaf,89,16,op:add,op:add,16,1ae61c3fc0e3b8fe,op:add[]@1x32x80x80+1x32x80x80,"{""kind"": ""list"", ""items"": [{""shape"": [1, 32, 80, 80], ""dtype"": ""float32""}, {""shape"": [1, 32, 80, 80], ""dtype"": ""float32""}]}","[{""shape"": [1, 32, 80, 80], ""dtype"": ""float32""}]",0,8.4.148,2026-09-14T03:37:17+00:00
yolo26s,fp32,1,640,leaf,90,16,m.0.cv2,Conv,16,94e53f13e35826ef,"Conv[64->32,k1,s1]@1x64x80x80","{""kind"": ""tensor"", ""shape"": [1, 64, 80, 80], ""dtype"": ""float32""}","[{""shape"": [1, 32, 80, 80], ""dtype"": ""float32""}]",2080,8.4.148,2026-09-14T03:37:17+00:00
yolo26s,fp32,1,640,leaf,91,16,op:cat,op:cat,16,382cc3b613d45a31,op:cat[1]@1x32x80x80+1x32x80x80,"{""kind"": ""list"", ""items"": [{""shape"": [1, 32, 80, 80], ""dtype"": ""float32""}, {""shape"": [1, 32, 80, 80], ""dtype"": ""float32""}]}","[{""shape"": [1, 64, 80, 80], ""dtype"": ""float32""}]",0,8.4.148,2026-09-14T03:37:17+00:00
yolo26s,fp32,1,640,leaf,92,16,m.0.cv3,Conv,16,aee5afff7f63a13b,"Conv[64->64,k1,s1]@1x64x80x80","{""kind"": ""tensor"", ""shape"": [1, 64, 80, 80], ""dtype"": ""float32""}","[{""shape"": [1, 64, 80, 80], ""dtype"": ""float32""}]",4160,8.4.148,2026-09-14T03:37:17+00:00
yolo26s,fp32,1,640,leaf,93,16,op:cat,op:cat,16,286c012767bdcbfe,op:cat[1]@1x64x80x80+1x64x80x80+1x64x80x80,"{""kind"": ""list"", ""items"": [{""shape"": [1, 64, 80, 80], ""dtype"": ""float32""}, {""shape"": [1, 64, 80, 80], ""dtype"": ""float32""}, {""shape"": [1, 64, 80, 80], ""dtype"": ""float32""}]}","[{""shape"": [1, 192, 80, 80], ""dtype"": ""float32""}]",0,8.4.148,2026-09-14T03:37:17+00:00
yolo26s,fp32,1,640,leaf,94,16,cv2,Conv,16,9972dc81813aedfb,"Conv[192->128,k1,s1]@1x192x80x80","{""kind"": ""tensor"", ""shape"": [1, 192, 80, 80], ""dtype"": ""float32""}","[{""shape"": [1, 128, 80, 80], ""dtype"": ""float32""}]",24704,8.4.148,2026-09-14T03:37:17+00:00
yolo26s,fp32,1,640,leaf,95,17,,Conv,17,0f7d240e4bd8b441,"Conv[128->128,k3,s2]@1x128x80x80","{""kind"": ""tensor"", ""shape"": [1, 128, 80, 80], ""dtype"": ""float32""}","[{""shape"": [1, 128, 40, 40], ""dtype"": ""float32""}]",147584,8.4.148,2026-09-14T03:37:17+00:00
yolo26s,fp32,1,640,leaf,96,18,,Concat,18,587fae78570d683a,Concat[d=1]@1x128x40x40+1x256x40x40,"{""kind"": ""list"", ""items"": [{""shape"": [1, 128, 40, 40], ""dtype"": ""float32""}, {""shape"": [1, 256, 40, 40], ""dtype"": ""float32""}]}","[{""shape"": [1, 384, 40, 40], ""dtype"": ""float32""}]",0,8.4.148,2026-09-14T03:37:17+00:00
yolo26s,fp32,1,640,leaf,97,19,cv1,Conv,19,440a73cfd49e8a0f,"Conv[384->256,k1,s1]@1x384x40x40","{""kind"": ""tensor"", ""shape"": [1, 384, 40, 40], ""dtype"": ""float32""}","[{""shape"": [1, 256, 40, 40], ""dtype"": ""float32""}]",98560,8.4.148,2026-09-14T03:37:17+00:00
yolo26s,fp32,1,640,leaf,98,19,op:chunk,op:chunk,19,382b90d25efa9670,"op:chunk[2,1]@1x256x40x40","{""kind"": ""list"", ""items"": [{""shape"": [1, 256, 40, 40], ""dtype"": ""float32""}]}","[{""shape"": [1, 128, 40, 40], ""dtype"": ""float32""}, {""shape"": [1, 128, 40, 40], ""dtype"": ""float32""}]",0,8.4.148,2026-09-14T03:37:17+00:00
yolo26s,fp32,1,640,leaf,99,19,m.0.cv1,Conv,19,60f5936cd97a1273,"Conv[128->64,k1,s1]@1x128x40x40","{""kind"": ""tensor"", ""shape"": [1, 128, 40, 40], ""dtype"": ""float32""}","[{""shape"": [1, 64, 40, 40], ""dtype"": ""float32""}]",8256,8.4.148,2026-09-14T03:37:17+00:00
yolo26s,fp32,1,640,leaf,100,19,m.0.m.0.cv1,Conv,19,ba295554e3a87a49,"Conv[64->64,k3,s1]@1x64x40x40","{""kind"": ""tensor"", ""shape"": [1, 64, 40, 40], ""dtype"": ""float32""}","[{""shape"": [1, 64, 40, 40], ""dtype"": ""float32""}]",36928,8.4.148,2026-09-14T03:37:17+00:00
yolo26s,fp32,1,640,leaf,101,19,m.0.m.0.cv2,Conv,19,ba295554e3a87a49,"Conv[64->64,k3,s1]@1x64x40x40","{""kind"": ""tensor"", ""shape"": [1, 64, 40, 40], ""dtype"": ""float32""}","[{""shape"": [1, 64, 40, 40], ""dtype"": ""float32""}]",36928,8.4.148,2026-09-14T03:37:17+00:00
yolo26s,fp32,1,640,leaf,102,19,op:add,op:add,19,8e9352ef37e5b809,op:add[]@1x64x40x40+1x64x40x40,"{""kind"": ""list"", ""items"": [{""shape"": [1, 64, 40, 40], ""dtype"": ""float32""}, {""shape"": [1, 64, 40, 40], ""dtype"": ""float32""}]}","[{""shape"": [1, 64, 40, 40], ""dtype"": ""float32""}]",0,8.4.148,2026-09-14T03:37:17+00:00
yolo26s,fp32,1,640,leaf,103,19,m.0.m.1.cv1,Conv,19,ba295554e3a87a49,"Conv[64->64,k3,s1]@1x64x40x40","{""kind"": ""tensor"", ""shape"": [1, 64, 40, 40], ""dtype"": ""float32""}","[{""shape"": [1, 64, 40, 40], ""dtype"": ""float32""}]",36928,8.4.148,2026-09-14T03:37:17+00:00
yolo26s,fp32,1,640,leaf,104,19,m.0.m.1.cv2,Conv,19,ba295554e3a87a49,"Conv[64->64,k3,s1]@1x64x40x40","{""kind"": ""tensor"", ""shape"": [1, 64, 40, 40], ""dtype"": ""float32""}","[{""shape"": [1, 64, 40, 40], ""dtype"": ""float32""}]",36928,8.4.148,2026-09-14T03:37:17+00:00
yolo26s,fp32,1,640,leaf,105,19,op:add,op:add,19,8e9352ef37e5b809,op:add[]@1x64x40x40+1x64x40x40,"{""kind"": ""list"", ""items"": [{""shape"": [1, 64, 40, 40], ""dtype"": ""float32""}, {""shape"": [1, 64, 40, 40], ""dtype"": ""float32""}]}","[{""shape"": [1, 64, 40, 40], ""dtype"": ""float32""}]",0,8.4.148,2026-09-14T03:37:17+00:00
yolo26s,fp32,1,640,leaf,106,19,m.0.cv2,Conv,19,60f5936cd97a1273,"Conv[128->64,k1,s1]@1x128x40x40","{""kind"": ""tensor"", ""shape"": [1, 128, 40, 40], ""dtype"": ""float32""}","[{""shape"": [1, 64, 40, 40], ""dtype"": ""float32""}]",8256,8.4.148,2026-09-14T03:37:17+00:00
yolo26s,fp32,1,640,leaf,107,19,op:cat,op:cat,19,656724c06b1c7ace,op:cat[1]@1x64x40x40+1x64x40x40,"{""kind"": ""list"", ""items"": [{""shape"": [1, 64, 40, 40], ""dtype"": ""float32""}, {""shape"": [1, 64, 40, 40], ""dtype"": ""float32""}]}","[{""shape"": [1, 128, 40, 40], ""dtype"": ""float32""}]",0,8.4.148,2026-09-14T03:37:17+00:00
yolo26s,fp32,1,640,leaf,108,19,m.0.cv3,Conv,19,1e47e2f3f4f773f4,"Conv[128->128,k1,s1]@1x128x40x40","{""kind"": ""tensor"", ""shape"": [1, 128, 40, 40], ""dtype"": ""float32""}","[{""shape"": [1, 128, 40, 40], ""dtype"": ""float32""}]",16512,8.4.148,2026-09-14T03:37:17+00:00
yolo26s,fp32,1,640,leaf,109,19,op:cat,op:cat,19,c0156b37de35a110,op:cat[1]@1x128x40x40+1x128x40x40+1x128x40x40,"{""kind"": ""list"", ""items"": [{""shape"": [1, 128, 40, 40], ""dtype"": ""float32""}, {""shape"": [1, 128, 40, 40], ""dtype"": ""float32""}, {""shape"": [1, 128, 40, 40], ""dtype"": ""float32""}]}","[{""shape"": [1, 384, 40, 40], ""dtype"": ""float32""}]",0,8.4.148,2026-09-14T03:37:17+00:00
yolo26s,fp32,1,640,leaf,110,19,cv2,Conv,19,440a73cfd49e8a0f,"Conv[384->256,k1,s1]@1x384x40x40","{""kind"": ""tensor"", ""shape"": [1, 384, 40, 40], ""dtype"": ""float32""}","[{""shape"": [1, 256, 40, 40], ""dtype"": ""float32""}]",98560,8.4.148,2026-09-14T03:37:17+00:00
yolo26s,fp32,1,640,leaf,111,20,,Conv,20,363d18475893ade5,"Conv[256->256,k3,s2]@1x256x40x40","{""kind"": ""tensor"", ""shape"": [1, 256, 40, 40], ""dtype"": ""float32""}","[{""shape"": [1, 256, 20, 20], ""dtype"": ""float32""}]",590080,8.4.148,2026-09-14T03:37:17+00:00
yolo26s,fp32,1,640,leaf,112,21,,Concat,21,53ad61ab4d97c03b,Concat[d=1]@1x256x20x20+1x512x20x20,"{""kind"": ""list"", ""items"": [{""shape"": [1, 256, 20, 20], ""dtype"": ""float32""}, {""shape"": [1, 512, 20, 20], ""dtype"": ""float32""}]}","[{""shape"": [1, 768, 20, 20], ""dtype"": ""float32""}]",0,8.4.148,2026-09-14T03:37:17+00:00
yolo26s,fp32,1,640,leaf,113,22,cv1,Conv,22,8fa73bf7f1bdcb03,"Conv[768->512,k1,s1]@1x768x20x20","{""kind"": ""tensor"", ""shape"": [1, 768, 20, 20], ""dtype"": ""float32""}","[{""shape"": [1, 512, 20, 20], ""dtype"": ""float32""}]",393728,8.4.148,2026-09-14T03:37:17+00:00
yolo26s,fp32,1,640,leaf,114,22,op:chunk,op:chunk,22,12889ce8ea8cddec,"op:chunk[2,1]@1x512x20x20","{""kind"": ""list"", ""items"": [{""shape"": [1, 512, 20, 20], ""dtype"": ""float32""}]}","[{""shape"": [1, 256, 20, 20], ""dtype"": ""float32""}, {""shape"": [1, 256, 20, 20], ""dtype"": ""float32""}]",0,8.4.148,2026-09-14T03:37:17+00:00
yolo26s,fp32,1,640,leaf,115,22,m.0.0.cv1,Conv,22,25413d56f2c7fefc,"Conv[256->128,k3,s1]@1x256x20x20","{""kind"": ""tensor"", ""shape"": [1, 256, 20, 20], ""dtype"": ""float32""}","[{""shape"": [1, 128, 20, 20], ""dtype"": ""float32""}]",295040,8.4.148,2026-09-14T03:37:17+00:00
yolo26s,fp32,1,640,leaf,116,22,m.0.0.cv2,Conv,22,22cdcbd6500093a8,"Conv[128->256,k3,s1]@1x128x20x20","{""kind"": ""tensor"", ""shape"": [1, 128, 20, 20], ""dtype"": ""float32""}","[{""shape"": [1, 256, 20, 20], ""dtype"": ""float32""}]",295168,8.4.148,2026-09-14T03:37:17+00:00
yolo26s,fp32,1,640,leaf,117,22,op:add,op:add,22,d10599b21e83f03c,op:add[]@1x256x20x20+1x256x20x20,"{""kind"": ""list"", ""items"": [{""shape"": [1, 256, 20, 20], ""dtype"": ""float32""}, {""shape"": [1, 256, 20, 20], ""dtype"": ""float32""}]}","[{""shape"": [1, 256, 20, 20], ""dtype"": ""float32""}]",0,8.4.148,2026-09-14T03:37:17+00:00
yolo26s,fp32,1,640,leaf,118,22,m.0.1.attn,Attention,22,87501ab6eeead3a3,"Attention[256->256,p=199936]@1x256x20x20","{""kind"": ""tensor"", ""shape"": [1, 256, 20, 20], ""dtype"": ""float32""}","[{""shape"": [1, 256, 20, 20], ""dtype"": ""float32""}]",199936,8.4.148,2026-09-14T03:37:17+00:00
yolo26s,fp32,1,640,leaf,119,22,op:add,op:add,22,d10599b21e83f03c,op:add[]@1x256x20x20+1x256x20x20,"{""kind"": ""list"", ""items"": [{""shape"": [1, 256, 20, 20], ""dtype"": ""float32""}, {""shape"": [1, 256, 20, 20], ""dtype"": ""float32""}]}","[{""shape"": [1, 256, 20, 20], ""dtype"": ""float32""}]",0,8.4.148,2026-09-14T03:37:17+00:00
yolo26s,fp32,1,640,leaf,120,22,m.0.1.ffn.0,Conv,22,9107ffd7fc86dace,"Conv[256->512,k1,s1]@1x256x20x20","{""kind"": ""tensor"", ""shape"": [1, 256, 20, 20], ""dtype"": ""float32""}","[{""shape"": [1, 512, 20, 20], ""dtype"": ""float32""}]",131584,8.4.148,2026-09-14T03:37:17+00:00
yolo26s,fp32,1,640,leaf,121,22,m.0.1.ffn.1,Conv,22,67568c7ff087692a,"Conv[512->256,k1,s1]@1x512x20x20","{""kind"": ""tensor"", ""shape"": [1, 512, 20, 20], ""dtype"": ""float32""}","[{""shape"": [1, 256, 20, 20], ""dtype"": ""float32""}]",131328,8.4.148,2026-09-14T03:37:17+00:00
yolo26s,fp32,1,640,leaf,122,22,op:add,op:add,22,d10599b21e83f03c,op:add[]@1x256x20x20+1x256x20x20,"{""kind"": ""list"", ""items"": [{""shape"": [1, 256, 20, 20], ""dtype"": ""float32""}, {""shape"": [1, 256, 20, 20], ""dtype"": ""float32""}]}","[{""shape"": [1, 256, 20, 20], ""dtype"": ""float32""}]",0,8.4.148,2026-09-14T03:37:17+00:00
yolo26s,fp32,1,640,leaf,123,22,op:cat,op:cat,22,b15e0002af07527a,op:cat[1]@1x256x20x20+1x256x20x20+1x256x20x20,"{""kind"": ""list"", ""items"": [{""shape"": [1, 256, 20, 20], ""dtype"": ""float32""}, {""shape"": [1, 256, 20, 20], ""dtype"": ""float32""}, {""shape"": [1, 256, 20, 20], ""dtype"": ""float32""}]}","[{""shape"": [1, 768, 20, 20], ""dtype"": ""float32""}]",0,8.4.148,2026-09-14T03:37:17+00:00
yolo26s,fp32,1,640,leaf,124,22,cv2,Conv,22,8fa73bf7f1bdcb03,"Conv[768->512,k1,s1]@1x768x20x20","{""kind"": ""tensor"", ""shape"": [1, 768, 20, 20], ""dtype"": ""float32""}","[{""shape"": [1, 512, 20, 20], ""dtype"": ""float32""}]",393728,8.4.148,2026-09-14T03:37:17+00:00
yolo26s,fp32,1,640,leaf,125,23,,Detect,23,22f6b4f1fd7aa6a9,"Detect[nc=80,e2e]@1x128x80x80+1x256x40x40+1x512x20x20","{""kind"": ""list"", ""items"": [{""shape"": [1, 128, 80, 80], ""dtype"": ""float32""}, {""shape"": [1, 256, 40, 40], ""dtype"": ""float32""}, {""shape"": [1, 512, 20, 20], ""dtype"": ""float32""}]}","[{""shape"": [1, 300, 6], ""dtype"": ""float32""}, {""shape"": [1, 4, 8400], ""dtype"": ""float32""}, {""shape"": [1, 80, 8400], ""dtype"": ""float32""}, {""shape"": [1, 128, 80, 80], ""dtype"": ""float32""}, {""shape"": [1, 256, 40, 40], ""dtype"": ""float32""}, {""shape"": [1, 512, 20, 20], ""dtype"": ""float32""}]",494652,8.4.148,2026-09-14T03:37:17+00:00
yolo26m,fp32,1,640,leaf,0,0,,Conv,0,7c444c1e370f89b1,"Conv[3->64,k3,s2]@1x3x640x640","{""kind"": ""tensor"", ""shape"": [1, 3, 640, 640], ""dtype"": ""float32""}","[{""shape"": [1, 64, 320, 320], ""dtype"": ""float32""}]",1792,8.4.148,2026-09-14T03:43:19+00:00
yolo26m,fp32,1,640,leaf,1,1,,Conv,1,267db7ddf7d6fb13,"Conv[64->128,k3,s2]@1x64x320x320","{""kind"": ""tensor"", ""shape"": [1, 64, 320, 320], ""dtype"": ""float32""}","[{""shape"": [1, 128, 160, 160], ""dtype"": ""float32""}]",73856,8.4.148,2026-09-14T03:43:19+00:00
yolo26m,fp32,1,640,leaf,2,2,cv1,Conv,2,20195878dbaa7d26,"Conv[128->128,k1,s1]@1x128x160x160","{""kind"": ""tensor"", ""shape"": [1, 128, 160, 160], ""dtype"": ""float32""}","[{""shape"": [1, 128, 160, 160], ""dtype"": ""float32""}]",16512,8.4.148,2026-09-14T03:43:19+00:00
yolo26m,fp32,1,640,leaf,3,2,op:chunk,op:chunk,2,3647a7207f66525d,"op:chunk[2,1]@1x128x160x160","{""kind"": ""list"", ""items"": [{""shape"": [1, 128, 160, 160], ""dtype"": ""float32""}]}","[{""shape"": [1, 64, 160, 160], ""dtype"": ""float32""}, {""shape"": [1, 64, 160, 160], ""dtype"": ""float32""}]",0,8.4.148,2026-09-14T03:43:19+00:00
yolo26m,fp32,1,640,leaf,4,2,m.0.cv1,Conv,2,f271c8cdab318f87,"Conv[64->32,k1,s1]@1x64x160x160","{""kind"": ""tensor"", ""shape"": [1, 64, 160, 160], ""dtype"": ""float32""}","[{""shape"": [1, 32, 160, 160], ""dtype"": ""float32""}]",2080,8.4.148,2026-09-14T03:43:19+00:00
yolo26m,fp32,1,640,leaf,5,2,m.0.m.0.cv1,Conv,2,8761bda59e301a4f,"Conv[32->32,k3,s1]@1x32x160x160","{""kind"": ""tensor"", ""shape"": [1, 32, 160, 160], ""dtype"": ""float32""}","[{""shape"": [1, 32, 160, 160], ""dtype"": ""float32""}]",9248,8.4.148,2026-09-14T03:43:19+00:00
yolo26m,fp32,1,640,leaf,6,2,m.0.m.0.cv2,Conv,2,8761bda59e301a4f,"Conv[32->32,k3,s1]@1x32x160x160","{""kind"": ""tensor"", ""shape"": [1, 32, 160, 160], ""dtype"": ""float32""}","[{""shape"": [1, 32, 160, 160], ""dtype"": ""float32""}]",9248,8.4.148,2026-09-14T03:43:19+00:00
yolo26m,fp32,1,640,leaf,7,2,op:add,op:add,2,1191e4f142683e30,op:add[]@1x32x160x160+1x32x160x160,"{""kind"": ""list"", ""items"": [{""shape"": [1, 32, 160, 160], ""dtype"": ""float32""}, {""shape"": [1, 32, 160, 160], ""dtype"": ""float32""}]}","[{""shape"": [1, 32, 160, 160], ""dtype"": ""float32""}]",0,8.4.148,2026-09-14T03:43:19+00:00
yolo26m,fp32,1,640,leaf,8,2,m.0.m.1.cv1,Conv,2,8761bda59e301a4f,"Conv[32->32,k3,s1]@1x32x160x160","{""kind"": ""tensor"", ""shape"": [1, 32, 160, 160], ""dtype"": ""float32""}","[{""shape"": [1, 32, 160, 160], ""dtype"": ""float32""}]",9248,8.4.148,2026-09-14T03:43:19+00:00
yolo26m,fp32,1,640,leaf,9,2,m.0.m.1.cv2,Conv,2,8761bda59e301a4f,"Conv[32->32,k3,s1]@1x32x160x160","{""kind"": ""tensor"", ""shape"": [1, 32, 160, 160], ""dtype"": ""float32""}","[{""shape"": [1, 32, 160, 160], ""dtype"": ""float32""}]",9248,8.4.148,2026-09-14T03:43:19+00:00
yolo26m,fp32,1,640,leaf,10,2,op:add,op:add,2,1191e4f142683e30,op:add[]@1x32x160x160+1x32x160x160,"{""kind"": ""list"", ""items"": [{""shape"": [1, 32, 160, 160], ""dtype"": ""float32""}, {""shape"": [1, 32, 160, 160], ""dtype"": ""float32""}]}","[{""shape"": [1, 32, 160, 160], ""dtype"": ""float32""}]",0,8.4.148,2026-09-14T03:43:19+00:00
yolo26m,fp32,1,640,leaf,11,2,m.0.cv2,Conv,2,f271c8cdab318f87,"Conv[64->32,k1,s1]@1x64x160x160","{""kind"": ""tensor"", ""shape"": [1, 64, 160, 160], ""dtype"": ""float32""}","[{""shape"": [1, 32, 160, 160], ""dtype"": ""float32""}]",2080,8.4.148,2026-09-14T03:43:19+00:00
yolo26m,fp32,1,640,leaf,12,2,op:cat,op:cat,2,fe23df34257d22ff,op:cat[1]@1x32x160x160+1x32x160x160,"{""kind"": ""list"", ""items"": [{""shape"": [1, 32, 160, 160], ""dtype"": ""float32""}, {""shape"": [1, 32, 160, 160], ""dtype"": ""float32""}]}","[{""shape"": [1, 64, 160, 160], ""dtype"": ""float32""}]",0,8.4.148,2026-09-14T03:43:19+00:00
yolo26m,fp32,1,640,leaf,13,2,m.0.cv3,Conv,2,8610e43e956152d8,"Conv[64->64,k1,s1]@1x64x160x160","{""kind"": ""tensor"", ""shape"": [1, 64, 160, 160], ""dtype"": ""float32""}","[{""shape"": [1, 64, 160, 160], ""dtype"": ""float32""}]",4160,8.4.148,2026-09-14T03:43:19+00:00
yolo26m,fp32,1,640,leaf,14,2,op:cat,op:cat,2,5d61d2c83309399e,op:cat[1]@1x64x160x160+1x64x160x160+1x64x160x160,"{""kind"": ""list"", ""items"": [{""shape"": [1, 64, 160, 160], ""dtype"": ""float32""}, {""shape"": [1, 64, 160, 160], ""dtype"": ""float32""}, {""shape"": [1, 64, 160, 160], ""dtype"": ""float32""}]}","[{""shape"": [1, 192, 160, 160], ""dtype"": ""float32""}]",0,8.4.148,2026-09-14T03:43:19+00:00
yolo26m,fp32,1,640,leaf,15,2,cv2,Conv,2,2fff9cfb53c9a68c,"Conv[192->256,k1,s1]@1x192x160x160","{""kind"": ""tensor"", ""shape"": [1, 192, 160, 160], ""dtype"": ""float32""}","[{""shape"": [1, 256, 160, 160], ""dtype"": ""float32""}]",49408,8.4.148,2026-09-14T03:43:19+00:00
yolo26m,fp32,1,640,leaf,16,3,,Conv,3,955291a5cd198354,"Conv[256->256,k3,s2]@1x256x160x160","{""kind"": ""tensor"", ""shape"": [1, 256, 160, 160], ""dtype"": ""float32""}","[{""shape"": [1, 256, 80, 80], ""dtype"": ""float32""}]",590080,8.4.148,2026-09-14T03:43:19+00:00
yolo26m,fp32,1,640,leaf,17,4,cv1,Conv,4,3d6d562f6d030549,"Conv[256->256,k1,s1]@1x256x80x80","{""kind"": ""tensor"", ""shape"": [1, 256, 80, 80], ""dtype"": ""float32""}","[{""shape"": [1, 256, 80, 80], ""dtype"": ""float32""}]",65792,8.4.148,2026-09-14T03:43:19+00:00
yolo26m,fp32,1,640,leaf,18,4,op:chunk,op:chunk,4,02901759b2f335d3,"op:chunk[2,1]@1x256x80x80","{""kind"": ""list"", ""items"": [{""shape"": [1, 256, 80, 80], ""dtype"": ""float32""}]}","[{""shape"": [1, 128, 80, 80], ""dtype"": ""float32""}, {""shape"": [1, 128, 80, 80], ""dtype"": ""float32""}]",0,8.4.148,2026-09-14T03:43:19+00:00
yolo26m,fp32,1,640,leaf,19,4,m.0.cv1,Conv,4,c34ac84e27c4b780,"Conv[128->64,k1,s1]@1x128x80x80","{""kind"": ""tensor"", ""shape"": [1, 128, 80, 80], ""dtype"": ""float32""}","[{""shape"": [1, 64, 80, 80], ""dtype"": ""float32""}]",8256,8.4.148,2026-09-14T03:43:19+00:00
yolo26m,fp32,1,640,leaf,20,4,m.0.m.0.cv1,Conv,4,495310f3993dea8c,"Conv[64->64,k3,s1]@1x64x80x80","{""kind"": ""tensor"", ""shape"": [1, 64, 80, 80], ""dtype"": ""float32""}","[{""shape"": [1, 64, 80, 80], ""dtype"": ""float32""}]",36928,8.4.148,2026-09-14T03:43:19+00:00
yolo26m,fp32,1,640,leaf,21,4,m.0.m.0.cv2,Conv,4,495310f3993dea8c,"Conv[64->64,k3,s1]@1x64x80x80","{""kind"": ""tensor"", ""shape"": [1, 64, 80, 80], ""dtype"": ""float32""}","[{""shape"": [1, 64, 80, 80], ""dtype"": ""float32""}]",36928,8.4.148,2026-09-14T03:43:19+00:00
yolo26m,fp32,1,640,leaf,22,4,op:add,op:add,4,bd915cfbe647f0e6,op:add[]@1x64x80x80+1x64x80x80,"{""kind"": ""list"", ""items"": [{""shape"": [1, 64, 80, 80], ""dtype"": ""float32""}, {""shape"": [1, 64, 80, 80], ""dtype"": ""float32""}]}","[{""shape"": [1, 64, 80, 80], ""dtype"": ""float32""}]",0,8.4.148,2026-09-14T03:43:19+00:00
yolo26m,fp32,1,640,leaf,23,4,m.0.m.1.cv1,Conv,4,495310f3993dea8c,"Conv[64->64,k3,s1]@1x64x80x80","{""kind"": ""tensor"", ""shape"": [1, 64, 80, 80], ""dtype"": ""float32""}","[{""shape"": [1, 64, 80, 80], ""dtype"": ""float32""}]",36928,8.4.148,2026-09-14T03:43:19+00:00
yolo26m,fp32,1,640,leaf,24,4,m.0.m.1.cv2,Conv,4,495310f3993dea8c,"Conv[64->64,k3,s1]@1x64x80x80","{""kind"": ""tensor"", ""shape"": [1, 64, 80, 80], ""dtype"": ""float32""}","[{""shape"": [1, 64, 80, 80], ""dtype"": ""float32""}]",36928,8.4.148,2026-09-14T03:43:19+00:00
yolo26m,fp32,1,640,leaf,25,4,op:add,op:add,4,bd915cfbe647f0e6,op:add[]@1x64x80x80+1x64x80x80,"{""kind"": ""list"", ""items"": [{""shape"": [1, 64, 80, 80], ""dtype"": ""float32""}, {""shape"": [1, 64, 80, 80], ""dtype"": ""float32""}]}","[{""shape"": [1, 64, 80, 80], ""dtype"": ""float32""}]",0,8.4.148,2026-09-14T03:43:19+00:00
yolo26m,fp32,1,640,leaf,26,4,m.0.cv2,Conv,4,c34ac84e27c4b780,"Conv[128->64,k1,s1]@1x128x80x80","{""kind"": ""tensor"", ""shape"": [1, 128, 80, 80], ""dtype"": ""float32""}","[{""shape"": [1, 64, 80, 80], ""dtype"": ""float32""}]",8256,8.4.148,2026-09-14T03:43:19+00:00
yolo26m,fp32,1,640,leaf,27,4,op:cat,op:cat,4,4fa88d8eb9608546,op:cat[1]@1x64x80x80+1x64x80x80,"{""kind"": ""list"", ""items"": [{""shape"": [1, 64, 80, 80], ""dtype"": ""float32""}, {""shape"": [1, 64, 80, 80], ""dtype"": ""float32""}]}","[{""shape"": [1, 128, 80, 80], ""dtype"": ""float32""}]",0,8.4.148,2026-09-14T03:43:19+00:00
yolo26m,fp32,1,640,leaf,28,4,m.0.cv3,Conv,4,37c70738f9f86043,"Conv[128->128,k1,s1]@1x128x80x80","{""kind"": ""tensor"", ""shape"": [1, 128, 80, 80], ""dtype"": ""float32""}","[{""shape"": [1, 128, 80, 80], ""dtype"": ""float32""}]",16512,8.4.148,2026-09-14T03:43:19+00:00
yolo26m,fp32,1,640,leaf,29,4,op:cat,op:cat,4,005846f502a7d5d7,op:cat[1]@1x128x80x80+1x128x80x80+1x128x80x80,"{""kind"": ""list"", ""items"": [{""shape"": [1, 128, 80, 80], ""dtype"": ""float32""}, {""shape"": [1, 128, 80, 80], ""dtype"": ""float32""}, {""shape"": [1, 128, 80, 80], ""dtype"": ""float32""}]}","[{""shape"": [1, 384, 80, 80], ""dtype"": ""float32""}]",0,8.4.148,2026-09-14T03:43:19+00:00
yolo26m,fp32,1,640,leaf,30,4,cv2,Conv,4,d07d882a7e8d59f0,"Conv[384->512,k1,s1]@1x384x80x80","{""kind"": ""tensor"", ""shape"": [1, 384, 80, 80], ""dtype"": ""float32""}","[{""shape"": [1, 512, 80, 80], ""dtype"": ""float32""}]",197120,8.4.148,2026-09-14T03:43:19+00:00
yolo26m,fp32,1,640,leaf,31,5,,Conv,5,3040cb2cd52f54a7,"Conv[512->512,k3,s2]@1x512x80x80","{""kind"": ""tensor"", ""shape"": [1, 512, 80, 80], ""dtype"": ""float32""}","[{""shape"": [1, 512, 40, 40], ""dtype"": ""float32""}]",2359808,8.4.148,2026-09-14T03:43:19+00:00
yolo26m,fp32,1,640,leaf,32,6,cv1,Conv,6,44f093929ecef7d3,"Conv[512->512,k1,s1]@1x512x40x40","{""kind"": ""tensor"", ""shape"": [1, 512, 40, 40], ""dtype"": ""float32""}","[{""shape"": [1, 512, 40, 40], ""dtype"": ""float32""}]",262656,8.4.148,2026-09-14T03:43:19+00:00
yolo26m,fp32,1,640,leaf,33,6,op:chunk,op:chunk,6,84c130dff5b597ff,"op:chunk[2,1]@1x512x40x40","{""kind"": ""list"", ""items"": [{""shape"": [1, 512, 40, 40], ""dtype"": ""float32""}]}","[{""shape"": [1, 256, 40, 40], ""dtype"": ""float32""}, {""shape"": [1, 256, 40, 40], ""dtype"": ""float32""}]",0,8.4.148,2026-09-14T03:43:19+00:00
yolo26m,fp32,1,640,leaf,34,6,m.0.cv1,Conv,6,75601b065a5e229b,"Conv[256->128,k1,s1]@1x256x40x40","{""kind"": ""tensor"", ""shape"": [1, 256, 40, 40], ""dtype"": ""float32""}","[{""shape"": [1, 128, 40, 40], ""dtype"": ""float32""}]",32896,8.4.148,2026-09-14T03:43:19+00:00
yolo26m,fp32,1,640,leaf,35,6,m.0.m.0.cv1,Conv,6,a1483ba7dbc7c07c,"Conv[128->128,k3,s1]@1x128x40x40","{""kind"": ""tensor"", ""shape"": [1, 128, 40, 40], ""dtype"": ""float32""}","[{""shape"": [1, 128, 40, 40], ""dtype"": ""float32""}]",147584,8.4.148,2026-09-14T03:43:19+00:00
yolo26m,fp32,1,640,leaf,36,6,m.0.m.0.cv2,Conv,6,a1483ba7dbc7c07c,"Conv[128->128,k3,s1]@1x128x40x40","{""kind"": ""tensor"", ""shape"": [1, 128, 40, 40], ""dtype"": ""float32""}","[{""shape"": [1, 128, 40, 40], ""dtype"": ""float32""}]",147584,8.4.148,2026-09-14T03:43:19+00:00
yolo26m,fp32,1,640,leaf,37,6,op:add,op:add,6,c8acca76a87407e6,op:add[]@1x128x40x40+1x128x40x40,"{""kind"": ""list"", ""items"": [{""shape"": [1, 128, 40, 40], ""dtype"": ""float32""}, {""shape"": [1, 128, 40, 40], ""dtype"": ""float32""}]}","[{""shape"": [1, 128, 40, 40], ""dtype"": ""float32""}]",0,8.4.148,2026-09-14T03:43:19+00:00
yolo26m,fp32,1,640,leaf,38,6,m.0.m.1.cv1,Conv,6,a1483ba7dbc7c07c,"Conv[128->128,k3,s1]@1x128x40x40","{""kind"": ""tensor"", ""shape"": [1, 128, 40, 40], ""dtype"": ""float32""}","[{""shape"": [1, 128, 40, 40], ""dtype"": ""float32""}]",147584,8.4.148,2026-09-14T03:43:19+00:00
yolo26m,fp32,1,640,leaf,39,6,m.0.m.1.cv2,Conv,6,a1483ba7dbc7c07c,"Conv[128->128,k3,s1]@1x128x40x40","{""kind"": ""tensor"", ""shape"": [1, 128, 40, 40], ""dtype"": ""float32""}","[{""shape"": [1, 128, 40, 40], ""dtype"": ""float32""}]",147584,8.4.148,2026-09-14T03:43:19+00:00
yolo26m,fp32,1,640,leaf,40,6,op:add,op:add,6,c8acca76a87407e6,op:add[]@1x128x40x40+1x128x40x40,"{""kind"": ""list"", ""items"": [{""shape"": [1, 128, 40, 40], ""dtype"": ""float32""}, {""shape"": [1, 128, 40, 40], ""dtype"": ""float32""}]}","[{""shape"": [1, 128, 40, 40], ""dtype"": ""float32""}]",0,8.4.148,2026-09-14T03:43:19+00:00
yolo26m,fp32,1,640,leaf,41,6,m.0.cv2,Conv,6,75601b065a5e229b,"Conv[256->128,k1,s1]@1x256x40x40","{""kind"": ""tensor"", ""shape"": [1, 256, 40, 40], ""dtype"": ""float32""}","[{""shape"": [1, 128, 40, 40], ""dtype"": ""float32""}]",32896,8.4.148,2026-09-14T03:43:19+00:00
yolo26m,fp32,1,640,leaf,42,6,op:cat,op:cat,6,8b70423467a04261,op:cat[1]@1x128x40x40+1x128x40x40,"{""kind"": ""list"", ""items"": [{""shape"": [1, 128, 40, 40], ""dtype"": ""float32""}, {""shape"": [1, 128, 40, 40], ""dtype"": ""float32""}]}","[{""shape"": [1, 256, 40, 40], ""dtype"": ""float32""}]",0,8.4.148,2026-09-14T03:43:19+00:00
yolo26m,fp32,1,640,leaf,43,6,m.0.cv3,Conv,6,23af8dfe52fcdc4d,"Conv[256->256,k1,s1]@1x256x40x40","{""kind"": ""tensor"", ""shape"": [1, 256, 40, 40], ""dtype"": ""float32""}","[{""shape"": [1, 256, 40, 40], ""dtype"": ""float32""}]",65792,8.4.148,2026-09-14T03:43:19+00:00
yolo26m,fp32,1,640,leaf,44,6,op:cat,op:cat,6,dc96e059221738e0,op:cat[1]@1x256x40x40+1x256x40x40+1x256x40x40,"{""kind"": ""list"", ""items"": [{""shape"": [1, 256, 40, 40], ""dtype"": ""float32""}, {""shape"": [1, 256, 40, 40], ""dtype"": ""float32""}, {""shape"": [1, 256, 40, 40], ""dtype"": ""float32""}]}","[{""shape"": [1, 768, 40, 40], ""dtype"": ""float32""}]",0,8.4.148,2026-09-14T03:43:19+00:00
yolo26m,fp32,1,640,leaf,45,6,cv2,Conv,6,32b8518782441a3a,"Conv[768->512,k1,s1]@1x768x40x40","{""kind"": ""tensor"", ""shape"": [1, 768, 40, 40], ""dtype"": ""float32""}","[{""shape"": [1, 512, 40, 40], ""dtype"": ""float32""}]",393728,8.4.148,2026-09-14T03:43:19+00:00
yolo26m,fp32,1,640,leaf,46,7,,Conv,7,e4ef9ed73247fe48,"Conv[512->512,k3,s2]@1x512x40x40","{""kind"": ""tensor"", ""shape"": [1, 512, 40, 40], ""dtype"": ""float32""}","[{""shape"": [1, 512, 20, 20], ""dtype"": ""float32""}]",2359808,8.4.148,2026-09-14T03:43:19+00:00
yolo26m,fp32,1,640,leaf,47,8,cv1,Conv,8,8ca8a00b85e9776d,"Conv[512->512,k1,s1]@1x512x20x20","{""kind"": ""tensor"", ""shape"": [1, 512, 20, 20], ""dtype"": ""float32""}","[{""shape"": [1, 512, 20, 20], ""dtype"": ""float32""}]",262656,8.4.148,2026-09-14T03:43:19+00:00
yolo26m,fp32,1,640,leaf,48,8,op:chunk,op:chunk,8,12889ce8ea8cddec,"op:chunk[2,1]@1x512x20x20","{""kind"": ""list"", ""items"": [{""shape"": [1, 512, 20, 20], ""dtype"": ""float32""}]}","[{""shape"": [1, 256, 20, 20], ""dtype"": ""float32""}, {""shape"": [1, 256, 20, 20], ""dtype"": ""float32""}]",0,8.4.148,2026-09-14T03:43:19+00:00
yolo26m,fp32,1,640,leaf,49,8,m.0.cv1,Conv,8,c8333f13264ecfd9,"Conv[256->128,k1,s1]@1x256x20x20","{""kind"": ""tensor"", ""shape"": [1, 256, 20, 20], ""dtype"": ""float32""}","[{""shape"": [1, 128, 20, 20], ""dtype"": ""float32""}]",32896,8.4.148,2026-09-14T03:43:19+00:00
yolo26m,fp32,1,640,leaf,50,8,m.0.m.0.cv1,Conv,8,5f6a6a2149226c08,"Conv[128->128,k3,s1]@1x128x20x20","{""kind"": ""tensor"", ""shape"": [1, 128, 20, 20], ""dtype"": ""float32""}","[{""shape"": [1, 128, 20, 20], ""dtype"": ""float32""}]",147584,8.4.148,2026-09-14T03:43:19+00:00
yolo26m,fp32,1,640,leaf,51,8,m.0.m.0.cv2,Conv,8,5f6a6a2149226c08,"Conv[128->128,k3,s1]@1x128x20x20","{""kind"": ""tensor"", ""shape"": [1, 128, 20, 20], ""dtype"": ""float32""}","[{""shape"": [1, 128, 20, 20], ""dtype"": ""float32""}]",147584,8.4.148,2026-09-14T03:43:19+00:00
yolo26m,fp32,1,640,leaf,52,8,op:add,op:add,8,501e281da4c6ecce,op:add[]@1x128x20x20+1x128x20x20,"{""kind"": ""list"", ""items"": [{""shape"": [1, 128, 20, 20], ""dtype"": ""float32""}, {""shape"": [1, 128, 20, 20], ""dtype"": ""float32""}]}","[{""shape"": [1, 128, 20, 20], ""dtype"": ""float32""}]",0,8.4.148,2026-09-14T03:43:19+00:00
yolo26m,fp32,1,640,leaf,53,8,m.0.m.1.cv1,Conv,8,5f6a6a2149226c08,"Conv[128->128,k3,s1]@1x128x20x20","{""kind"": ""tensor"", ""shape"": [1, 128, 20, 20], ""dtype"": ""float32""}","[{""shape"": [1, 128, 20, 20], ""dtype"": ""float32""}]",147584,8.4.148,2026-09-14T03:43:19+00:00
yolo26m,fp32,1,640,leaf,54,8,m.0.m.1.cv2,Conv,8,5f6a6a2149226c08,"Conv[128->128,k3,s1]@1x128x20x20","{""kind"": ""tensor"", ""shape"": [1, 128, 20, 20], ""dtype"": ""float32""}","[{""shape"": [1, 128, 20, 20], ""dtype"": ""float32""}]",147584,8.4.148,2026-09-14T03:43:19+00:00
yolo26m,fp32,1,640,leaf,55,8,op:add,op:add,8,501e281da4c6ecce,op:add[]@1x128x20x20+1x128x20x20,"{""kind"": ""list"", ""items"": [{""shape"": [1, 128, 20, 20], ""dtype"": ""float32""}, {""shape"": [1, 128, 20, 20], ""dtype"": ""float32""}]}","[{""shape"": [1, 128, 20, 20], ""dtype"": ""float32""}]",0,8.4.148,2026-09-14T03:43:19+00:00
yolo26m,fp32,1,640,leaf,56,8,m.0.cv2,Conv,8,c8333f13264ecfd9,"Conv[256->128,k1,s1]@1x256x20x20","{""kind"": ""tensor"", ""shape"": [1, 256, 20, 20], ""dtype"": ""float32""}","[{""shape"": [1, 128, 20, 20], ""dtype"": ""float32""}]",32896,8.4.148,2026-09-14T03:43:19+00:00
yolo26m,fp32,1,640,leaf,57,8,op:cat,op:cat,8,4455eab86eb73a18,op:cat[1]@1x128x20x20+1x128x20x20,"{""kind"": ""list"", ""items"": [{""shape"": [1, 128, 20, 20], ""dtype"": ""float32""}, {""shape"": [1, 128, 20, 20], ""dtype"": ""float32""}]}","[{""shape"": [1, 256, 20, 20], ""dtype"": ""float32""}]",0,8.4.148,2026-09-14T03:43:19+00:00
yolo26m,fp32,1,640,leaf,58,8,m.0.cv3,Conv,8,73cbfd59c6c24dfa,"Conv[256->256,k1,s1]@1x256x20x20","{""kind"": ""tensor"", ""shape"": [1, 256, 20, 20], ""dtype"": ""float32""}","[{""shape"": [1, 256, 20, 20], ""dtype"": ""float32""}]",65792,8.4.148,2026-09-14T03:43:19+00:00
yolo26m,fp32,1,640,leaf,59,8,op:cat,op:cat,8,b15e0002af07527a,op:cat[1]@1x256x20x20+1x256x20x20+1x256x20x20,"{""kind"": ""list"", ""items"": [{""shape"": [1, 256, 20, 20], ""dtype"": ""float32""}, {""shape"": [1, 256, 20, 20], ""dtype"": ""float32""}, {""shape"": [1, 256, 20, 20], ""dtype"": ""float32""}]}","[{""shape"": [1, 768, 20, 20], ""dtype"": ""float32""}]",0,8.4.148,2026-09-14T03:43:19+00:00
yolo26m,fp32,1,640,leaf,60,8,cv2,Conv,8,8fa73bf7f1bdcb03,"Conv[768->512,k1,s1]@1x768x20x20","{""kind"": ""tensor"", ""shape"": [1, 768, 20, 20], ""dtype"": ""float32""}","[{""shape"": [1, 512, 20, 20], ""dtype"": ""float32""}]",393728,8.4.148,2026-09-14T03:43:19+00:00
yolo26m,fp32,1,640,leaf,61,9,cv1,Conv,9,67568c7ff087692a,"Conv[512->256,k1,s1]@1x512x20x20","{""kind"": ""tensor"", ""shape"": [1, 512, 20, 20], ""dtype"": ""float32""}","[{""shape"": [1, 256, 20, 20], ""dtype"": ""float32""}]",131328,8.4.148,2026-09-14T03:43:19+00:00
yolo26m,fp32,1,640,leaf,62,9,m,MaxPool2d,9,c3660bbcc966afd5,MaxPool2d[p=0]@1x256x20x20,"{""kind"": ""tensor"", ""shape"": [1, 256, 20, 20], ""dtype"": ""float32""}","[{""shape"": [1, 256, 20, 20], ""dtype"": ""float32""}]",0,8.4.148,2026-09-14T03:43:19+00:00
yolo26m,fp32,1,640,leaf,63,9,m,MaxPool2d,9,c3660bbcc966afd5,MaxPool2d[p=0]@1x256x20x20,"{""kind"": ""tensor"", ""shape"": [1, 256, 20, 20], ""dtype"": ""float32""}","[{""shape"": [1, 256, 20, 20], ""dtype"": ""float32""}]",0,8.4.148,2026-09-14T03:43:19+00:00
yolo26m,fp32,1,640,leaf,64,9,m,MaxPool2d,9,c3660bbcc966afd5,MaxPool2d[p=0]@1x256x20x20,"{""kind"": ""tensor"", ""shape"": [1, 256, 20, 20], ""dtype"": ""float32""}","[{""shape"": [1, 256, 20, 20], ""dtype"": ""float32""}]",0,8.4.148,2026-09-14T03:43:19+00:00
yolo26m,fp32,1,640,leaf,65,9,op:cat,op:cat,9,de774739b210b292,op:cat[1]@1x256x20x20+1x256x20x20+1x256x20x20+1x256x20x20,"{""kind"": ""list"", ""items"": [{""shape"": [1, 256, 20, 20], ""dtype"": ""float32""}, {""shape"": [1, 256, 20, 20], ""dtype"": ""float32""}, {""shape"": [1, 256, 20, 20], ""dtype"": ""float32""}, {""shape"": [1, 256, 20, 20], ""dtype"": ""float32""}]}","[{""shape"": [1, 1024, 20, 20], ""dtype"": ""float32""}]",0,8.4.148,2026-09-14T03:43:19+00:00
yolo26m,fp32,1,640,leaf,66,9,cv2,Conv,9,2f88b651e610ec87,"Conv[1024->512,k1,s1]@1x1024x20x20","{""kind"": ""tensor"", ""shape"": [1, 1024, 20, 20], ""dtype"": ""float32""}","[{""shape"": [1, 512, 20, 20], ""dtype"": ""float32""}]",524800,8.4.148,2026-09-14T03:43:19+00:00
yolo26m,fp32,1,640,leaf,67,9,op:add,op:add,9,58048019ce9edcbc,op:add[]@1x512x20x20+1x512x20x20,"{""kind"": ""list"", ""items"": [{""shape"": [1, 512, 20, 20], ""dtype"": ""float32""}, {""shape"": [1, 512, 20, 20], ""dtype"": ""float32""}]}","[{""shape"": [1, 512, 20, 20], ""dtype"": ""float32""}]",0,8.4.148,2026-09-14T03:43:19+00:00
yolo26m,fp32,1,640,leaf,68,10,cv1,Conv,10,8ca8a00b85e9776d,"Conv[512->512,k1,s1]@1x512x20x20","{""kind"": ""tensor"", ""shape"": [1, 512, 20, 20], ""dtype"": ""float32""}","[{""shape"": [1, 512, 20, 20], ""dtype"": ""float32""}]",262656,8.4.148,2026-09-14T03:43:19+00:00
yolo26m,fp32,1,640,leaf,69,10,op:split,op:split,10,e4d960981e560242,"op:split[[256, 256],dim=1]@1x512x20x20","{""kind"": ""list"", ""items"": [{""shape"": [1, 512, 20, 20], ""dtype"": ""float32""}]}","[{""shape"": [1, 256, 20, 20], ""dtype"": ""float32""}, {""shape"": [1, 256, 20, 20], ""dtype"": ""float32""}]",0,8.4.148,2026-09-14T03:43:19+00:00
yolo26m,fp32,1,640,leaf,70,10,m.0.attn,Attention,10,87501ab6eeead3a3,"Attention[256->256,p=199936]@1x256x20x20","{""kind"": ""tensor"", ""shape"": [1, 256, 20, 20], ""dtype"": ""float32""}","[{""shape"": [1, 256, 20, 20], ""dtype"": ""float32""}]",199936,8.4.148,2026-09-14T03:43:19+00:00
yolo26m,fp32,1,640,leaf,71,10,op:add,op:add,10,d10599b21e83f03c,op:add[]@1x256x20x20+1x256x20x20,"{""kind"": ""list"", ""items"": [{""shape"": [1, 256, 20, 20], ""dtype"": ""float32""}, {""shape"": [1, 256, 20, 20], ""dtype"": ""float32""}]}","[{""shape"": [1, 256, 20, 20], ""dtype"": ""float32""}]",0,8.4.148,2026-09-14T03:43:19+00:00
yolo26m,fp32,1,640,leaf,72,10,m.0.ffn.0,Conv,10,9107ffd7fc86dace,"Conv[256->512,k1,s1]@1x256x20x20","{""kind"": ""tensor"", ""shape"": [1, 256, 20, 20], ""dtype"": ""float32""}","[{""shape"": [1, 512, 20, 20], ""dtype"": ""float32""}]",131584,8.4.148,2026-09-14T03:43:19+00:00
yolo26m,fp32,1,640,leaf,73,10,m.0.ffn.1,Conv,10,67568c7ff087692a,"Conv[512->256,k1,s1]@1x512x20x20","{""kind"": ""tensor"", ""shape"": [1, 512, 20, 20], ""dtype"": ""float32""}","[{""shape"": [1, 256, 20, 20], ""dtype"": ""float32""}]",131328,8.4.148,2026-09-14T03:43:19+00:00
yolo26m,fp32,1,640,leaf,74,10,op:add,op:add,10,d10599b21e83f03c,op:add[]@1x256x20x20+1x256x20x20,"{""kind"": ""list"", ""items"": [{""shape"": [1, 256, 20, 20], ""dtype"": ""float32""}, {""shape"": [1, 256, 20, 20], ""dtype"": ""float32""}]}","[{""shape"": [1, 256, 20, 20], ""dtype"": ""float32""}]",0,8.4.148,2026-09-14T03:43:19+00:00
yolo26m,fp32,1,640,leaf,75,10,op:cat,op:cat,10,c9379f0477365213,op:cat[1]@1x256x20x20+1x256x20x20,"{""kind"": ""list"", ""items"": [{""shape"": [1, 256, 20, 20], ""dtype"": ""float32""}, {""shape"": [1, 256, 20, 20], ""dtype"": ""float32""}]}","[{""shape"": [1, 512, 20, 20], ""dtype"": ""float32""}]",0,8.4.148,2026-09-14T03:43:19+00:00
yolo26m,fp32,1,640,leaf,76,10,cv2,Conv,10,8ca8a00b85e9776d,"Conv[512->512,k1,s1]@1x512x20x20","{""kind"": ""tensor"", ""shape"": [1, 512, 20, 20], ""dtype"": ""float32""}","[{""shape"": [1, 512, 20, 20], ""dtype"": ""float32""}]",262656,8.4.148,2026-09-14T03:43:19+00:00
yolo26m,fp32,1,640,leaf,77,11,,Upsample,11,f2bd84b1cf0e5086,"Upsample[x2.0,nearest]@1x512x20x20","{""kind"": ""tensor"", ""shape"": [1, 512, 20, 20], ""dtype"": ""float32""}","[{""shape"": [1, 512, 40, 40], ""dtype"": ""float32""}]",0,8.4.148,2026-09-14T03:43:19+00:00
yolo26m,fp32,1,640,leaf,78,12,,Concat,12,09590a79613b3a3b,Concat[d=1]@1x512x40x40+1x512x40x40,"{""kind"": ""list"", ""items"": [{""shape"": [1, 512, 40, 40], ""dtype"": ""float32""}, {""shape"": [1, 512, 40, 40], ""dtype"": ""float32""}]}","[{""shape"": [1, 1024, 40, 40], ""dtype"": ""float32""}]",0,8.4.148,2026-09-14T03:43:19+00:00
yolo26m,fp32,1,640,leaf,79,13,cv1,Conv,13,e24e0f340f874db2,"Conv[1024->512,k1,s1]@1x1024x40x40","{""kind"": ""tensor"", ""shape"": [1, 1024, 40, 40], ""dtype"": ""float32""}","[{""shape"": [1, 512, 40, 40], ""dtype"": ""float32""}]",524800,8.4.148,2026-09-14T03:43:19+00:00
yolo26m,fp32,1,640,leaf,80,13,op:chunk,op:chunk,13,84c130dff5b597ff,"op:chunk[2,1]@1x512x40x40","{""kind"": ""list"", ""items"": [{""shape"": [1, 512, 40, 40], ""dtype"": ""float32""}]}","[{""shape"": [1, 256, 40, 40], ""dtype"": ""float32""}, {""shape"": [1, 256, 40, 40], ""dtype"": ""float32""}]",0,8.4.148,2026-09-14T03:43:19+00:00
yolo26m,fp32,1,640,leaf,81,13,m.0.cv1,Conv,13,75601b065a5e229b,"Conv[256->128,k1,s1]@1x256x40x40","{""kind"": ""tensor"", ""shape"": [1, 256, 40, 40], ""dtype"": ""float32""}","[{""shape"": [1, 128, 40, 40], ""dtype"": ""float32""}]",32896,8.4.148,2026-09-14T03:43:19+00:00
yolo26m,fp32,1,640,leaf,82,13,m.0.m.0.cv1,Conv,13,a1483ba7dbc7c07c,"Conv[128->128,k3,s1]@1x128x40x40","{""kind"": ""tensor"", ""shape"": [1, 128, 40, 40], ""dtype"": ""float32""}","[{""shape"": [1, 128, 40, 40], ""dtype"": ""float32""}]",147584,8.4.148,2026-09-14T03:43:19+00:00
yolo26m,fp32,1,640,leaf,83,13,m.0.m.0.cv2,Conv,13,a1483ba7dbc7c07c,"Conv[128->128,k3,s1]@1x128x40x40","{""kind"": ""tensor"", ""shape"": [1, 128, 40, 40], ""dtype"": ""float32""}","[{""shape"": [1, 128, 40, 40], ""dtype"": ""float32""}]",147584,8.4.148,2026-09-14T03:43:19+00:00
yolo26m,fp32,1,640,leaf,84,13,op:add,op:add,13,c8acca76a87407e6,op:add[]@1x128x40x40+1x128x40x40,"{""kind"": ""list"", ""items"": [{""shape"": [1, 128, 40, 40], ""dtype"": ""float32""}, {""shape"": [1, 128, 40, 40], ""dtype"": ""float32""}]}","[{""shape"": [1, 128, 40, 40], ""dtype"": ""float32""}]",0,8.4.148,2026-09-14T03:43:19+00:00
yolo26m,fp32,1,640,leaf,85,13,m.0.m.1.cv1,Conv,13,a1483ba7dbc7c07c,"Conv[128->128,k3,s1]@1x128x40x40","{""kind"": ""tensor"", ""shape"": [1, 128, 40, 40], ""dtype"": ""float32""}","[{""shape"": [1, 128, 40, 40], ""dtype"": ""float32""}]",147584,8.4.148,2026-09-14T03:43:19+00:00
yolo26m,fp32,1,640,leaf,86,13,m.0.m.1.cv2,Conv,13,a1483ba7dbc7c07c,"Conv[128->128,k3,s1]@1x128x40x40","{""kind"": ""tensor"", ""shape"": [1, 128, 40, 40], ""dtype"": ""float32""}","[{""shape"": [1, 128, 40, 40], ""dtype"": ""float32""}]",147584,8.4.148,2026-09-14T03:43:19+00:00
yolo26m,fp32,1,640,leaf,87,13,op:add,op:add,13,c8acca76a87407e6,op:add[]@1x128x40x40+1x128x40x40,"{""kind"": ""list"", ""items"": [{""shape"": [1, 128, 40, 40], ""dtype"": ""float32""}, {""shape"": [1, 128, 40, 40], ""dtype"": ""float32""}]}","[{""shape"": [1, 128, 40, 40], ""dtype"": ""float32""}]",0,8.4.148,2026-09-14T03:43:19+00:00
yolo26m,fp32,1,640,leaf,88,13,m.0.cv2,Conv,13,75601b065a5e229b,"Conv[256->128,k1,s1]@1x256x40x40","{""kind"": ""tensor"", ""shape"": [1, 256, 40, 40], ""dtype"": ""float32""}","[{""shape"": [1, 128, 40, 40], ""dtype"": ""float32""}]",32896,8.4.148,2026-09-14T03:43:19+00:00
yolo26m,fp32,1,640,leaf,89,13,op:cat,op:cat,13,8b70423467a04261,op:cat[1]@1x128x40x40+1x128x40x40,"{""kind"": ""list"", ""items"": [{""shape"": [1, 128, 40, 40], ""dtype"": ""float32""}, {""shape"": [1, 128, 40, 40], ""dtype"": ""float32""}]}","[{""shape"": [1, 256, 40, 40], ""dtype"": ""float32""}]",0,8.4.148,2026-09-14T03:43:19+00:00
yolo26m,fp32,1,640,leaf,90,13,m.0.cv3,Conv,13,23af8dfe52fcdc4d,"Conv[256->256,k1,s1]@1x256x40x40","{""kind"": ""tensor"", ""shape"": [1, 256, 40, 40], ""dtype"": ""float32""}","[{""shape"": [1, 256, 40, 40], ""dtype"": ""float32""}]",65792,8.4.148,2026-09-14T03:43:19+00:00
yolo26m,fp32,1,640,leaf,91,13,op:cat,op:cat,13,dc96e059221738e0,op:cat[1]@1x256x40x40+1x256x40x40+1x256x40x40,"{""kind"": ""list"", ""items"": [{""shape"": [1, 256, 40, 40], ""dtype"": ""float32""}, {""shape"": [1, 256, 40, 40], ""dtype"": ""float32""}, {""shape"": [1, 256, 40, 40], ""dtype"": ""float32""}]}","[{""shape"": [1, 768, 40, 40], ""dtype"": ""float32""}]",0,8.4.148,2026-09-14T03:43:19+00:00
yolo26m,fp32,1,640,leaf,92,13,cv2,Conv,13,32b8518782441a3a,"Conv[768->512,k1,s1]@1x768x40x40","{""kind"": ""tensor"", ""shape"": [1, 768, 40, 40], ""dtype"": ""float32""}","[{""shape"": [1, 512, 40, 40], ""dtype"": ""float32""}]",393728,8.4.148,2026-09-14T03:43:19+00:00
yolo26m,fp32,1,640,leaf,93,14,,Upsample,14,8b039439e1af6674,"Upsample[x2.0,nearest]@1x512x40x40","{""kind"": ""tensor"", ""shape"": [1, 512, 40, 40], ""dtype"": ""float32""}","[{""shape"": [1, 512, 80, 80], ""dtype"": ""float32""}]",0,8.4.148,2026-09-14T03:43:19+00:00
yolo26m,fp32,1,640,leaf,94,15,,Concat,15,96c7f9427dfced2c,Concat[d=1]@1x512x80x80+1x512x80x80,"{""kind"": ""list"", ""items"": [{""shape"": [1, 512, 80, 80], ""dtype"": ""float32""}, {""shape"": [1, 512, 80, 80], ""dtype"": ""float32""}]}","[{""shape"": [1, 1024, 80, 80], ""dtype"": ""float32""}]",0,8.4.148,2026-09-14T03:43:19+00:00
yolo26m,fp32,1,640,leaf,95,16,cv1,Conv,16,b60e7b93172dcc57,"Conv[1024->256,k1,s1]@1x1024x80x80","{""kind"": ""tensor"", ""shape"": [1, 1024, 80, 80], ""dtype"": ""float32""}","[{""shape"": [1, 256, 80, 80], ""dtype"": ""float32""}]",262400,8.4.148,2026-09-14T03:43:19+00:00
yolo26m,fp32,1,640,leaf,96,16,op:chunk,op:chunk,16,02901759b2f335d3,"op:chunk[2,1]@1x256x80x80","{""kind"": ""list"", ""items"": [{""shape"": [1, 256, 80, 80], ""dtype"": ""float32""}]}","[{""shape"": [1, 128, 80, 80], ""dtype"": ""float32""}, {""shape"": [1, 128, 80, 80], ""dtype"": ""float32""}]",0,8.4.148,2026-09-14T03:43:19+00:00
yolo26m,fp32,1,640,leaf,97,16,m.0.cv1,Conv,16,c34ac84e27c4b780,"Conv[128->64,k1,s1]@1x128x80x80","{""kind"": ""tensor"", ""shape"": [1, 128, 80, 80], ""dtype"": ""float32""}","[{""shape"": [1, 64, 80, 80], ""dtype"": ""float32""}]",8256,8.4.148,2026-09-14T03:43:19+00:00
yolo26m,fp32,1,640,leaf,98,16,m.0.m.0.cv1,Conv,16,495310f3993dea8c,"Conv[64->64,k3,s1]@1x64x80x80","{""kind"": ""tensor"", ""shape"": [1, 64, 80, 80], ""dtype"": ""float32""}","[{""shape"": [1, 64, 80, 80], ""dtype"": ""float32""}]",36928,8.4.148,2026-09-14T03:43:19+00:00
yolo26m,fp32,1,640,leaf,99,16,m.0.m.0.cv2,Conv,16,495310f3993dea8c,"Conv[64->64,k3,s1]@1x64x80x80","{""kind"": ""tensor"", ""shape"": [1, 64, 80, 80], ""dtype"": ""float32""}","[{""shape"": [1, 64, 80, 80], ""dtype"": ""float32""}]",36928,8.4.148,2026-09-14T03:43:19+00:00
yolo26m,fp32,1,640,leaf,100,16,op:add,op:add,16,bd915cfbe647f0e6,op:add[]@1x64x80x80+1x64x80x80,"{""kind"": ""list"", ""items"": [{""shape"": [1, 64, 80, 80], ""dtype"": ""float32""}, {""shape"": [1, 64, 80, 80], ""dtype"": ""float32""}]}","[{""shape"": [1, 64, 80, 80], ""dtype"": ""float32""}]",0,8.4.148,2026-09-14T03:43:19+00:00
yolo26m,fp32,1,640,leaf,101,16,m.0.m.1.cv1,Conv,16,495310f3993dea8c,"Conv[64->64,k3,s1]@1x64x80x80","{""kind"": ""tensor"", ""shape"": [1, 64, 80, 80], ""dtype"": ""float32""}","[{""shape"": [1, 64, 80, 80], ""dtype"": ""float32""}]",36928,8.4.148,2026-09-14T03:43:19+00:00
yolo26m,fp32,1,640,leaf,102,16,m.0.m.1.cv2,Conv,16,495310f3993dea8c,"Conv[64->64,k3,s1]@1x64x80x80","{""kind"": ""tensor"", ""shape"": [1, 64, 80, 80], ""dtype"": ""float32""}","[{""shape"": [1, 64, 80, 80], ""dtype"": ""float32""}]",36928,8.4.148,2026-09-14T03:43:19+00:00
yolo26m,fp32,1,640,leaf,103,16,op:add,op:add,16,bd915cfbe647f0e6,op:add[]@1x64x80x80+1x64x80x80,"{""kind"": ""list"", ""items"": [{""shape"": [1, 64, 80, 80], ""dtype"": ""float32""}, {""shape"": [1, 64, 80, 80], ""dtype"": ""float32""}]}","[{""shape"": [1, 64, 80, 80], ""dtype"": ""float32""}]",0,8.4.148,2026-09-14T03:43:19+00:00
yolo26m,fp32,1,640,leaf,104,16,m.0.cv2,Conv,16,c34ac84e27c4b780,"Conv[128->64,k1,s1]@1x128x80x80","{""kind"": ""tensor"", ""shape"": [1, 128, 80, 80], ""dtype"": ""float32""}","[{""shape"": [1, 64, 80, 80], ""dtype"": ""float32""}]",8256,8.4.148,2026-09-14T03:43:19+00:00
yolo26m,fp32,1,640,leaf,105,16,op:cat,op:cat,16,4fa88d8eb9608546,op:cat[1]@1x64x80x80+1x64x80x80,"{""kind"": ""list"", ""items"": [{""shape"": [1, 64, 80, 80], ""dtype"": ""float32""}, {""shape"": [1, 64, 80, 80], ""dtype"": ""float32""}]}","[{""shape"": [1, 128, 80, 80], ""dtype"": ""float32""}]",0,8.4.148,2026-09-14T03:43:19+00:00
yolo26m,fp32,1,640,leaf,106,16,m.0.cv3,Conv,16,37c70738f9f86043,"Conv[128->128,k1,s1]@1x128x80x80","{""kind"": ""tensor"", ""shape"": [1, 128, 80, 80], ""dtype"": ""float32""}","[{""shape"": [1, 128, 80, 80], ""dtype"": ""float32""}]",16512,8.4.148,2026-09-14T03:43:19+00:00
yolo26m,fp32,1,640,leaf,107,16,op:cat,op:cat,16,005846f502a7d5d7,op:cat[1]@1x128x80x80+1x128x80x80+1x128x80x80,"{""kind"": ""list"", ""items"": [{""shape"": [1, 128, 80, 80], ""dtype"": ""float32""}, {""shape"": [1, 128, 80, 80], ""dtype"": ""float32""}, {""shape"": [1, 128, 80, 80], ""dtype"": ""float32""}]}","[{""shape"": [1, 384, 80, 80], ""dtype"": ""float32""}]",0,8.4.148,2026-09-14T03:43:19+00:00
yolo26m,fp32,1,640,leaf,108,16,cv2,Conv,16,e03a8685f84bb63d,"Conv[384->256,k1,s1]@1x384x80x80","{""kind"": ""tensor"", ""shape"": [1, 384, 80, 80], ""dtype"": ""float32""}","[{""shape"": [1, 256, 80, 80], ""dtype"": ""float32""}]",98560,8.4.148,2026-09-14T03:43:19+00:00
yolo26m,fp32,1,640,leaf,109,17,,Conv,17,8db2c8e048a70901,"Conv[256->256,k3,s2]@1x256x80x80","{""kind"": ""tensor"", ""shape"": [1, 256, 80, 80], ""dtype"": ""float32""}","[{""shape"": [1, 256, 40, 40], ""dtype"": ""float32""}]",590080,8.4.148,2026-09-14T03:43:19+00:00
yolo26m,fp32,1,640,leaf,110,18,,Concat,18,d3902b4375aba7ef,Concat[d=1]@1x256x40x40+1x512x40x40,"{""kind"": ""list"", ""items"": [{""shape"": [1, 256, 40, 40], ""dtype"": ""float32""}, {""shape"": [1, 512, 40, 40], ""dtype"": ""float32""}]}","[{""shape"": [1, 768, 40, 40], ""dtype"": ""float32""}]",0,8.4.148,2026-09-14T03:43:19+00:00
yolo26m,fp32,1,640,leaf,111,19,cv1,Conv,19,32b8518782441a3a,"Conv[768->512,k1,s1]@1x768x40x40","{""kind"": ""tensor"", ""shape"": [1, 768, 40, 40], ""dtype"": ""float32""}","[{""shape"": [1, 512, 40, 40], ""dtype"": ""float32""}]",393728,8.4.148,2026-09-14T03:43:19+00:00
yolo26m,fp32,1,640,leaf,112,19,op:chunk,op:chunk,19,84c130dff5b597ff,"op:chunk[2,1]@1x512x40x40","{""kind"": ""list"", ""items"": [{""shape"": [1, 512, 40, 40], ""dtype"": ""float32""}]}","[{""shape"": [1, 256, 40, 40], ""dtype"": ""float32""}, {""shape"": [1, 256, 40, 40], ""dtype"": ""float32""}]",0,8.4.148,2026-09-14T03:43:19+00:00
yolo26m,fp32,1,640,leaf,113,19,m.0.cv1,Conv,19,75601b065a5e229b,"Conv[256->128,k1,s1]@1x256x40x40","{""kind"": ""tensor"", ""shape"": [1, 256, 40, 40], ""dtype"": ""float32""}","[{""shape"": [1, 128, 40, 40], ""dtype"": ""float32""}]",32896,8.4.148,2026-09-14T03:43:19+00:00
yolo26m,fp32,1,640,leaf,114,19,m.0.m.0.cv1,Conv,19,a1483ba7dbc7c07c,"Conv[128->128,k3,s1]@1x128x40x40","{""kind"": ""tensor"", ""shape"": [1, 128, 40, 40], ""dtype"": ""float32""}","[{""shape"": [1, 128, 40, 40], ""dtype"": ""float32""}]",147584,8.4.148,2026-09-14T03:43:19+00:00
yolo26m,fp32,1,640,leaf,115,19,m.0.m.0.cv2,Conv,19,a1483ba7dbc7c07c,"Conv[128->128,k3,s1]@1x128x40x40","{""kind"": ""tensor"", ""shape"": [1, 128, 40, 40], ""dtype"": ""float32""}","[{""shape"": [1, 128, 40, 40], ""dtype"": ""float32""}]",147584,8.4.148,2026-09-14T03:43:19+00:00
yolo26m,fp32,1,640,leaf,116,19,op:add,op:add,19,c8acca76a87407e6,op:add[]@1x128x40x40+1x128x40x40,"{""kind"": ""list"", ""items"": [{""shape"": [1, 128, 40, 40], ""dtype"": ""float32""}, {""shape"": [1, 128, 40, 40], ""dtype"": ""float32""}]}","[{""shape"": [1, 128, 40, 40], ""dtype"": ""float32""}]",0,8.4.148,2026-09-14T03:43:19+00:00
yolo26m,fp32,1,640,leaf,117,19,m.0.m.1.cv1,Conv,19,a1483ba7dbc7c07c,"Conv[128->128,k3,s1]@1x128x40x40","{""kind"": ""tensor"", ""shape"": [1, 128, 40, 40], ""dtype"": ""float32""}","[{""shape"": [1, 128, 40, 40], ""dtype"": ""float32""}]",147584,8.4.148,2026-09-14T03:43:19+00:00
yolo26m,fp32,1,640,leaf,118,19,m.0.m.1.cv2,Conv,19,a1483ba7dbc7c07c,"Conv[128->128,k3,s1]@1x128x40x40","{""kind"": ""tensor"", ""shape"": [1, 128, 40, 40], ""dtype"": ""float32""}","[{""shape"": [1, 128, 40, 40], ""dtype"": ""float32""}]",147584,8.4.148,2026-09-14T03:43:19+00:00
yolo26m,fp32,1,640,leaf,119,19,op:add,op:add,19,c8acca76a87407e6,op:add[]@1x128x40x40+1x128x40x40,"{""kind"": ""list"", ""items"": [{""shape"": [1, 128, 40, 40], ""dtype"": ""float32""}, {""shape"": [1, 128, 40, 40], ""dtype"": ""float32""}]}","[{""shape"": [1, 128, 40, 40], ""dtype"": ""float32""}]",0,8.4.148,2026-09-14T03:43:19+00:00
yolo26m,fp32,1,640,leaf,120,19,m.0.cv2,Conv,19,75601b065a5e229b,"Conv[256->128,k1,s1]@1x256x40x40","{""kind"": ""tensor"", ""shape"": [1, 256, 40, 40], ""dtype"": ""float32""}","[{""shape"": [1, 128, 40, 40], ""dtype"": ""float32""}]",32896,8.4.148,2026-09-14T03:43:19+00:00
yolo26m,fp32,1,640,leaf,121,19,op:cat,op:cat,19,8b70423467a04261,op:cat[1]@1x128x40x40+1x128x40x40,"{""kind"": ""list"", ""items"": [{""shape"": [1, 128, 40, 40], ""dtype"": ""float32""}, {""shape"": [1, 128, 40, 40], ""dtype"": ""float32""}]}","[{""shape"": [1, 256, 40, 40], ""dtype"": ""float32""}]",0,8.4.148,2026-09-14T03:43:19+00:00
yolo26m,fp32,1,640,leaf,122,19,m.0.cv3,Conv,19,23af8dfe52fcdc4d,"Conv[256->256,k1,s1]@1x256x40x40","{""kind"": ""tensor"", ""shape"": [1, 256, 40, 40], ""dtype"": ""float32""}","[{""shape"": [1, 256, 40, 40], ""dtype"": ""float32""}]",65792,8.4.148,2026-09-14T03:43:19+00:00
yolo26m,fp32,1,640,leaf,123,19,op:cat,op:cat,19,dc96e059221738e0,op:cat[1]@1x256x40x40+1x256x40x40+1x256x40x40,"{""kind"": ""list"", ""items"": [{""shape"": [1, 256, 40, 40], ""dtype"": ""float32""}, {""shape"": [1, 256, 40, 40], ""dtype"": ""float32""}, {""shape"": [1, 256, 40, 40], ""dtype"": ""float32""}]}","[{""shape"": [1, 768, 40, 40], ""dtype"": ""float32""}]",0,8.4.148,2026-09-14T03:43:19+00:00
yolo26m,fp32,1,640,leaf,124,19,cv2,Conv,19,32b8518782441a3a,"Conv[768->512,k1,s1]@1x768x40x40","{""kind"": ""tensor"", ""shape"": [1, 768, 40, 40], ""dtype"": ""float32""}","[{""shape"": [1, 512, 40, 40], ""dtype"": ""float32""}]",393728,8.4.148,2026-09-14T03:43:19+00:00
yolo26m,fp32,1,640,leaf,125,20,,Conv,20,e4ef9ed73247fe48,"Conv[512->512,k3,s2]@1x512x40x40","{""kind"": ""tensor"", ""shape"": [1, 512, 40, 40], ""dtype"": ""float32""}","[{""shape"": [1, 512, 20, 20], ""dtype"": ""float32""}]",2359808,8.4.148,2026-09-14T03:43:19+00:00
yolo26m,fp32,1,640,leaf,126,21,,Concat,21,2790e6163326a31a,Concat[d=1]@1x512x20x20+1x512x20x20,"{""kind"": ""list"", ""items"": [{""shape"": [1, 512, 20, 20], ""dtype"": ""float32""}, {""shape"": [1, 512, 20, 20], ""dtype"": ""float32""}]}","[{""shape"": [1, 1024, 20, 20], ""dtype"": ""float32""}]",0,8.4.148,2026-09-14T03:43:19+00:00
yolo26m,fp32,1,640,leaf,127,22,cv1,Conv,22,2f88b651e610ec87,"Conv[1024->512,k1,s1]@1x1024x20x20","{""kind"": ""tensor"", ""shape"": [1, 1024, 20, 20], ""dtype"": ""float32""}","[{""shape"": [1, 512, 20, 20], ""dtype"": ""float32""}]",524800,8.4.148,2026-09-14T03:43:19+00:00
yolo26m,fp32,1,640,leaf,128,22,op:chunk,op:chunk,22,12889ce8ea8cddec,"op:chunk[2,1]@1x512x20x20","{""kind"": ""list"", ""items"": [{""shape"": [1, 512, 20, 20], ""dtype"": ""float32""}]}","[{""shape"": [1, 256, 20, 20], ""dtype"": ""float32""}, {""shape"": [1, 256, 20, 20], ""dtype"": ""float32""}]",0,8.4.148,2026-09-14T03:43:19+00:00
yolo26m,fp32,1,640,leaf,129,22,m.0.0.cv1,Conv,22,25413d56f2c7fefc,"Conv[256->128,k3,s1]@1x256x20x20","{""kind"": ""tensor"", ""shape"": [1, 256, 20, 20], ""dtype"": ""float32""}","[{""shape"": [1, 128, 20, 20], ""dtype"": ""float32""}]",295040,8.4.148,2026-09-14T03:43:19+00:00
yolo26m,fp32,1,640,leaf,130,22,m.0.0.cv2,Conv,22,22cdcbd6500093a8,"Conv[128->256,k3,s1]@1x128x20x20","{""kind"": ""tensor"", ""shape"": [1, 128, 20, 20], ""dtype"": ""float32""}","[{""shape"": [1, 256, 20, 20], ""dtype"": ""float32""}]",295168,8.4.148,2026-09-14T03:43:19+00:00
yolo26m,fp32,1,640,leaf,131,22,op:add,op:add,22,d10599b21e83f03c,op:add[]@1x256x20x20+1x256x20x20,"{""kind"": ""list"", ""items"": [{""shape"": [1, 256, 20, 20], ""dtype"": ""float32""}, {""shape"": [1, 256, 20, 20], ""dtype"": ""float32""}]}","[{""shape"": [1, 256, 20, 20], ""dtype"": ""float32""}]",0,8.4.148,2026-09-14T03:43:19+00:00
yolo26m,fp32,1,640,leaf,132,22,m.0.1.attn,Attention,22,87501ab6eeead3a3,"Attention[256->256,p=199936]@1x256x20x20","{""kind"": ""tensor"", ""shape"": [1, 256, 20, 20], ""dtype"": ""float32""}","[{""shape"": [1, 256, 20, 20], ""dtype"": ""float32""}]",199936,8.4.148,2026-09-14T03:43:19+00:00
yolo26m,fp32,1,640,leaf,133,22,op:add,op:add,22,d10599b21e83f03c,op:add[]@1x256x20x20+1x256x20x20,"{""kind"": ""list"", ""items"": [{""shape"": [1, 256, 20, 20], ""dtype"": ""float32""}, {""shape"": [1, 256, 20, 20], ""dtype"": ""float32""}]}","[{""shape"": [1, 256, 20, 20], ""dtype"": ""float32""}]",0,8.4.148,2026-09-14T03:43:19+00:00
yolo26m,fp32,1,640,leaf,134,22,m.0.1.ffn.0,Conv,22,9107ffd7fc86dace,"Conv[256->512,k1,s1]@1x256x20x20","{""kind"": ""tensor"", ""shape"": [1, 256, 20, 20], ""dtype"": ""float32""}","[{""shape"": [1, 512, 20, 20], ""dtype"": ""float32""}]",131584,8.4.148,2026-09-14T03:43:19+00:00
yolo26m,fp32,1,640,leaf,135,22,m.0.1.ffn.1,Conv,22,67568c7ff087692a,"Conv[512->256,k1,s1]@1x512x20x20","{""kind"": ""tensor"", ""shape"": [1, 512, 20, 20], ""dtype"": ""float32""}","[{""shape"": [1, 256, 20, 20], ""dtype"": ""float32""}]",131328,8.4.148,2026-09-14T03:43:19+00:00
yolo26m,fp32,1,640,leaf,136,22,op:add,op:add,22,d10599b21e83f03c,op:add[]@1x256x20x20+1x256x20x20,"{""kind"": ""list"", ""items"": [{""shape"": [1, 256, 20, 20], ""dtype"": ""float32""}, {""shape"": [1, 256, 20, 20], ""dtype"": ""float32""}]}","[{""shape"": [1, 256, 20, 20], ""dtype"": ""float32""}]",0,8.4.148,2026-09-14T03:43:19+00:00
yolo26m,fp32,1,640,leaf,137,22,op:cat,op:cat,22,b15e0002af07527a,op:cat[1]@1x256x20x20+1x256x20x20+1x256x20x20,"{""kind"": ""list"", ""items"": [{""shape"": [1, 256, 20, 20], ""dtype"": ""float32""}, {""shape"": [1, 256, 20, 20], ""dtype"": ""float32""}, {""shape"": [1, 256, 20, 20], ""dtype"": ""float32""}]}","[{""shape"": [1, 768, 20, 20], ""dtype"": ""float32""}]",0,8.4.148,2026-09-14T03:43:19+00:00
yolo26m,fp32,1,640,leaf,138,22,cv2,Conv,22,8fa73bf7f1bdcb03,"Conv[768->512,k1,s1]@1x768x20x20","{""kind"": ""tensor"", ""shape"": [1, 768, 20, 20], ""dtype"": ""float32""}","[{""shape"": [1, 512, 20, 20], ""dtype"": ""float32""}]",393728,8.4.148,2026-09-14T03:43:19+00:00
yolo26m,fp32,1,640,leaf,139,23,,Detect,23,3d1a9c8e3f245ae1,"Detect[nc=80,e2e]@1x256x80x80+1x512x40x40+1x512x20x20","{""kind"": ""list"", ""items"": [{""shape"": [1, 256, 80, 80], ""dtype"": ""float32""}, {""shape"": [1, 512, 40, 40], ""dtype"": ""float32""}, {""shape"": [1, 512, 20, 20], ""dtype"": ""float32""}]}","[{""shape"": [1, 300, 6], ""dtype"": ""float32""}, {""shape"": [1, 4, 8400], ""dtype"": ""float32""}, {""shape"": [1, 80, 8400], ""dtype"": ""float32""}, {""shape"": [1, 256, 80, 80], ""dtype"": ""float32""}, {""shape"": [1, 512, 40, 40], ""dtype"": ""float32""}, {""shape"": [1, 512, 20, 20], ""dtype"": ""float32""}]",1457020,8.4.148,2026-09-14T03:43:19+00:00
yolo26l,fp32,1,640,leaf,0,0,,Conv,0,7c444c1e370f89b1,"Conv[3->64,k3,s2]@1x3x640x640","{""kind"": ""tensor"", ""shape"": [1, 3, 640, 640], ""dtype"": ""float32""}","[{""shape"": [1, 64, 320, 320], ""dtype"": ""float32""}]",1792,8.4.148,2026-09-14T03:46:41+00:00
yolo26l,fp32,1,640,leaf,1,1,,Conv,1,267db7ddf7d6fb13,"Conv[64->128,k3,s2]@1x64x320x320","{""kind"": ""tensor"", ""shape"": [1, 64, 320, 320], ""dtype"": ""float32""}","[{""shape"": [1, 128, 160, 160], ""dtype"": ""float32""}]",73856,8.4.148,2026-09-14T03:46:41+00:00
yolo26l,fp32,1,640,leaf,2,2,cv1,Conv,2,20195878dbaa7d26,"Conv[128->128,k1,s1]@1x128x160x160","{""kind"": ""tensor"", ""shape"": [1, 128, 160, 160], ""dtype"": ""float32""}","[{""shape"": [1, 128, 160, 160], ""dtype"": ""float32""}]",16512,8.4.148,2026-09-14T03:46:41+00:00
yolo26l,fp32,1,640,leaf,3,2,op:chunk,op:chunk,2,3647a7207f66525d,"op:chunk[2,1]@1x128x160x160","{""kind"": ""list"", ""items"": [{""shape"": [1, 128, 160, 160], ""dtype"": ""float32""}]}","[{""shape"": [1, 64, 160, 160], ""dtype"": ""float32""}, {""shape"": [1, 64, 160, 160], ""dtype"": ""float32""}]",0,8.4.148,2026-09-14T03:46:41+00:00
yolo26l,fp32,1,640,leaf,4,2,m.0.cv1,Conv,2,f271c8cdab318f87,"Conv[64->32,k1,s1]@1x64x160x160","{""kind"": ""tensor"", ""shape"": [1, 64, 160, 160], ""dtype"": ""float32""}","[{""shape"": [1, 32, 160, 160], ""dtype"": ""float32""}]",2080,8.4.148,2026-09-14T03:46:41+00:00
yolo26l,fp32,1,640,leaf,5,2,m.0.m.0.cv1,Conv,2,8761bda59e301a4f,"Conv[32->32,k3,s1]@1x32x160x160","{""kind"": ""tensor"", ""shape"": [1, 32, 160, 160], ""dtype"": ""float32""}","[{""shape"": [1, 32, 160, 160], ""dtype"": ""float32""}]",9248,8.4.148,2026-09-14T03:46:41+00:00
yolo26l,fp32,1,640,leaf,6,2,m.0.m.0.cv2,Conv,2,8761bda59e301a4f,"Conv[32->32,k3,s1]@1x32x160x160","{""kind"": ""tensor"", ""shape"": [1, 32, 160, 160], ""dtype"": ""float32""}","[{""shape"": [1, 32, 160, 160], ""dtype"": ""float32""}]",9248,8.4.148,2026-09-14T03:46:41+00:00
yolo26l,fp32,1,640,leaf,7,2,op:add,op:add,2,1191e4f142683e30,op:add[]@1x32x160x160+1x32x160x160,"{""kind"": ""list"", ""items"": [{""shape"": [1, 32, 160, 160], ""dtype"": ""float32""}, {""shape"": [1, 32, 160, 160], ""dtype"": ""float32""}]}","[{""shape"": [1, 32, 160, 160], ""dtype"": ""float32""}]",0,8.4.148,2026-09-14T03:46:41+00:00
yolo26l,fp32,1,640,leaf,8,2,m.0.m.1.cv1,Conv,2,8761bda59e301a4f,"Conv[32->32,k3,s1]@1x32x160x160","{""kind"": ""tensor"", ""shape"": [1, 32, 160, 160], ""dtype"": ""float32""}","[{""shape"": [1, 32, 160, 160], ""dtype"": ""float32""}]",9248,8.4.148,2026-09-14T03:46:41+00:00
yolo26l,fp32,1,640,leaf,9,2,m.0.m.1.cv2,Conv,2,8761bda59e301a4f,"Conv[32->32,k3,s1]@1x32x160x160","{""kind"": ""tensor"", ""shape"": [1, 32, 160, 160], ""dtype"": ""float32""}","[{""shape"": [1, 32, 160, 160], ""dtype"": ""float32""}]",9248,8.4.148,2026-09-14T03:46:41+00:00
yolo26l,fp32,1,640,leaf,10,2,op:add,op:add,2,1191e4f142683e30,op:add[]@1x32x160x160+1x32x160x160,"{""kind"": ""list"", ""items"": [{""shape"": [1, 32, 160, 160], ""dtype"": ""float32""}, {""shape"": [1, 32, 160, 160], ""dtype"": ""float32""}]}","[{""shape"": [1, 32, 160, 160], ""dtype"": ""float32""}]",0,8.4.148,2026-09-14T03:46:41+00:00
yolo26l,fp32,1,640,leaf,11,2,m.0.cv2,Conv,2,f271c8cdab318f87,"Conv[64->32,k1,s1]@1x64x160x160","{""kind"": ""tensor"", ""shape"": [1, 64, 160, 160], ""dtype"": ""float32""}","[{""shape"": [1, 32, 160, 160], ""dtype"": ""float32""}]",2080,8.4.148,2026-09-14T03:46:41+00:00
yolo26l,fp32,1,640,leaf,12,2,op:cat,op:cat,2,fe23df34257d22ff,op:cat[1]@1x32x160x160+1x32x160x160,"{""kind"": ""list"", ""items"": [{""shape"": [1, 32, 160, 160], ""dtype"": ""float32""}, {""shape"": [1, 32, 160, 160], ""dtype"": ""float32""}]}","[{""shape"": [1, 64, 160, 160], ""dtype"": ""float32""}]",0,8.4.148,2026-09-14T03:46:41+00:00
yolo26l,fp32,1,640,leaf,13,2,m.0.cv3,Conv,2,8610e43e956152d8,"Conv[64->64,k1,s1]@1x64x160x160","{""kind"": ""tensor"", ""shape"": [1, 64, 160, 160], ""dtype"": ""float32""}","[{""shape"": [1, 64, 160, 160], ""dtype"": ""float32""}]",4160,8.4.148,2026-09-14T03:46:41+00:00
yolo26l,fp32,1,640,leaf,14,2,m.1.cv1,Conv,2,f271c8cdab318f87,"Conv[64->32,k1,s1]@1x64x160x160","{""kind"": ""tensor"", ""shape"": [1, 64, 160, 160], ""dtype"": ""float32""}","[{""shape"": [1, 32, 160, 160], ""dtype"": ""float32""}]",2080,8.4.148,2026-09-14T03:46:41+00:00
yolo26l,fp32,1,640,leaf,15,2,m.1.m.0.cv1,Conv,2,8761bda59e301a4f,"Conv[32->32,k3,s1]@1x32x160x160","{""kind"": ""tensor"", ""shape"": [1, 32, 160, 160], ""dtype"": ""float32""}","[{""shape"": [1, 32, 160, 160], ""dtype"": ""float32""}]",9248,8.4.148,2026-09-14T03:46:41+00:00
yolo26l,fp32,1,640,leaf,16,2,m.1.m.0.cv2,Conv,2,8761bda59e301a4f,"Conv[32->32,k3,s1]@1x32x160x160","{""kind"": ""tensor"", ""shape"": [1, 32, 160, 160], ""dtype"": ""float32""}","[{""shape"": [1, 32, 160, 160], ""dtype"": ""float32""}]",9248,8.4.148,2026-09-14T03:46:41+00:00
yolo26l,fp32,1,640,leaf,17,2,op:add,op:add,2,1191e4f142683e30,op:add[]@1x32x160x160+1x32x160x160,"{""kind"": ""list"", ""items"": [{""shape"": [1, 32, 160, 160], ""dtype"": ""float32""}, {""shape"": [1, 32, 160, 160], ""dtype"": ""float32""}]}","[{""shape"": [1, 32, 160, 160], ""dtype"": ""float32""}]",0,8.4.148,2026-09-14T03:46:41+00:00
yolo26l,fp32,1,640,leaf,18,2,m.1.m.1.cv1,Conv,2,8761bda59e301a4f,"Conv[32->32,k3,s1]@1x32x160x160","{""kind"": ""tensor"", ""shape"": [1, 32, 160, 160], ""dtype"": ""float32""}","[{""shape"": [1, 32, 160, 160], ""dtype"": ""float32""}]",9248,8.4.148,2026-09-14T03:46:41+00:00
yolo26l,fp32,1,640,leaf,19,2,m.1.m.1.cv2,Conv,2,8761bda59e301a4f,"Conv[32->32,k3,s1]@1x32x160x160","{""kind"": ""tensor"", ""shape"": [1, 32, 160, 160], ""dtype"": ""float32""}","[{""shape"": [1, 32, 160, 160], ""dtype"": ""float32""}]",9248,8.4.148,2026-09-14T03:46:41+00:00
yolo26l,fp32,1,640,leaf,20,2,op:add,op:add,2,1191e4f142683e30,op:add[]@1x32x160x160+1x32x160x160,"{""kind"": ""list"", ""items"": [{""shape"": [1, 32, 160, 160], ""dtype"": ""float32""}, {""shape"": [1, 32, 160, 160], ""dtype"": ""float32""}]}","[{""shape"": [1, 32, 160, 160], ""dtype"": ""float32""}]",0,8.4.148,2026-09-14T03:46:41+00:00
yolo26l,fp32,1,640,leaf,21,2,m.1.cv2,Conv,2,f271c8cdab318f87,"Conv[64->32,k1,s1]@1x64x160x160","{""kind"": ""tensor"", ""shape"": [1, 64, 160, 160], ""dtype"": ""float32""}","[{""shape"": [1, 32, 160, 160], ""dtype"": ""float32""}]",2080,8.4.148,2026-09-14T03:46:41+00:00
yolo26l,fp32,1,640,leaf,22,2,op:cat,op:cat,2,fe23df34257d22ff,op:cat[1]@1x32x160x160+1x32x160x160,"{""kind"": ""list"", ""items"": [{""shape"": [1, 32, 160, 160], ""dtype"": ""float32""}, {""shape"": [1, 32, 160, 160], ""dtype"": ""float32""}]}","[{""shape"": [1, 64, 160, 160], ""dtype"": ""float32""}]",0,8.4.148,2026-09-14T03:46:41+00:00
yolo26l,fp32,1,640,leaf,23,2,m.1.cv3,Conv,2,8610e43e956152d8,"Conv[64->64,k1,s1]@1x64x160x160","{""kind"": ""tensor"", ""shape"": [1, 64, 160, 160], ""dtype"": ""float32""}","[{""shape"": [1, 64, 160, 160], ""dtype"": ""float32""}]",4160,8.4.148,2026-09-14T03:46:41+00:00
yolo26l,fp32,1,640,leaf,24,2,op:cat,op:cat,2,e96d6067e7c9ecd0,op:cat[1]@1x64x160x160+1x64x160x160+1x64x160x160+1x64x160x160,"{""kind"": ""list"", ""items"": [{""shape"": [1, 64, 160, 160], ""dtype"": ""float32""}, {""shape"": [1, 64, 160, 160], ""dtype"": ""float32""}, {""shape"": [1, 64, 160, 160], ""dtype"": ""float32""}, {""shape"": [1, 64, 160, 160], ""dtype"": ""float32""}]}","[{""shape"": [1, 256, 160, 160], ""dtype"": ""float32""}]",0,8.4.148,2026-09-14T03:46:41+00:00
yolo26l,fp32,1,640,leaf,25,2,cv2,Conv,2,2ee7c9cfe7b7f33d,"Conv[256->256,k1,s1]@1x256x160x160","{""kind"": ""tensor"", ""shape"": [1, 256, 160, 160], ""dtype"": ""float32""}","[{""shape"": [1, 256, 160, 160], ""dtype"": ""float32""}]",65792,8.4.148,2026-09-14T03:46:41+00:00
yolo26l,fp32,1,640,leaf,26,3,,Conv,3,955291a5cd198354,"Conv[256->256,k3,s2]@1x256x160x160","{""kind"": ""tensor"", ""shape"": [1, 256, 160, 160], ""dtype"": ""float32""}","[{""shape"": [1, 256, 80, 80], ""dtype"": ""float32""}]",590080,8.4.148,2026-09-14T03:46:41+00:00
yolo26l,fp32,1,640,leaf,27,4,cv1,Conv,4,3d6d562f6d030549,"Conv[256->256,k1,s1]@1x256x80x80","{""kind"": ""tensor"", ""shape"": [1, 256, 80, 80], ""dtype"": ""float32""}","[{""shape"": [1, 256, 80, 80], ""dtype"": ""float32""}]",65792,8.4.148,2026-09-14T03:46:41+00:00
yolo26l,fp32,1,640,leaf,28,4,op:chunk,op:chunk,4,02901759b2f335d3,"op:chunk[2,1]@1x256x80x80","{""kind"": ""list"", ""items"": [{""shape"": [1, 256, 80, 80], ""dtype"": ""float32""}]}","[{""shape"": [1, 128, 80, 80], ""dtype"": ""float32""}, {""shape"": [1, 128, 80, 80], ""dtype"": ""float32""}]",0,8.4.148,2026-09-14T03:46:41+00:00
yolo26l,fp32,1,640,leaf,29,4,m.0.cv1,Conv,4,c34ac84e27c4b780,"Conv[128->64,k1,s1]@1x128x80x80","{""kind"": ""tensor"", ""shape"": [1, 128, 80, 80], ""dtype"": ""float32""}","[{""shape"": [1, 64, 80, 80], ""dtype"": ""float32""}]",8256,8.4.148,2026-09-14T03:46:41+00:00
yolo26l,fp32,1,640,leaf,30,4,m.0.m.0.cv1,Conv,4,495310f3993dea8c,"Conv[64->64,k3,s1]@1x64x80x80","{""kind"": ""tensor"", ""shape"": [1, 64, 80, 80], ""dtype"": ""float32""}","[{""shape"": [1, 64, 80, 80], ""dtype"": ""float32""}]",36928,8.4.148,2026-09-14T03:46:41+00:00
yolo26l,fp32,1,640,leaf,31,4,m.0.m.0.cv2,Conv,4,495310f3993dea8c,"Conv[64->64,k3,s1]@1x64x80x80","{""kind"": ""tensor"", ""shape"": [1, 64, 80, 80], ""dtype"": ""float32""}","[{""shape"": [1, 64, 80, 80], ""dtype"": ""float32""}]",36928,8.4.148,2026-09-14T03:46:41+00:00
yolo26l,fp32,1,640,leaf,32,4,op:add,op:add,4,bd915cfbe647f0e6,op:add[]@1x64x80x80+1x64x80x80,"{""kind"": ""list"", ""items"": [{""shape"": [1, 64, 80, 80], ""dtype"": ""float32""}, {""shape"": [1, 64, 80, 80], ""dtype"": ""float32""}]}","[{""shape"": [1, 64, 80, 80], ""dtype"": ""float32""}]",0,8.4.148,2026-09-14T03:46:41+00:00
yolo26l,fp32,1,640,leaf,33,4,m.0.m.1.cv1,Conv,4,495310f3993dea8c,"Conv[64->64,k3,s1]@1x64x80x80","{""kind"": ""tensor"", ""shape"": [1, 64, 80, 80], ""dtype"": ""float32""}","[{""shape"": [1, 64, 80, 80], ""dtype"": ""float32""}]",36928,8.4.148,2026-09-14T03:46:41+00:00
yolo26l,fp32,1,640,leaf,34,4,m.0.m.1.cv2,Conv,4,495310f3993dea8c,"Conv[64->64,k3,s1]@1x64x80x80","{""kind"": ""tensor"", ""shape"": [1, 64, 80, 80], ""dtype"": ""float32""}","[{""shape"": [1, 64, 80, 80], ""dtype"": ""float32""}]",36928,8.4.148,2026-09-14T03:46:41+00:00
yolo26l,fp32,1,640,leaf,35,4,op:add,op:add,4,bd915cfbe647f0e6,op:add[]@1x64x80x80+1x64x80x80,"{""kind"": ""list"", ""items"": [{""shape"": [1, 64, 80, 80], ""dtype"": ""float32""}, {""shape"": [1, 64, 80, 80], ""dtype"": ""float32""}]}","[{""shape"": [1, 64, 80, 80], ""dtype"": ""float32""}]",0,8.4.148,2026-09-14T03:46:41+00:00
yolo26l,fp32,1,640,leaf,36,4,m.0.cv2,Conv,4,c34ac84e27c4b780,"Conv[128->64,k1,s1]@1x128x80x80","{""kind"": ""tensor"", ""shape"": [1, 128, 80, 80], ""dtype"": ""float32""}","[{""shape"": [1, 64, 80, 80], ""dtype"": ""float32""}]",8256,8.4.148,2026-09-14T03:46:41+00:00
yolo26l,fp32,1,640,leaf,37,4,op:cat,op:cat,4,4fa88d8eb9608546,op:cat[1]@1x64x80x80+1x64x80x80,"{""kind"": ""list"", ""items"": [{""shape"": [1, 64, 80, 80], ""dtype"": ""float32""}, {""shape"": [1, 64, 80, 80], ""dtype"": ""float32""}]}","[{""shape"": [1, 128, 80, 80], ""dtype"": ""float32""}]",0,8.4.148,2026-09-14T03:46:41+00:00
yolo26l,fp32,1,640,leaf,38,4,m.0.cv3,Conv,4,37c70738f9f86043,"Conv[128->128,k1,s1]@1x128x80x80","{""kind"": ""tensor"", ""shape"": [1, 128, 80, 80], ""dtype"": ""float32""}","[{""shape"": [1, 128, 80, 80], ""dtype"": ""float32""}]",16512,8.4.148,2026-09-14T03:46:41+00:00
yolo26l,fp32,1,640,leaf,39,4,m.1.cv1,Conv,4,c34ac84e27c4b780,"Conv[128->64,k1,s1]@1x128x80x80","{""kind"": ""tensor"", ""shape"": [1, 128, 80, 80], ""dtype"": ""float32""}","[{""shape"": [1, 64, 80, 80], ""dtype"": ""float32""}]",8256,8.4.148,2026-09-14T03:46:41+00:00
yolo26l,fp32,1,640,leaf,40,4,m.1.m.0.cv1,Conv,4,495310f3993dea8c,"Conv[64->64,k3,s1]@1x64x80x80","{""kind"": ""tensor"", ""shape"": [1, 64, 80, 80], ""dtype"": ""float32""}","[{""shape"": [1, 64, 80, 80], ""dtype"": ""float32""}]",36928,8.4.148,2026-09-14T03:46:41+00:00
yolo26l,fp32,1,640,leaf,41,4,m.1.m.0.cv2,Conv,4,495310f3993dea8c,"Conv[64->64,k3,s1]@1x64x80x80","{""kind"": ""tensor"", ""shape"": [1, 64, 80, 80], ""dtype"": ""float32""}","[{""shape"": [1, 64, 80, 80], ""dtype"": ""float32""}]",36928,8.4.148,2026-09-14T03:46:41+00:00
yolo26l,fp32,1,640,leaf,42,4,op:add,op:add,4,bd915cfbe647f0e6,op:add[]@1x64x80x80+1x64x80x80,"{""kind"": ""list"", ""items"": [{""shape"": [1, 64, 80, 80], ""dtype"": ""float32""}, {""shape"": [1, 64, 80, 80], ""dtype"": ""float32""}]}","[{""shape"": [1, 64, 80, 80], ""dtype"": ""float32""}]",0,8.4.148,2026-09-14T03:46:41+00:00
yolo26l,fp32,1,640,leaf,43,4,m.1.m.1.cv1,Conv,4,495310f3993dea8c,"Conv[64->64,k3,s1]@1x64x80x80","{""kind"": ""tensor"", ""shape"": [1, 64, 80, 80], ""dtype"": ""float32""}","[{""shape"": [1, 64, 80, 80], ""dtype"": ""float32""}]",36928,8.4.148,2026-09-14T03:46:41+00:00
yolo26l,fp32,1,640,leaf,44,4,m.1.m.1.cv2,Conv,4,495310f3993dea8c,"Conv[64->64,k3,s1]@1x64x80x80","{""kind"": ""tensor"", ""shape"": [1, 64, 80, 80], ""dtype"": ""float32""}","[{""shape"": [1, 64, 80, 80], ""dtype"": ""float32""}]",36928,8.4.148,2026-09-14T03:46:41+00:00
yolo26l,fp32,1,640,leaf,45,4,op:add,op:add,4,bd915cfbe647f0e6,op:add[]@1x64x80x80+1x64x80x80,"{""kind"": ""list"", ""items"": [{""shape"": [1, 64, 80, 80], ""dtype"": ""float32""}, {""shape"": [1, 64, 80, 80], ""dtype"": ""float32""}]}","[{""shape"": [1, 64, 80, 80], ""dtype"": ""float32""}]",0,8.4.148,2026-09-14T03:46:41+00:00
yolo26l,fp32,1,640,leaf,46,4,m.1.cv2,Conv,4,c34ac84e27c4b780,"Conv[128->64,k1,s1]@1x128x80x80","{""kind"": ""tensor"", ""shape"": [1, 128, 80, 80], ""dtype"": ""float32""}","[{""shape"": [1, 64, 80, 80], ""dtype"": ""float32""}]",8256,8.4.148,2026-09-14T03:46:41+00:00
yolo26l,fp32,1,640,leaf,47,4,op:cat,op:cat,4,4fa88d8eb9608546,op:cat[1]@1x64x80x80+1x64x80x80,"{""kind"": ""list"", ""items"": [{""shape"": [1, 64, 80, 80], ""dtype"": ""float32""}, {""shape"": [1, 64, 80, 80], ""dtype"": ""float32""}]}","[{""shape"": [1, 128, 80, 80], ""dtype"": ""float32""}]",0,8.4.148,2026-09-14T03:46:41+00:00
yolo26l,fp32,1,640,leaf,48,4,m.1.cv3,Conv,4,37c70738f9f86043,"Conv[128->128,k1,s1]@1x128x80x80","{""kind"": ""tensor"", ""shape"": [1, 128, 80, 80], ""dtype"": ""float32""}","[{""shape"": [1, 128, 80, 80], ""dtype"": ""float32""}]",16512,8.4.148,2026-09-14T03:46:41+00:00
yolo26l,fp32,1,640,leaf,49,4,op:cat,op:cat,4,ad32be0bc1ce8da4,op:cat[1]@1x128x80x80+1x128x80x80+1x128x80x80+1x128x80x80,"{""kind"": ""list"", ""items"": [{""shape"": [1, 128, 80, 80], ""dtype"": ""float32""}, {""shape"": [1, 128, 80, 80], ""dtype"": ""float32""}, {""shape"": [1, 128, 80, 80], ""dtype"": ""float32""}, {""shape"": [1, 128, 80, 80], ""dtype"": ""float32""}]}","[{""shape"": [1, 512, 80, 80], ""dtype"": ""float32""}]",0,8.4.148,2026-09-14T03:46:41+00:00
yolo26l,fp32,1,640,leaf,50,4,cv2,Conv,4,d550e5702bafb220,"Conv[512->512,k1,s1]@1x512x80x80","{""kind"": ""tensor"", ""shape"": [1, 512, 80, 80], ""dtype"": ""float32""}","[{""shape"": [1, 512, 80, 80], ""dtype"": ""float32""}]",262656,8.4.148,2026-09-14T03:46:41+00:00
yolo26l,fp32,1,640,leaf,51,5,,Conv,5,3040cb2cd52f54a7,"Conv[512->512,k3,s2]@1x512x80x80","{""kind"": ""tensor"", ""shape"": [1, 512, 80, 80], ""dtype"": ""float32""}","[{""shape"": [1, 512, 40, 40], ""dtype"": ""float32""}]",2359808,8.4.148,2026-09-14T03:46:41+00:00
yolo26l,fp32,1,640,leaf,52,6,cv1,Conv,6,44f093929ecef7d3,"Conv[512->512,k1,s1]@1x512x40x40","{""kind"": ""tensor"", ""shape"": [1, 512, 40, 40], ""dtype"": ""float32""}","[{""shape"": [1, 512, 40, 40], ""dtype"": ""float32""}]",262656,8.4.148,2026-09-14T03:46:41+00:00
yolo26l,fp32,1,640,leaf,53,6,op:chunk,op:chunk,6,84c130dff5b597ff,"op:chunk[2,1]@1x512x40x40","{""kind"": ""list"", ""items"": [{""shape"": [1, 512, 40, 40], ""dtype"": ""float32""}]}","[{""shape"": [1, 256, 40, 40], ""dtype"": ""float32""}, {""shape"": [1, 256, 40, 40], ""dtype"": ""float32""}]",0,8.4.148,2026-09-14T03:46:41+00:00
yolo26l,fp32,1,640,leaf,54,6,m.0.cv1,Conv,6,75601b065a5e229b,"Conv[256->128,k1,s1]@1x256x40x40","{""kind"": ""tensor"", ""shape"": [1, 256, 40, 40], ""dtype"": ""float32""}","[{""shape"": [1, 128, 40, 40], ""dtype"": ""float32""}]",32896,8.4.148,2026-09-14T03:46:41+00:00
yolo26l,fp32,1,640,leaf,55,6,m.0.m.0.cv1,Conv,6,a1483ba7dbc7c07c,"Conv[128->128,k3,s1]@1x128x40x40","{""kind"": ""tensor"", ""shape"": [1, 128, 40, 40], ""dtype"": ""float32""}","[{""shape"": [1, 128, 40, 40], ""dtype"": ""float32""}]",147584,8.4.148,2026-09-14T03:46:41+00:00
yolo26l,fp32,1,640,leaf,56,6,m.0.m.0.cv2,Conv,6,a1483ba7dbc7c07c,"Conv[128->128,k3,s1]@1x128x40x40","{""kind"": ""tensor"", ""shape"": [1, 128, 40, 40], ""dtype"": ""float32""}","[{""shape"": [1, 128, 40, 40], ""dtype"": ""float32""}]",147584,8.4.148,2026-09-14T03:46:41+00:00
yolo26l,fp32,1,640,leaf,57,6,op:add,op:add,6,c8acca76a87407e6,op:add[]@1x128x40x40+1x128x40x40,"{""kind"": ""list"", ""items"": [{""shape"": [1, 128, 40, 40], ""dtype"": ""float32""}, {""shape"": [1, 128, 40, 40], ""dtype"": ""float32""}]}","[{""shape"": [1, 128, 40, 40], ""dtype"": ""float32""}]",0,8.4.148,2026-09-14T03:46:41+00:00
yolo26l,fp32,1,640,leaf,58,6,m.0.m.1.cv1,Conv,6,a1483ba7dbc7c07c,"Conv[128->128,k3,s1]@1x128x40x40","{""kind"": ""tensor"", ""shape"": [1, 128, 40, 40], ""dtype"": ""float32""}","[{""shape"": [1, 128, 40, 40], ""dtype"": ""float32""}]",147584,8.4.148,2026-09-14T03:46:41+00:00
yolo26l,fp32,1,640,leaf,59,6,m.0.m.1.cv2,Conv,6,a1483ba7dbc7c07c,"Conv[128->128,k3,s1]@1x128x40x40","{""kind"": ""tensor"", ""shape"": [1, 128, 40, 40], ""dtype"": ""float32""}","[{""shape"": [1, 128, 40, 40], ""dtype"": ""float32""}]",147584,8.4.148,2026-09-14T03:46:41+00:00
yolo26l,fp32,1,640,leaf,60,6,op:add,op:add,6,c8acca76a87407e6,op:add[]@1x128x40x40+1x128x40x40,"{""kind"": ""list"", ""items"": [{""shape"": [1, 128, 40, 40], ""dtype"": ""float32""}, {""shape"": [1, 128, 40, 40], ""dtype"": ""float32""}]}","[{""shape"": [1, 128, 40, 40], ""dtype"": ""float32""}]",0,8.4.148,2026-09-14T03:46:41+00:00
yolo26l,fp32,1,640,leaf,61,6,m.0.cv2,Conv,6,75601b065a5e229b,"Conv[256->128,k1,s1]@1x256x40x40","{""kind"": ""tensor"", ""shape"": [1, 256, 40, 40], ""dtype"": ""float32""}","[{""shape"": [1, 128, 40, 40], ""dtype"": ""float32""}]",32896,8.4.148,2026-09-14T03:46:41+00:00
yolo26l,fp32,1,640,leaf,62,6,op:cat,op:cat,6,8b70423467a04261,op:cat[1]@1x128x40x40+1x128x40x40,"{""kind"": ""list"", ""items"": [{""shape"": [1, 128, 40, 40], ""dtype"": ""float32""}, {""shape"": [1, 128, 40, 40], ""dtype"": ""float32""}]}","[{""shape"": [1, 256, 40, 40], ""dtype"": ""float32""}]",0,8.4.148,2026-09-14T03:46:41+00:00
yolo26l,fp32,1,640,leaf,63,6,m.0.cv3,Conv,6,23af8dfe52fcdc4d,"Conv[256->256,k1,s1]@1x256x40x40","{""kind"": ""tensor"", ""shape"": [1, 256, 40, 40], ""dtype"": ""float32""}","[{""shape"": [1, 256, 40, 40], ""dtype"": ""float32""}]",65792,8.4.148,2026-09-14T03:46:41+00:00
yolo26l,fp32,1,640,leaf,64,6,m.1.cv1,Conv,6,75601b065a5e229b,"Conv[256->128,k1,s1]@1x256x40x40","{""kind"": ""tensor"", ""shape"": [1, 256, 40, 40], ""dtype"": ""float32""}","[{""shape"": [1, 128, 40, 40], ""dtype"": ""float32""}]",32896,8.4.148,2026-09-14T03:46:41+00:00
yolo26l,fp32,1,640,leaf,65,6,m.1.m.0.cv1,Conv,6,a1483ba7dbc7c07c,"Conv[128->128,k3,s1]@1x128x40x40","{""kind"": ""tensor"", ""shape"": [1, 128, 40, 40], ""dtype"": ""float32""}","[{""shape"": [1, 128, 40, 40], ""dtype"": ""float32""}]",147584,8.4.148,2026-09-14T03:46:41+00:00
yolo26l,fp32,1,640,leaf,66,6,m.1.m.0.cv2,Conv,6,a1483ba7dbc7c07c,"Conv[128->128,k3,s1]@1x128x40x40","{""kind"": ""tensor"", ""shape"": [1, 128, 40, 40], ""dtype"": ""float32""}","[{""shape"": [1, 128, 40, 40], ""dtype"": ""float32""}]",147584,8.4.148,2026-09-14T03:46:41+00:00
yolo26l,fp32,1,640,leaf,67,6,op:add,op:add,6,c8acca76a87407e6,op:add[]@1x128x40x40+1x128x40x40,"{""kind"": ""list"", ""items"": [{""shape"": [1, 128, 40, 40], ""dtype"": ""float32""}, {""shape"": [1, 128, 40, 40], ""dtype"": ""float32""}]}","[{""shape"": [1, 128, 40, 40], ""dtype"": ""float32""}]",0,8.4.148,2026-09-14T03:46:41+00:00
yolo26l,fp32,1,640,leaf,68,6,m.1.m.1.cv1,Conv,6,a1483ba7dbc7c07c,"Conv[128->128,k3,s1]@1x128x40x40","{""kind"": ""tensor"", ""shape"": [1, 128, 40, 40], ""dtype"": ""float32""}","[{""shape"": [1, 128, 40, 40], ""dtype"": ""float32""}]",147584,8.4.148,2026-09-14T03:46:41+00:00
yolo26l,fp32,1,640,leaf,69,6,m.1.m.1.cv2,Conv,6,a1483ba7dbc7c07c,"Conv[128->128,k3,s1]@1x128x40x40","{""kind"": ""tensor"", ""shape"": [1, 128, 40, 40], ""dtype"": ""float32""}","[{""shape"": [1, 128, 40, 40], ""dtype"": ""float32""}]",147584,8.4.148,2026-09-14T03:46:41+00:00
yolo26l,fp32,1,640,leaf,70,6,op:add,op:add,6,c8acca76a87407e6,op:add[]@1x128x40x40+1x128x40x40,"{""kind"": ""list"", ""items"": [{""shape"": [1, 128, 40, 40], ""dtype"": ""float32""}, {""shape"": [1, 128, 40, 40], ""dtype"": ""float32""}]}","[{""shape"": [1, 128, 40, 40], ""dtype"": ""float32""}]",0,8.4.148,2026-09-14T03:46:41+00:00
yolo26l,fp32,1,640,leaf,71,6,m.1.cv2,Conv,6,75601b065a5e229b,"Conv[256->128,k1,s1]@1x256x40x40","{""kind"": ""tensor"", ""shape"": [1, 256, 40, 40], ""dtype"": ""float32""}","[{""shape"": [1, 128, 40, 40], ""dtype"": ""float32""}]",32896,8.4.148,2026-09-14T03:46:41+00:00
yolo26l,fp32,1,640,leaf,72,6,op:cat,op:cat,6,8b70423467a04261,op:cat[1]@1x128x40x40+1x128x40x40,"{""kind"": ""list"", ""items"": [{""shape"": [1, 128, 40, 40], ""dtype"": ""float32""}, {""shape"": [1, 128, 40, 40], ""dtype"": ""float32""}]}","[{""shape"": [1, 256, 40, 40], ""dtype"": ""float32""}]",0,8.4.148,2026-09-14T03:46:41+00:00
yolo26l,fp32,1,640,leaf,73,6,m.1.cv3,Conv,6,23af8dfe52fcdc4d,"Conv[256->256,k1,s1]@1x256x40x40","{""kind"": ""tensor"", ""shape"": [1, 256, 40, 40], ""dtype"": ""float32""}","[{""shape"": [1, 256, 40, 40], ""dtype"": ""float32""}]",65792,8.4.148,2026-09-14T03:46:41+00:00
yolo26l,fp32,1,640,leaf,74,6,op:cat,op:cat,6,b39584e240b9b78e,op:cat[1]@1x256x40x40+1x256x40x40+1x256x40x40+1x256x40x40,"{""kind"": ""list"", ""items"": [{""shape"": [1, 256, 40, 40], ""dtype"": ""float32""}, {""shape"": [1, 256, 40, 40], ""dtype"": ""float32""}, {""shape"": [1, 256, 40, 40], ""dtype"": ""float32""}, {""shape"": [1, 256, 40, 40], ""dtype"": ""float32""}]}","[{""shape"": [1, 1024, 40, 40], ""dtype"": ""float32""}]",0,8.4.148,2026-09-14T03:46:41+00:00
yolo26l,fp32,1,640,leaf,75,6,cv2,Conv,6,e24e0f340f874db2,"Conv[1024->512,k1,s1]@1x1024x40x40","{""kind"": ""tensor"", ""shape"": [1, 1024, 40, 40], ""dtype"": ""float32""}","[{""shape"": [1, 512, 40, 40], ""dtype"": ""float32""}]",524800,8.4.148,2026-09-14T03:46:41+00:00
yolo26l,fp32,1,640,leaf,76,7,,Conv,7,e4ef9ed73247fe48,"Conv[512->512,k3,s2]@1x512x40x40","{""kind"": ""tensor"", ""shape"": [1, 512, 40, 40], ""dtype"": ""float32""}","[{""shape"": [1, 512, 20, 20], ""dtype"": ""float32""}]",2359808,8.4.148,2026-09-14T03:46:41+00:00
yolo26l,fp32,1,640,leaf,77,8,cv1,Conv,8,8ca8a00b85e9776d,"Conv[512->512,k1,s1]@1x512x20x20","{""kind"": ""tensor"", ""shape"": [1, 512, 20, 20], ""dtype"": ""float32""}","[{""shape"": [1, 512, 20, 20], ""dtype"": ""float32""}]",262656,8.4.148,2026-09-14T03:46:41+00:00
yolo26l,fp32,1,640,leaf,78,8,op:chunk,op:chunk,8,12889ce8ea8cddec,"op:chunk[2,1]@1x512x20x20","{""kind"": ""list"", ""items"": [{""shape"": [1, 512, 20, 20], ""dtype"": ""float32""}]}","[{""shape"": [1, 256, 20, 20], ""dtype"": ""float32""}, {""shape"": [1, 256, 20, 20], ""dtype"": ""float32""}]",0,8.4.148,2026-09-14T03:46:41+00:00
yolo26l,fp32,1,640,leaf,79,8,m.0.cv1,Conv,8,c8333f13264ecfd9,"Conv[256->128,k1,s1]@1x256x20x20","{""kind"": ""tensor"", ""shape"": [1, 256, 20, 20], ""dtype"": ""float32""}","[{""shape"": [1, 128, 20, 20], ""dtype"": ""float32""}]",32896,8.4.148,2026-09-14T03:46:41+00:00
yolo26l,fp32,1,640,leaf,80,8,m.0.m.0.cv1,Conv,8,5f6a6a2149226c08,"Conv[128->128,k3,s1]@1x128x20x20","{""kind"": ""tensor"", ""shape"": [1, 128, 20, 20], ""dtype"": ""float32""}","[{""shape"": [1, 128, 20, 20], ""dtype"": ""float32""}]",147584,8.4.148,2026-09-14T03:46:41+00:00
yolo26l,fp32,1,640,leaf,81,8,m.0.m.0.cv2,Conv,8,5f6a6a2149226c08,"Conv[128->128,k3,s1]@1x128x20x20","{""kind"": ""tensor"", ""shape"": [1, 128, 20, 20], ""dtype"": ""float32""}","[{""shape"": [1, 128, 20, 20], ""dtype"": ""float32""}]",147584,8.4.148,2026-09-14T03:46:41+00:00
yolo26l,fp32,1,640,leaf,82,8,op:add,op:add,8,501e281da4c6ecce,op:add[]@1x128x20x20+1x128x20x20,"{""kind"": ""list"", ""items"": [{""shape"": [1, 128, 20, 20], ""dtype"": ""float32""}, {""shape"": [1, 128, 20, 20], ""dtype"": ""float32""}]}","[{""shape"": [1, 128, 20, 20], ""dtype"": ""float32""}]",0,8.4.148,2026-09-14T03:46:41+00:00
yolo26l,fp32,1,640,leaf,83,8,m.0.m.1.cv1,Conv,8,5f6a6a2149226c08,"Conv[128->128,k3,s1]@1x128x20x20","{""kind"": ""tensor"", ""shape"": [1, 128, 20, 20], ""dtype"": ""float32""}","[{""shape"": [1, 128, 20, 20], ""dtype"": ""float32""}]",147584,8.4.148,2026-09-14T03:46:41+00:00
yolo26l,fp32,1,640,leaf,84,8,m.0.m.1.cv2,Conv,8,5f6a6a2149226c08,"Conv[128->128,k3,s1]@1x128x20x20","{""kind"": ""tensor"", ""shape"": [1, 128, 20, 20], ""dtype"": ""float32""}","[{""shape"": [1, 128, 20, 20], ""dtype"": ""float32""}]",147584,8.4.148,2026-09-14T03:46:41+00:00
yolo26l,fp32,1,640,leaf,85,8,op:add,op:add,8,501e281da4c6ecce,op:add[]@1x128x20x20+1x128x20x20,"{""kind"": ""list"", ""items"": [{""shape"": [1, 128, 20, 20], ""dtype"": ""float32""}, {""shape"": [1, 128, 20, 20], ""dtype"": ""float32""}]}","[{""shape"": [1, 128, 20, 20], ""dtype"": ""float32""}]",0,8.4.148,2026-09-14T03:46:41+00:00
yolo26l,fp32,1,640,leaf,86,8,m.0.cv2,Conv,8,c8333f13264ecfd9,"Conv[256->128,k1,s1]@1x256x20x20","{""kind"": ""tensor"", ""shape"": [1, 256, 20, 20], ""dtype"": ""float32""}","[{""shape"": [1, 128, 20, 20], ""dtype"": ""float32""}]",32896,8.4.148,2026-09-14T03:46:41+00:00
yolo26l,fp32,1,640,leaf,87,8,op:cat,op:cat,8,4455eab86eb73a18,op:cat[1]@1x128x20x20+1x128x20x20,"{""kind"": ""list"", ""items"": [{""shape"": [1, 128, 20, 20], ""dtype"": ""float32""}, {""shape"": [1, 128, 20, 20], ""dtype"": ""float32""}]}","[{""shape"": [1, 256, 20, 20], ""dtype"": ""float32""}]",0,8.4.148,2026-09-14T03:46:41+00:00
yolo26l,fp32,1,640,leaf,88,8,m.0.cv3,Conv,8,73cbfd59c6c24dfa,"Conv[256->256,k1,s1]@1x256x20x20","{""kind"": ""tensor"", ""shape"": [1, 256, 20, 20], ""dtype"": ""float32""}","[{""shape"": [1, 256, 20, 20], ""dtype"": ""float32""}]",65792,8.4.148,2026-09-14T03:46:41+00:00
yolo26l,fp32,1,640,leaf,89,8,m.1.cv1,Conv,8,c8333f13264ecfd9,"Conv[256->128,k1,s1]@1x256x20x20","{""kind"": ""tensor"", ""shape"": [1, 256, 20, 20], ""dtype"": ""float32""}","[{""shape"": [1, 128, 20, 20], ""dtype"": ""float32""}]",32896,8.4.148,2026-09-14T03:46:41+00:00
yolo26l,fp32,1,640,leaf,90,8,m.1.m.0.cv1,Conv,8,5f6a6a2149226c08,"Conv[128->128,k3,s1]@1x128x20x20","{""kind"": ""tensor"", ""shape"": [1, 128, 20, 20], ""dtype"": ""float32""}","[{""shape"": [1, 128, 20, 20], ""dtype"": ""float32""}]",147584,8.4.148,2026-09-14T03:46:41+00:00
yolo26l,fp32,1,640,leaf,91,8,m.1.m.0.cv2,Conv,8,5f6a6a2149226c08,"Conv[128->128,k3,s1]@1x128x20x20","{""kind"": ""tensor"", ""shape"": [1, 128, 20, 20], ""dtype"": ""float32""}","[{""shape"": [1, 128, 20, 20], ""dtype"": ""float32""}]",147584,8.4.148,2026-09-14T03:46:41+00:00
yolo26l,fp32,1,640,leaf,92,8,op:add,op:add,8,501e281da4c6ecce,op:add[]@1x128x20x20+1x128x20x20,"{""kind"": ""list"", ""items"": [{""shape"": [1, 128, 20, 20], ""dtype"": ""float32""}, {""shape"": [1, 128, 20, 20], ""dtype"": ""float32""}]}","[{""shape"": [1, 128, 20, 20], ""dtype"": ""float32""}]",0,8.4.148,2026-09-14T03:46:41+00:00
yolo26l,fp32,1,640,leaf,93,8,m.1.m.1.cv1,Conv,8,5f6a6a2149226c08,"Conv[128->128,k3,s1]@1x128x20x20","{""kind"": ""tensor"", ""shape"": [1, 128, 20, 20], ""dtype"": ""float32""}","[{""shape"": [1, 128, 20, 20], ""dtype"": ""float32""}]",147584,8.4.148,2026-09-14T03:46:41+00:00
yolo26l,fp32,1,640,leaf,94,8,m.1.m.1.cv2,Conv,8,5f6a6a2149226c08,"Conv[128->128,k3,s1]@1x128x20x20","{""kind"": ""tensor"", ""shape"": [1, 128, 20, 20], ""dtype"": ""float32""}","[{""shape"": [1, 128, 20, 20], ""dtype"": ""float32""}]",147584,8.4.148,2026-09-14T03:46:41+00:00
yolo26l,fp32,1,640,leaf,95,8,op:add,op:add,8,501e281da4c6ecce,op:add[]@1x128x20x20+1x128x20x20,"{""kind"": ""list"", ""items"": [{""shape"": [1, 128, 20, 20], ""dtype"": ""float32""}, {""shape"": [1, 128, 20, 20], ""dtype"": ""float32""}]}","[{""shape"": [1, 128, 20, 20], ""dtype"": ""float32""}]",0,8.4.148,2026-09-14T03:46:41+00:00
yolo26l,fp32,1,640,leaf,96,8,m.1.cv2,Conv,8,c8333f13264ecfd9,"Conv[256->128,k1,s1]@1x256x20x20","{""kind"": ""tensor"", ""shape"": [1, 256, 20, 20], ""dtype"": ""float32""}","[{""shape"": [1, 128, 20, 20], ""dtype"": ""float32""}]",32896,8.4.148,2026-09-14T03:46:41+00:00
yolo26l,fp32,1,640,leaf,97,8,op:cat,op:cat,8,4455eab86eb73a18,op:cat[1]@1x128x20x20+1x128x20x20,"{""kind"": ""list"", ""items"": [{""shape"": [1, 128, 20, 20], ""dtype"": ""float32""}, {""shape"": [1, 128, 20, 20], ""dtype"": ""float32""}]}","[{""shape"": [1, 256, 20, 20], ""dtype"": ""float32""}]",0,8.4.148,2026-09-14T03:46:41+00:00
yolo26l,fp32,1,640,leaf,98,8,m.1.cv3,Conv,8,73cbfd59c6c24dfa,"Conv[256->256,k1,s1]@1x256x20x20","{""kind"": ""tensor"", ""shape"": [1, 256, 20, 20], ""dtype"": ""float32""}","[{""shape"": [1, 256, 20, 20], ""dtype"": ""float32""}]",65792,8.4.148,2026-09-14T03:46:41+00:00
yolo26l,fp32,1,640,leaf,99,8,op:cat,op:cat,8,de774739b210b292,op:cat[1]@1x256x20x20+1x256x20x20+1x256x20x20+1x256x20x20,"{""kind"": ""list"", ""items"": [{""shape"": [1, 256, 20, 20], ""dtype"": ""float32""}, {""shape"": [1, 256, 20, 20], ""dtype"": ""float32""}, {""shape"": [1, 256, 20, 20], ""dtype"": ""float32""}, {""shape"": [1, 256, 20, 20], ""dtype"": ""float32""}]}","[{""shape"": [1, 1024, 20, 20], ""dtype"": ""float32""}]",0,8.4.148,2026-09-14T03:46:41+00:00
yolo26l,fp32,1,640,leaf,100,8,cv2,Conv,8,2f88b651e610ec87,"Conv[1024->512,k1,s1]@1x1024x20x20","{""kind"": ""tensor"", ""shape"": [1, 1024, 20, 20], ""dtype"": ""float32""}","[{""shape"": [1, 512, 20, 20], ""dtype"": ""float32""}]",524800,8.4.148,2026-09-14T03:46:41+00:00
yolo26l,fp32,1,640,leaf,101,9,cv1,Conv,9,67568c7ff087692a,"Conv[512->256,k1,s1]@1x512x20x20","{""kind"": ""tensor"", ""shape"": [1, 512, 20, 20], ""dtype"": ""float32""}","[{""shape"": [1, 256, 20, 20], ""dtype"": ""float32""}]",131328,8.4.148,2026-09-14T03:46:41+00:00
yolo26l,fp32,1,640,leaf,102,9,m,MaxPool2d,9,c3660bbcc966afd5,MaxPool2d[p=0]@1x256x20x20,"{""kind"": ""tensor"", ""shape"": [1, 256, 20, 20], ""dtype"": ""float32""}","[{""shape"": [1, 256, 20, 20], ""dtype"": ""float32""}]",0,8.4.148,2026-09-14T03:46:41+00:00
yolo26l,fp32,1,640,leaf,103,9,m,MaxPool2d,9,c3660bbcc966afd5,MaxPool2d[p=0]@1x256x20x20,"{""kind"": ""tensor"", ""shape"": [1, 256, 20, 20], ""dtype"": ""float32""}","[{""shape"": [1, 256, 20, 20], ""dtype"": ""float32""}]",0,8.4.148,2026-09-14T03:46:41+00:00
yolo26l,fp32,1,640,leaf,104,9,m,MaxPool2d,9,c3660bbcc966afd5,MaxPool2d[p=0]@1x256x20x20,"{""kind"": ""tensor"", ""shape"": [1, 256, 20, 20], ""dtype"": ""float32""}","[{""shape"": [1, 256, 20, 20], ""dtype"": ""float32""}]",0,8.4.148,2026-09-14T03:46:41+00:00
yolo26l,fp32,1,640,leaf,105,9,op:cat,op:cat,9,de774739b210b292,op:cat[1]@1x256x20x20+1x256x20x20+1x256x20x20+1x256x20x20,"{""kind"": ""list"", ""items"": [{""shape"": [1, 256, 20, 20], ""dtype"": ""float32""}, {""shape"": [1, 256, 20, 20], ""dtype"": ""float32""}, {""shape"": [1, 256, 20, 20], ""dtype"": ""float32""}, {""shape"": [1, 256, 20, 20], ""dtype"": ""float32""}]}","[{""shape"": [1, 1024, 20, 20], ""dtype"": ""float32""}]",0,8.4.148,2026-09-14T03:46:41+00:00
yolo26l,fp32,1,640,leaf,106,9,cv2,Conv,9,2f88b651e610ec87,"Conv[1024->512,k1,s1]@1x1024x20x20","{""kind"": ""tensor"", ""shape"": [1, 1024, 20, 20], ""dtype"": ""float32""}","[{""shape"": [1, 512, 20, 20], ""dtype"": ""float32""}]",524800,8.4.148,2026-09-14T03:46:41+00:00
yolo26l,fp32,1,640,leaf,107,9,op:add,op:add,9,58048019ce9edcbc,op:add[]@1x512x20x20+1x512x20x20,"{""kind"": ""list"", ""items"": [{""shape"": [1, 512, 20, 20], ""dtype"": ""float32""}, {""shape"": [1, 512, 20, 20], ""dtype"": ""float32""}]}","[{""shape"": [1, 512, 20, 20], ""dtype"": ""float32""}]",0,8.4.148,2026-09-14T03:46:41+00:00
yolo26l,fp32,1,640,leaf,108,10,cv1,Conv,10,8ca8a00b85e9776d,"Conv[512->512,k1,s1]@1x512x20x20","{""kind"": ""tensor"", ""shape"": [1, 512, 20, 20], ""dtype"": ""float32""}","[{""shape"": [1, 512, 20, 20], ""dtype"": ""float32""}]",262656,8.4.148,2026-09-14T03:46:41+00:00
yolo26l,fp32,1,640,leaf,109,10,op:split,op:split,10,e4d960981e560242,"op:split[[256, 256],dim=1]@1x512x20x20","{""kind"": ""list"", ""items"": [{""shape"": [1, 512, 20, 20], ""dtype"": ""float32""}]}","[{""shape"": [1, 256, 20, 20], ""dtype"": ""float32""}, {""shape"": [1, 256, 20, 20], ""dtype"": ""float32""}]",0,8.4.148,2026-09-14T03:46:41+00:00
yolo26l,fp32,1,640,leaf,110,10,m.0.attn,Attention,10,87501ab6eeead3a3,"Attention[256->256,p=199936]@1x256x20x20","{""kind"": ""tensor"", ""shape"": [1, 256, 20, 20], ""dtype"": ""float32""}","[{""shape"": [1, 256, 20, 20], ""dtype"": ""float32""}]",199936,8.4.148,2026-09-14T03:46:41+00:00
yolo26l,fp32,1,640,leaf,111,10,op:add,op:add,10,d10599b21e83f03c,op:add[]@1x256x20x20+1x256x20x20,"{""kind"": ""list"", ""items"": [{""shape"": [1, 256, 20, 20], ""dtype"": ""float32""}, {""shape"": [1, 256, 20, 20], ""dtype"": ""float32""}]}","[{""shape"": [1, 256, 20, 20], ""dtype"": ""float32""}]",0,8.4.148,2026-09-14T03:46:41+00:00
yolo26l,fp32,1,640,leaf,112,10,m.0.ffn.0,Conv,10,9107ffd7fc86dace,"Conv[256->512,k1,s1]@1x256x20x20","{""kind"": ""tensor"", ""shape"": [1, 256, 20, 20], ""dtype"": ""float32""}","[{""shape"": [1, 512, 20, 20], ""dtype"": ""float32""}]",131584,8.4.148,2026-09-14T03:46:41+00:00
yolo26l,fp32,1,640,leaf,113,10,m.0.ffn.1,Conv,10,67568c7ff087692a,"Conv[512->256,k1,s1]@1x512x20x20","{""kind"": ""tensor"", ""shape"": [1, 512, 20, 20], ""dtype"": ""float32""}","[{""shape"": [1, 256, 20, 20], ""dtype"": ""float32""}]",131328,8.4.148,2026-09-14T03:46:41+00:00
yolo26l,fp32,1,640,leaf,114,10,op:add,op:add,10,d10599b21e83f03c,op:add[]@1x256x20x20+1x256x20x20,"{""kind"": ""list"", ""items"": [{""shape"": [1, 256, 20, 20], ""dtype"": ""float32""}, {""shape"": [1, 256, 20, 20], ""dtype"": ""float32""}]}","[{""shape"": [1, 256, 20, 20], ""dtype"": ""float32""}]",0,8.4.148,2026-09-14T03:46:41+00:00
yolo26l,fp32,1,640,leaf,115,10,m.1.attn,Attention,10,87501ab6eeead3a3,"Attention[256->256,p=199936]@1x256x20x20","{""kind"": ""tensor"", ""shape"": [1, 256, 20, 20], ""dtype"": ""float32""}","[{""shape"": [1, 256, 20, 20], ""dtype"": ""float32""}]",199936,8.4.148,2026-09-14T03:46:41+00:00
yolo26l,fp32,1,640,leaf,116,10,op:add,op:add,10,d10599b21e83f03c,op:add[]@1x256x20x20+1x256x20x20,"{""kind"": ""list"", ""items"": [{""shape"": [1, 256, 20, 20], ""dtype"": ""float32""}, {""shape"": [1, 256, 20, 20], ""dtype"": ""float32""}]}","[{""shape"": [1, 256, 20, 20], ""dtype"": ""float32""}]",0,8.4.148,2026-09-14T03:46:41+00:00
yolo26l,fp32,1,640,leaf,117,10,m.1.ffn.0,Conv,10,9107ffd7fc86dace,"Conv[256->512,k1,s1]@1x256x20x20","{""kind"": ""tensor"", ""shape"": [1, 256, 20, 20], ""dtype"": ""float32""}","[{""shape"": [1, 512, 20, 20], ""dtype"": ""float32""}]",131584,8.4.148,2026-09-14T03:46:41+00:00
yolo26l,fp32,1,640,leaf,118,10,m.1.ffn.1,Conv,10,67568c7ff087692a,"Conv[512->256,k1,s1]@1x512x20x20","{""kind"": ""tensor"", ""shape"": [1, 512, 20, 20], ""dtype"": ""float32""}","[{""shape"": [1, 256, 20, 20], ""dtype"": ""float32""}]",131328,8.4.148,2026-09-14T03:46:41+00:00
yolo26l,fp32,1,640,leaf,119,10,op:add,op:add,10,d10599b21e83f03c,op:add[]@1x256x20x20+1x256x20x20,"{""kind"": ""list"", ""items"": [{""shape"": [1, 256, 20, 20], ""dtype"": ""float32""}, {""shape"": [1, 256, 20, 20], ""dtype"": ""float32""}]}","[{""shape"": [1, 256, 20, 20], ""dtype"": ""float32""}]",0,8.4.148,2026-09-14T03:46:41+00:00
yolo26l,fp32,1,640,leaf,120,10,op:cat,op:cat,10,c9379f0477365213,op:cat[1]@1x256x20x20+1x256x20x20,"{""kind"": ""list"", ""items"": [{""shape"": [1, 256, 20, 20], ""dtype"": ""float32""}, {""shape"": [1, 256, 20, 20], ""dtype"": ""float32""}]}","[{""shape"": [1, 512, 20, 20], ""dtype"": ""float32""}]",0,8.4.148,2026-09-14T03:46:41+00:00
yolo26l,fp32,1,640,leaf,121,10,cv2,Conv,10,8ca8a00b85e9776d,"Conv[512->512,k1,s1]@1x512x20x20","{""kind"": ""tensor"", ""shape"": [1, 512, 20, 20], ""dtype"": ""float32""}","[{""shape"": [1, 512, 20, 20], ""dtype"": ""float32""}]",262656,8.4.148,2026-09-14T03:46:41+00:00
yolo26l,fp32,1,640,leaf,122,11,,Upsample,11,f2bd84b1cf0e5086,"Upsample[x2.0,nearest]@1x512x20x20","{""kind"": ""tensor"", ""shape"": [1, 512, 20, 20], ""dtype"": ""float32""}","[{""shape"": [1, 512, 40, 40], ""dtype"": ""float32""}]",0,8.4.148,2026-09-14T03:46:41+00:00
yolo26l,fp32,1,640,leaf,123,12,,Concat,12,09590a79613b3a3b,Concat[d=1]@1x512x40x40+1x512x40x40,"{""kind"": ""list"", ""items"": [{""shape"": [1, 512, 40, 40], ""dtype"": ""float32""}, {""shape"": [1, 512, 40, 40], ""dtype"": ""float32""}]}","[{""shape"": [1, 1024, 40, 40], ""dtype"": ""float32""}]",0,8.4.148,2026-09-14T03:46:41+00:00
yolo26l,fp32,1,640,leaf,124,13,cv1,Conv,13,e24e0f340f874db2,"Conv[1024->512,k1,s1]@1x1024x40x40","{""kind"": ""tensor"", ""shape"": [1, 1024, 40, 40], ""dtype"": ""float32""}","[{""shape"": [1, 512, 40, 40], ""dtype"": ""float32""}]",524800,8.4.148,2026-09-14T03:46:41+00:00
yolo26l,fp32,1,640,leaf,125,13,op:chunk,op:chunk,13,84c130dff5b597ff,"op:chunk[2,1]@1x512x40x40","{""kind"": ""list"", ""items"": [{""shape"": [1, 512, 40, 40], ""dtype"": ""float32""}]}","[{""shape"": [1, 256, 40, 40], ""dtype"": ""float32""}, {""shape"": [1, 256, 40, 40], ""dtype"": ""float32""}]",0,8.4.148,2026-09-14T03:46:41+00:00
yolo26l,fp32,1,640,leaf,126,13,m.0.cv1,Conv,13,75601b065a5e229b,"Conv[256->128,k1,s1]@1x256x40x40","{""kind"": ""tensor"", ""shape"": [1, 256, 40, 40], ""dtype"": ""float32""}","[{""shape"": [1, 128, 40, 40], ""dtype"": ""float32""}]",32896,8.4.148,2026-09-14T03:46:41+00:00
yolo26l,fp32,1,640,leaf,127,13,m.0.m.0.cv1,Conv,13,a1483ba7dbc7c07c,"Conv[128->128,k3,s1]@1x128x40x40","{""kind"": ""tensor"", ""shape"": [1, 128, 40, 40], ""dtype"": ""float32""}","[{""shape"": [1, 128, 40, 40], ""dtype"": ""float32""}]",147584,8.4.148,2026-09-14T03:46:41+00:00
yolo26l,fp32,1,640,leaf,128,13,m.0.m.0.cv2,Conv,13,a1483ba7dbc7c07c,"Conv[128->128,k3,s1]@1x128x40x40","{""kind"": ""tensor"", ""shape"": [1, 128, 40, 40], ""dtype"": ""float32""}","[{""shape"": [1, 128, 40, 40], ""dtype"": ""float32""}]",147584,8.4.148,2026-09-14T03:46:41+00:00
yolo26l,fp32,1,640,leaf,129,13,op:add,op:add,13,c8acca76a87407e6,op:add[]@1x128x40x40+1x128x40x40,"{""kind"": ""list"", ""items"": [{""shape"": [1, 128, 40, 40], ""dtype"": ""float32""}, {""shape"": [1, 128, 40, 40], ""dtype"": ""float32""}]}","[{""shape"": [1, 128, 40, 40], ""dtype"": ""float32""}]",0,8.4.148,2026-09-14T03:46:41+00:00
yolo26l,fp32,1,640,leaf,130,13,m.0.m.1.cv1,Conv,13,a1483ba7dbc7c07c,"Conv[128->128,k3,s1]@1x128x40x40","{""kind"": ""tensor"", ""shape"": [1, 128, 40, 40], ""dtype"": ""float32""}","[{""shape"": [1, 128, 40, 40], ""dtype"": ""float32""}]",147584,8.4.148,2026-09-14T03:46:41+00:00
yolo26l,fp32,1,640,leaf,131,13,m.0.m.1.cv2,Conv,13,a1483ba7dbc7c07c,"Conv[128->128,k3,s1]@1x128x40x40","{""kind"": ""tensor"", ""shape"": [1, 128, 40, 40], ""dtype"": ""float32""}","[{""shape"": [1, 128, 40, 40], ""dtype"": ""float32""}]",147584,8.4.148,2026-09-14T03:46:41+00:00
yolo26l,fp32,1,640,leaf,132,13,op:add,op:add,13,c8acca76a87407e6,op:add[]@1x128x40x40+1x128x40x40,"{""kind"": ""list"", ""items"": [{""shape"": [1, 128, 40, 40], ""dtype"": ""float32""}, {""shape"": [1, 128, 40, 40], ""dtype"": ""float32""}]}","[{""shape"": [1, 128, 40, 40], ""dtype"": ""float32""}]",0,8.4.148,2026-09-14T03:46:41+00:00
yolo26l,fp32,1,640,leaf,133,13,m.0.cv2,Conv,13,75601b065a5e229b,"Conv[256->128,k1,s1]@1x256x40x40","{""kind"": ""tensor"", ""shape"": [1, 256, 40, 40], ""dtype"": ""float32""}","[{""shape"": [1, 128, 40, 40], ""dtype"": ""float32""}]",32896,8.4.148,2026-09-14T03:46:41+00:00
yolo26l,fp32,1,640,leaf,134,13,op:cat,op:cat,13,8b70423467a04261,op:cat[1]@1x128x40x40+1x128x40x40,"{""kind"": ""list"", ""items"": [{""shape"": [1, 128, 40, 40], ""dtype"": ""float32""}, {""shape"": [1, 128, 40, 40], ""dtype"": ""float32""}]}","[{""shape"": [1, 256, 40, 40], ""dtype"": ""float32""}]",0,8.4.148,2026-09-14T03:46:41+00:00
yolo26l,fp32,1,640,leaf,135,13,m.0.cv3,Conv,13,23af8dfe52fcdc4d,"Conv[256->256,k1,s1]@1x256x40x40","{""kind"": ""tensor"", ""shape"": [1, 256, 40, 40], ""dtype"": ""float32""}","[{""shape"": [1, 256, 40, 40], ""dtype"": ""float32""}]",65792,8.4.148,2026-09-14T03:46:41+00:00
yolo26l,fp32,1,640,leaf,136,13,m.1.cv1,Conv,13,75601b065a5e229b,"Conv[256->128,k1,s1]@1x256x40x40","{""kind"": ""tensor"", ""shape"": [1, 256, 40, 40], ""dtype"": ""float32""}","[{""shape"": [1, 128, 40, 40], ""dtype"": ""float32""}]",32896,8.4.148,2026-09-14T03:46:41+00:00
yolo26l,fp32,1,640,leaf,137,13,m.1.m.0.cv1,Conv,13,a1483ba7dbc7c07c,"Conv[128->128,k3,s1]@1x128x40x40","{""kind"": ""tensor"", ""shape"": [1, 128, 40, 40], ""dtype"": ""float32""}","[{""shape"": [1, 128, 40, 40], ""dtype"": ""float32""}]",147584,8.4.148,2026-09-14T03:46:41+00:00
yolo26l,fp32,1,640,leaf,138,13,m.1.m.0.cv2,Conv,13,a1483ba7dbc7c07c,"Conv[128->128,k3,s1]@1x128x40x40","{""kind"": ""tensor"", ""shape"": [1, 128, 40, 40], ""dtype"": ""float32""}","[{""shape"": [1, 128, 40, 40], ""dtype"": ""float32""}]",147584,8.4.148,2026-09-14T03:46:41+00:00
yolo26l,fp32,1,640,leaf,139,13,op:add,op:add,13,c8acca76a87407e6,op:add[]@1x128x40x40+1x128x40x40,"{""kind"": ""list"", ""items"": [{""shape"": [1, 128, 40, 40], ""dtype"": ""float32""}, {""shape"": [1, 128, 40, 40], ""dtype"": ""float32""}]}","[{""shape"": [1, 128, 40, 40], ""dtype"": ""float32""}]",0,8.4.148,2026-09-14T03:46:41+00:00
yolo26l,fp32,1,640,leaf,140,13,m.1.m.1.cv1,Conv,13,a1483ba7dbc7c07c,"Conv[128->128,k3,s1]@1x128x40x40","{""kind"": ""tensor"", ""shape"": [1, 128, 40, 40], ""dtype"": ""float32""}","[{""shape"": [1, 128, 40, 40], ""dtype"": ""float32""}]",147584,8.4.148,2026-09-14T03:46:41+00:00
yolo26l,fp32,1,640,leaf,141,13,m.1.m.1.cv2,Conv,13,a1483ba7dbc7c07c,"Conv[128->128,k3,s1]@1x128x40x40","{""kind"": ""tensor"", ""shape"": [1, 128, 40, 40], ""dtype"": ""float32""}","[{""shape"": [1, 128, 40, 40], ""dtype"": ""float32""}]",147584,8.4.148,2026-09-14T03:46:41+00:00
yolo26l,fp32,1,640,leaf,142,13,op:add,op:add,13,c8acca76a87407e6,op:add[]@1x128x40x40+1x128x40x40,"{""kind"": ""list"", ""items"": [{""shape"": [1, 128, 40, 40], ""dtype"": ""float32""}, {""shape"": [1, 128, 40, 40], ""dtype"": ""float32""}]}","[{""shape"": [1, 128, 40, 40], ""dtype"": ""float32""}]",0,8.4.148,2026-09-14T03:46:41+00:00
yolo26l,fp32,1,640,leaf,143,13,m.1.cv2,Conv,13,75601b065a5e229b,"Conv[256->128,k1,s1]@1x256x40x40","{""kind"": ""tensor"", ""shape"": [1, 256, 40, 40], ""dtype"": ""float32""}","[{""shape"": [1, 128, 40, 40], ""dtype"": ""float32""}]",32896,8.4.148,2026-09-14T03:46:41+00:00
yolo26l,fp32,1,640,leaf,144,13,op:cat,op:cat,13,8b70423467a04261,op:cat[1]@1x128x40x40+1x128x40x40,"{""kind"": ""list"", ""items"": [{""shape"": [1, 128, 40, 40], ""dtype"": ""float32""}, {""shape"": [1, 128, 40, 40], ""dtype"": ""float32""}]}","[{""shape"": [1, 256, 40, 40], ""dtype"": ""float32""}]",0,8.4.148,2026-09-14T03:46:41+00:00
yolo26l,fp32,1,640,leaf,145,13,m.1.cv3,Conv,13,23af8dfe52fcdc4d,"Conv[256->256,k1,s1]@1x256x40x40","{""kind"": ""tensor"", ""shape"": [1, 256, 40, 40], ""dtype"": ""float32""}","[{""shape"": [1, 256, 40, 40], ""dtype"": ""float32""}]",65792,8.4.148,2026-09-14T03:46:41+00:00
yolo26l,fp32,1,640,leaf,146,13,op:cat,op:cat,13,b39584e240b9b78e,op:cat[1]@1x256x40x40+1x256x40x40+1x256x40x40+1x256x40x40,"{""kind"": ""list"", ""items"": [{""shape"": [1, 256, 40, 40], ""dtype"": ""float32""}, {""shape"": [1, 256, 40, 40], ""dtype"": ""float32""}, {""shape"": [1, 256, 40, 40], ""dtype"": ""float32""}, {""shape"": [1, 256, 40, 40], ""dtype"": ""float32""}]}","[{""shape"": [1, 1024, 40, 40], ""dtype"": ""float32""}]",0,8.4.148,2026-09-14T03:46:41+00:00
yolo26l,fp32,1,640,leaf,147,13,cv2,Conv,13,e24e0f340f874db2,"Conv[1024->512,k1,s1]@1x1024x40x40","{""kind"": ""tensor"", ""shape"": [1, 1024, 40, 40], ""dtype"": ""float32""}","[{""shape"": [1, 512, 40, 40], ""dtype"": ""float32""}]",524800,8.4.148,2026-09-14T03:46:41+00:00
yolo26l,fp32,1,640,leaf,148,14,,Upsample,14,8b039439e1af6674,"Upsample[x2.0,nearest]@1x512x40x40","{""kind"": ""tensor"", ""shape"": [1, 512, 40, 40], ""dtype"": ""float32""}","[{""shape"": [1, 512, 80, 80], ""dtype"": ""float32""}]",0,8.4.148,2026-09-14T03:46:41+00:00
yolo26l,fp32,1,640,leaf,149,15,,Concat,15,96c7f9427dfced2c,Concat[d=1]@1x512x80x80+1x512x80x80,"{""kind"": ""list"", ""items"": [{""shape"": [1, 512, 80, 80], ""dtype"": ""float32""}, {""shape"": [1, 512, 80, 80], ""dtype"": ""float32""}]}","[{""shape"": [1, 1024, 80, 80], ""dtype"": ""float32""}]",0,8.4.148,2026-09-14T03:46:41+00:00
yolo26l,fp32,1,640,leaf,150,16,cv1,Conv,16,b60e7b93172dcc57,"Conv[1024->256,k1,s1]@1x1024x80x80","{""kind"": ""tensor"", ""shape"": [1, 1024, 80, 80], ""dtype"": ""float32""}","[{""shape"": [1, 256, 80, 80], ""dtype"": ""float32""}]",262400,8.4.148,2026-09-14T03:46:41+00:00
yolo26l,fp32,1,640,leaf,151,16,op:chunk,op:chunk,16,02901759b2f335d3,"op:chunk[2,1]@1x256x80x80","{""kind"": ""list"", ""items"": [{""shape"": [1, 256, 80, 80], ""dtype"": ""float32""}]}","[{""shape"": [1, 128, 80, 80], ""dtype"": ""float32""}, {""shape"": [1, 128, 80, 80], ""dtype"": ""float32""}]",0,8.4.148,2026-09-14T03:46:41+00:00
yolo26l,fp32,1,640,leaf,152,16,m.0.cv1,Conv,16,c34ac84e27c4b780,"Conv[128->64,k1,s1]@1x128x80x80","{""kind"": ""tensor"", ""shape"": [1, 128, 80, 80], ""dtype"": ""float32""}","[{""shape"": [1, 64, 80, 80], ""dtype"": ""float32""}]",8256,8.4.148,2026-09-14T03:46:41+00:00
yolo26l,fp32,1,640,leaf,153,16,m.0.m.0.cv1,Conv,16,495310f3993dea8c,"Conv[64->64,k3,s1]@1x64x80x80","{""kind"": ""tensor"", ""shape"": [1, 64, 80, 80], ""dtype"": ""float32""}","[{""shape"": [1, 64, 80, 80], ""dtype"": ""float32""}]",36928,8.4.148,2026-09-14T03:46:41+00:00
yolo26l,fp32,1,640,leaf,154,16,m.0.m.0.cv2,Conv,16,495310f3993dea8c,"Conv[64->64,k3,s1]@1x64x80x80","{""kind"": ""tensor"", ""shape"": [1, 64, 80, 80], ""dtype"": ""float32""}","[{""shape"": [1, 64, 80, 80], ""dtype"": ""float32""}]",36928,8.4.148,2026-09-14T03:46:41+00:00
yolo26l,fp32,1,640,leaf,155,16,op:add,op:add,16,bd915cfbe647f0e6,op:add[]@1x64x80x80+1x64x80x80,"{""kind"": ""list"", ""items"": [{""shape"": [1, 64, 80, 80], ""dtype"": ""float32""}, {""shape"": [1, 64, 80, 80], ""dtype"": ""float32""}]}","[{""shape"": [1, 64, 80, 80], ""dtype"": ""float32""}]",0,8.4.148,2026-09-14T03:46:41+00:00
yolo26l,fp32,1,640,leaf,156,16,m.0.m.1.cv1,Conv,16,495310f3993dea8c,"Conv[64->64,k3,s1]@1x64x80x80","{""kind"": ""tensor"", ""shape"": [1, 64, 80, 80], ""dtype"": ""float32""}","[{""shape"": [1, 64, 80, 80], ""dtype"": ""float32""}]",36928,8.4.148,2026-09-14T03:46:41+00:00
yolo26l,fp32,1,640,leaf,157,16,m.0.m.1.cv2,Conv,16,495310f3993dea8c,"Conv[64->64,k3,s1]@1x64x80x80","{""kind"": ""tensor"", ""shape"": [1, 64, 80, 80], ""dtype"": ""float32""}","[{""shape"": [1, 64, 80, 80], ""dtype"": ""float32""}]",36928,8.4.148,2026-09-14T03:46:41+00:00
yolo26l,fp32,1,640,leaf,158,16,op:add,op:add,16,bd915cfbe647f0e6,op:add[]@1x64x80x80+1x64x80x80,"{""kind"": ""list"", ""items"": [{""shape"": [1, 64, 80, 80], ""dtype"": ""float32""}, {""shape"": [1, 64, 80, 80], ""dtype"": ""float32""}]}","[{""shape"": [1, 64, 80, 80], ""dtype"": ""float32""}]",0,8.4.148,2026-09-14T03:46:41+00:00
yolo26l,fp32,1,640,leaf,159,16,m.0.cv2,Conv,16,c34ac84e27c4b780,"Conv[128->64,k1,s1]@1x128x80x80","{""kind"": ""tensor"", ""shape"": [1, 128, 80, 80], ""dtype"": ""float32""}","[{""shape"": [1, 64, 80, 80], ""dtype"": ""float32""}]",8256,8.4.148,2026-09-14T03:46:41+00:00
yolo26l,fp32,1,640,leaf,160,16,op:cat,op:cat,16,4fa88d8eb9608546,op:cat[1]@1x64x80x80+1x64x80x80,"{""kind"": ""list"", ""items"": [{""shape"": [1, 64, 80, 80], ""dtype"": ""float32""}, {""shape"": [1, 64, 80, 80], ""dtype"": ""float32""}]}","[{""shape"": [1, 128, 80, 80], ""dtype"": ""float32""}]",0,8.4.148,2026-09-14T03:46:41+00:00
yolo26l,fp32,1,640,leaf,161,16,m.0.cv3,Conv,16,37c70738f9f86043,"Conv[128->128,k1,s1]@1x128x80x80","{""kind"": ""tensor"", ""shape"": [1, 128, 80, 80], ""dtype"": ""float32""}","[{""shape"": [1, 128, 80, 80], ""dtype"": ""float32""}]",16512,8.4.148,2026-09-14T03:46:41+00:00
yolo26l,fp32,1,640,leaf,162,16,m.1.cv1,Conv,16,c34ac84e27c4b780,"Conv[128->64,k1,s1]@1x128x80x80","{""kind"": ""tensor"", ""shape"": [1, 128, 80, 80], ""dtype"": ""float32""}","[{""shape"": [1, 64, 80, 80], ""dtype"": ""float32""}]",8256,8.4.148,2026-09-14T03:46:41+00:00
yolo26l,fp32,1,640,leaf,163,16,m.1.m.0.cv1,Conv,16,495310f3993dea8c,"Conv[64->64,k3,s1]@1x64x80x80","{""kind"": ""tensor"", ""shape"": [1, 64, 80, 80], ""dtype"": ""float32""}","[{""shape"": [1, 64, 80, 80], ""dtype"": ""float32""}]",36928,8.4.148,2026-09-14T03:46:41+00:00
yolo26l,fp32,1,640,leaf,164,16,m.1.m.0.cv2,Conv,16,495310f3993dea8c,"Conv[64->64,k3,s1]@1x64x80x80","{""kind"": ""tensor"", ""shape"": [1, 64, 80, 80], ""dtype"": ""float32""}","[{""shape"": [1, 64, 80, 80], ""dtype"": ""float32""}]",36928,8.4.148,2026-09-14T03:46:41+00:00
yolo26l,fp32,1,640,leaf,165,16,op:add,op:add,16,bd915cfbe647f0e6,op:add[]@1x64x80x80+1x64x80x80,"{""kind"": ""list"", ""items"": [{""shape"": [1, 64, 80, 80], ""dtype"": ""float32""}, {""shape"": [1, 64, 80, 80], ""dtype"": ""float32""}]}","[{""shape"": [1, 64, 80, 80], ""dtype"": ""float32""}]",0,8.4.148,2026-09-14T03:46:41+00:00
yolo26l,fp32,1,640,leaf,166,16,m.1.m.1.cv1,Conv,16,495310f3993dea8c,"Conv[64->64,k3,s1]@1x64x80x80","{""kind"": ""tensor"", ""shape"": [1, 64, 80, 80], ""dtype"": ""float32""}","[{""shape"": [1, 64, 80, 80], ""dtype"": ""float32""}]",36928,8.4.148,2026-09-14T03:46:41+00:00
yolo26l,fp32,1,640,leaf,167,16,m.1.m.1.cv2,Conv,16,495310f3993dea8c,"Conv[64->64,k3,s1]@1x64x80x80","{""kind"": ""tensor"", ""shape"": [1, 64, 80, 80], ""dtype"": ""float32""}","[{""shape"": [1, 64, 80, 80], ""dtype"": ""float32""}]",36928,8.4.148,2026-09-14T03:46:41+00:00
yolo26l,fp32,1,640,leaf,168,16,op:add,op:add,16,bd915cfbe647f0e6,op:add[]@1x64x80x80+1x64x80x80,"{""kind"": ""list"", ""items"": [{""shape"": [1, 64, 80, 80], ""dtype"": ""float32""}, {""shape"": [1, 64, 80, 80], ""dtype"": ""float32""}]}","[{""shape"": [1, 64, 80, 80], ""dtype"": ""float32""}]",0,8.4.148,2026-09-14T03:46:41+00:00
yolo26l,fp32,1,640,leaf,169,16,m.1.cv2,Conv,16,c34ac84e27c4b780,"Conv[128->64,k1,s1]@1x128x80x80","{""kind"": ""tensor"", ""shape"": [1, 128, 80, 80], ""dtype"": ""float32""}","[{""shape"": [1, 64, 80, 80], ""dtype"": ""float32""}]",8256,8.4.148,2026-09-14T03:46:41+00:00
yolo26l,fp32,1,640,leaf,170,16,op:cat,op:cat,16,4fa88d8eb9608546,op:cat[1]@1x64x80x80+1x64x80x80,"{""kind"": ""list"", ""items"": [{""shape"": [1, 64, 80, 80], ""dtype"": ""float32""}, {""shape"": [1, 64, 80, 80], ""dtype"": ""float32""}]}","[{""shape"": [1, 128, 80, 80], ""dtype"": ""float32""}]",0,8.4.148,2026-09-14T03:46:41+00:00
yolo26l,fp32,1,640,leaf,171,16,m.1.cv3,Conv,16,37c70738f9f86043,"Conv[128->128,k1,s1]@1x128x80x80","{""kind"": ""tensor"", ""shape"": [1, 128, 80, 80], ""dtype"": ""float32""}","[{""shape"": [1, 128, 80, 80], ""dtype"": ""float32""}]",16512,8.4.148,2026-09-14T03:46:41+00:00
yolo26l,fp32,1,640,leaf,172,16,op:cat,op:cat,16,ad32be0bc1ce8da4,op:cat[1]@1x128x80x80+1x128x80x80+1x128x80x80+1x128x80x80,"{""kind"": ""list"", ""items"": [{""shape"": [1, 128, 80, 80], ""dtype"": ""float32""}, {""shape"": [1, 128, 80, 80], ""dtype"": ""float32""}, {""shape"": [1, 128, 80, 80], ""dtype"": ""float32""}, {""shape"": [1, 128, 80, 80], ""dtype"": ""float32""}]}","[{""shape"": [1, 512, 80, 80], ""dtype"": ""float32""}]",0,8.4.148,2026-09-14T03:46:41+00:00
yolo26l,fp32,1,640,leaf,173,16,cv2,Conv,16,58ed142f133d762d,"Conv[512->256,k1,s1]@1x512x80x80","{""kind"": ""tensor"", ""shape"": [1, 512, 80, 80], ""dtype"": ""float32""}","[{""shape"": [1, 256, 80, 80], ""dtype"": ""float32""}]",131328,8.4.148,2026-09-14T03:46:41+00:00
yolo26l,fp32,1,640,leaf,174,17,,Conv,17,8db2c8e048a70901,"Conv[256->256,k3,s2]@1x256x80x80","{""kind"": ""tensor"", ""shape"": [1, 256, 80, 80], ""dtype"": ""float32""}","[{""shape"": [1, 256, 40, 40], ""dtype"": ""float32""}]",590080,8.4.148,2026-09-14T03:46:41+00:00
yolo26l,fp32,1,640,leaf,175,18,,Concat,18,d3902b4375aba7ef,Concat[d=1]@1x256x40x40+1x512x40x40,"{""kind"": ""list"", ""items"": [{""shape"": [1, 256, 40, 40], ""dtype"": ""float32""}, {""shape"": [1, 512, 40, 40], ""dtype"": ""float32""}]}","[{""shape"": [1, 768, 40, 40], ""dtype"": ""float32""}]",0,8.4.148,2026-09-14T03:46:41+00:00
yolo26l,fp32,1,640,leaf,176,19,cv1,Conv,19,32b8518782441a3a,"Conv[768->512,k1,s1]@1x768x40x40","{""kind"": ""tensor"", ""shape"": [1, 768, 40, 40], ""dtype"": ""float32""}","[{""shape"": [1, 512, 40, 40], ""dtype"": ""float32""}]",393728,8.4.148,2026-09-14T03:46:41+00:00
yolo26l,fp32,1,640,leaf,177,19,op:chunk,op:chunk,19,84c130dff5b597ff,"op:chunk[2,1]@1x512x40x40","{""kind"": ""list"", ""items"": [{""shape"": [1, 512, 40, 40], ""dtype"": ""float32""}]}","[{""shape"": [1, 256, 40, 40], ""dtype"": ""float32""}, {""shape"": [1, 256, 40, 40], ""dtype"": ""float32""}]",0,8.4.148,2026-09-14T03:46:41+00:00
yolo26l,fp32,1,640,leaf,178,19,m.0.cv1,Conv,19,75601b065a5e229b,"Conv[256->128,k1,s1]@1x256x40x40","{""kind"": ""tensor"", ""shape"": [1, 256, 40, 40], ""dtype"": ""float32""}","[{""shape"": [1, 128, 40, 40], ""dtype"": ""float32""}]",32896,8.4.148,2026-09-14T03:46:41+00:00
yolo26l,fp32,1,640,leaf,179,19,m.0.m.0.cv1,Conv,19,a1483ba7dbc7c07c,"Conv[128->128,k3,s1]@1x128x40x40","{""kind"": ""tensor"", ""shape"": [1, 128, 40, 40], ""dtype"": ""float32""}","[{""shape"": [1, 128, 40, 40], ""dtype"": ""float32""}]",147584,8.4.148,2026-09-14T03:46:41+00:00
yolo26l,fp32,1,640,leaf,180,19,m.0.m.0.cv2,Conv,19,a1483ba7dbc7c07c,"Conv[128->128,k3,s1]@1x128x40x40","{""kind"": ""tensor"", ""shape"": [1, 128, 40, 40], ""dtype"": ""float32""}","[{""shape"": [1, 128, 40, 40], ""dtype"": ""float32""}]",147584,8.4.148,2026-09-14T03:46:41+00:00
yolo26l,fp32,1,640,leaf,181,19,op:add,op:add,19,c8acca76a87407e6,op:add[]@1x128x40x40+1x128x40x40,"{""kind"": ""list"", ""items"": [{""shape"": [1, 128, 40, 40], ""dtype"": ""float32""}, {""shape"": [1, 128, 40, 40], ""dtype"": ""float32""}]}","[{""shape"": [1, 128, 40, 40], ""dtype"": ""float32""}]",0,8.4.148,2026-09-14T03:46:41+00:00
yolo26l,fp32,1,640,leaf,182,19,m.0.m.1.cv1,Conv,19,a1483ba7dbc7c07c,"Conv[128->128,k3,s1]@1x128x40x40","{""kind"": ""tensor"", ""shape"": [1, 128, 40, 40], ""dtype"": ""float32""}","[{""shape"": [1, 128, 40, 40], ""dtype"": ""float32""}]",147584,8.4.148,2026-09-14T03:46:41+00:00
yolo26l,fp32,1,640,leaf,183,19,m.0.m.1.cv2,Conv,19,a1483ba7dbc7c07c,"Conv[128->128,k3,s1]@1x128x40x40","{""kind"": ""tensor"", ""shape"": [1, 128, 40, 40], ""dtype"": ""float32""}","[{""shape"": [1, 128, 40, 40], ""dtype"": ""float32""}]",147584,8.4.148,2026-09-14T03:46:41+00:00
yolo26l,fp32,1,640,leaf,184,19,op:add,op:add,19,c8acca76a87407e6,op:add[]@1x128x40x40+1x128x40x40,"{""kind"": ""list"", ""items"": [{""shape"": [1, 128, 40, 40], ""dtype"": ""float32""}, {""shape"": [1, 128, 40, 40], ""dtype"": ""float32""}]}","[{""shape"": [1, 128, 40, 40], ""dtype"": ""float32""}]",0,8.4.148,2026-09-14T03:46:41+00:00
yolo26l,fp32,1,640,leaf,185,19,m.0.cv2,Conv,19,75601b065a5e229b,"Conv[256->128,k1,s1]@1x256x40x40","{""kind"": ""tensor"", ""shape"": [1, 256, 40, 40], ""dtype"": ""float32""}","[{""shape"": [1, 128, 40, 40], ""dtype"": ""float32""}]",32896,8.4.148,2026-09-14T03:46:41+00:00
yolo26l,fp32,1,640,leaf,186,19,op:cat,op:cat,19,8b70423467a04261,op:cat[1]@1x128x40x40+1x128x40x40,"{""kind"": ""list"", ""items"": [{""shape"": [1, 128, 40, 40], ""dtype"": ""float32""}, {""shape"": [1, 128, 40, 40], ""dtype"": ""float32""}]}","[{""shape"": [1, 256, 40, 40], ""dtype"": ""float32""}]",0,8.4.148,2026-09-14T03:46:41+00:00
yolo26l,fp32,1,640,leaf,187,19,m.0.cv3,Conv,19,23af8dfe52fcdc4d,"Conv[256->256,k1,s1]@1x256x40x40","{""kind"": ""tensor"", ""shape"": [1, 256, 40, 40], ""dtype"": ""float32""}","[{""shape"": [1, 256, 40, 40], ""dtype"": ""float32""}]",65792,8.4.148,2026-09-14T03:46:41+00:00
yolo26l,fp32,1,640,leaf,188,19,m.1.cv1,Conv,19,75601b065a5e229b,"Conv[256->128,k1,s1]@1x256x40x40","{""kind"": ""tensor"", ""shape"": [1, 256, 40, 40], ""dtype"": ""float32""}","[{""shape"": [1, 128, 40, 40], ""dtype"": ""float32""}]",32896,8.4.148,2026-09-14T03:46:41+00:00
yolo26l,fp32,1,640,leaf,189,19,m.1.m.0.cv1,Conv,19,a1483ba7dbc7c07c,"Conv[128->128,k3,s1]@1x128x40x40","{""kind"": ""tensor"", ""shape"": [1, 128, 40, 40], ""dtype"": ""float32""}","[{""shape"": [1, 128, 40, 40], ""dtype"": ""float32""}]",147584,8.4.148,2026-09-14T03:46:41+00:00
yolo26l,fp32,1,640,leaf,190,19,m.1.m.0.cv2,Conv,19,a1483ba7dbc7c07c,"Conv[128->128,k3,s1]@1x128x40x40","{""kind"": ""tensor"", ""shape"": [1, 128, 40, 40], ""dtype"": ""float32""}","[{""shape"": [1, 128, 40, 40], ""dtype"": ""float32""}]",147584,8.4.148,2026-09-14T03:46:41+00:00
yolo26l,fp32,1,640,leaf,191,19,op:add,op:add,19,c8acca76a87407e6,op:add[]@1x128x40x40+1x128x40x40,"{""kind"": ""list"", ""items"": [{""shape"": [1, 128, 40, 40], ""dtype"": ""float32""}, {""shape"": [1, 128, 40, 40], ""dtype"": ""float32""}]}","[{""shape"": [1, 128, 40, 40], ""dtype"": ""float32""}]",0,8.4.148,2026-09-14T03:46:41+00:00
yolo26l,fp32,1,640,leaf,192,19,m.1.m.1.cv1,Conv,19,a1483ba7dbc7c07c,"Conv[128->128,k3,s1]@1x128x40x40","{""kind"": ""tensor"", ""shape"": [1, 128, 40, 40], ""dtype"": ""float32""}","[{""shape"": [1, 128, 40, 40], ""dtype"": ""float32""}]",147584,8.4.148,2026-09-14T03:46:41+00:00
yolo26l,fp32,1,640,leaf,193,19,m.1.m.1.cv2,Conv,19,a1483ba7dbc7c07c,"Conv[128->128,k3,s1]@1x128x40x40","{""kind"": ""tensor"", ""shape"": [1, 128, 40, 40], ""dtype"": ""float32""}","[{""shape"": [1, 128, 40, 40], ""dtype"": ""float32""}]",147584,8.4.148,2026-09-14T03:46:41+00:00
yolo26l,fp32,1,640,leaf,194,19,op:add,op:add,19,c8acca76a87407e6,op:add[]@1x128x40x40+1x128x40x40,"{""kind"": ""list"", ""items"": [{""shape"": [1, 128, 40, 40], ""dtype"": ""float32""}, {""shape"": [1, 128, 40, 40], ""dtype"": ""float32""}]}","[{""shape"": [1, 128, 40, 40], ""dtype"": ""float32""}]",0,8.4.148,2026-09-14T03:46:41+00:00
yolo26l,fp32,1,640,leaf,195,19,m.1.cv2,Conv,19,75601b065a5e229b,"Conv[256->128,k1,s1]@1x256x40x40","{""kind"": ""tensor"", ""shape"": [1, 256, 40, 40], ""dtype"": ""float32""}","[{""shape"": [1, 128, 40, 40], ""dtype"": ""float32""}]",32896,8.4.148,2026-09-14T03:46:41+00:00
yolo26l,fp32,1,640,leaf,196,19,op:cat,op:cat,19,8b70423467a04261,op:cat[1]@1x128x40x40+1x128x40x40,"{""kind"": ""list"", ""items"": [{""shape"": [1, 128, 40, 40], ""dtype"": ""float32""}, {""shape"": [1, 128, 40, 40], ""dtype"": ""float32""}]}","[{""shape"": [1, 256, 40, 40], ""dtype"": ""float32""}]",0,8.4.148,2026-09-14T03:46:41+00:00
yolo26l,fp32,1,640,leaf,197,19,m.1.cv3,Conv,19,23af8dfe52fcdc4d,"Conv[256->256,k1,s1]@1x256x40x40","{""kind"": ""tensor"", ""shape"": [1, 256, 40, 40], ""dtype"": ""float32""}","[{""shape"": [1, 256, 40, 40], ""dtype"": ""float32""}]",65792,8.4.148,2026-09-14T03:46:41+00:00
yolo26l,fp32,1,640,leaf,198,19,op:cat,op:cat,19,b39584e240b9b78e,op:cat[1]@1x256x40x40+1x256x40x40+1x256x40x40+1x256x40x40,"{""kind"": ""list"", ""items"": [{""shape"": [1, 256, 40, 40], ""dtype"": ""float32""}, {""shape"": [1, 256, 40, 40], ""dtype"": ""float32""}, {""shape"": [1, 256, 40, 40], ""dtype"": ""float32""}, {""shape"": [1, 256, 40, 40], ""dtype"": ""float32""}]}","[{""shape"": [1, 1024, 40, 40], ""dtype"": ""float32""}]",0,8.4.148,2026-09-14T03:46:41+00:00
yolo26l,fp32,1,640,leaf,199,19,cv2,Conv,19,e24e0f340f874db2,"Conv[1024->512,k1,s1]@1x1024x40x40","{""kind"": ""tensor"", ""shape"": [1, 1024, 40, 40], ""dtype"": ""float32""}","[{""shape"": [1, 512, 40, 40], ""dtype"": ""float32""}]",524800,8.4.148,2026-09-14T03:46:41+00:00
yolo26l,fp32,1,640,leaf,200,20,,Conv,20,e4ef9ed73247fe48,"Conv[512->512,k3,s2]@1x512x40x40","{""kind"": ""tensor"", ""shape"": [1, 512, 40, 40], ""dtype"": ""float32""}","[{""shape"": [1, 512, 20, 20], ""dtype"": ""float32""}]",2359808,8.4.148,2026-09-14T03:46:41+00:00
yolo26l,fp32,1,640,leaf,201,21,,Concat,21,2790e6163326a31a,Concat[d=1]@1x512x20x20+1x512x20x20,"{""kind"": ""list"", ""items"": [{""shape"": [1, 512, 20, 20], ""dtype"": ""float32""}, {""shape"": [1, 512, 20, 20], ""dtype"": ""float32""}]}","[{""shape"": [1, 1024, 20, 20], ""dtype"": ""float32""}]",0,8.4.148,2026-09-14T03:46:41+00:00
yolo26l,fp32,1,640,leaf,202,22,cv1,Conv,22,2f88b651e610ec87,"Conv[1024->512,k1,s1]@1x1024x20x20","{""kind"": ""tensor"", ""shape"": [1, 1024, 20, 20], ""dtype"": ""float32""}","[{""shape"": [1, 512, 20, 20], ""dtype"": ""float32""}]",524800,8.4.148,2026-09-14T03:46:41+00:00
yolo26l,fp32,1,640,leaf,203,22,op:chunk,op:chunk,22,12889ce8ea8cddec,"op:chunk[2,1]@1x512x20x20","{""kind"": ""list"", ""items"": [{""shape"": [1, 512, 20, 20], ""dtype"": ""float32""}]}","[{""shape"": [1, 256, 20, 20], ""dtype"": ""float32""}, {""shape"": [1, 256, 20, 20], ""dtype"": ""float32""}]",0,8.4.148,2026-09-14T03:46:41+00:00
yolo26l,fp32,1,640,leaf,204,22,m.0.0.cv1,Conv,22,25413d56f2c7fefc,"Conv[256->128,k3,s1]@1x256x20x20","{""kind"": ""tensor"", ""shape"": [1, 256, 20, 20], ""dtype"": ""float32""}","[{""shape"": [1, 128, 20, 20], ""dtype"": ""float32""}]",295040,8.4.148,2026-09-14T03:46:41+00:00
yolo26l,fp32,1,640,leaf,205,22,m.0.0.cv2,Conv,22,22cdcbd6500093a8,"Conv[128->256,k3,s1]@1x128x20x20","{""kind"": ""tensor"", ""shape"": [1, 128, 20, 20], ""dtype"": ""float32""}","[{""shape"": [1, 256, 20, 20], ""dtype"": ""float32""}]",295168,8.4.148,2026-09-14T03:46:41+00:00
yolo26l,fp32,1,640,leaf,206,22,op:add,op:add,22,d10599b21e83f03c,op:add[]@1x256x20x20+1x256x20x20,"{""kind"": ""list"", ""items"": [{""shape"": [1, 256, 20, 20], ""dtype"": ""float32""}, {""shape"": [1, 256, 20, 20], ""dtype"": ""float32""}]}","[{""shape"": [1, 256, 20, 20], ""dtype"": ""float32""}]",0,8.4.148,2026-09-14T03:46:41+00:00
yolo26l,fp32,1,640,leaf,207,22,m.0.1.attn,Attention,22,87501ab6eeead3a3,"Attention[256->256,p=199936]@1x256x20x20","{""kind"": ""tensor"", ""shape"": [1, 256, 20, 20], ""dtype"": ""float32""}","[{""shape"": [1, 256, 20, 20], ""dtype"": ""float32""}]",199936,8.4.148,2026-09-14T03:46:41+00:00
yolo26l,fp32,1,640,leaf,208,22,op:add,op:add,22,d10599b21e83f03c,op:add[]@1x256x20x20+1x256x20x20,"{""kind"": ""list"", ""items"": [{""shape"": [1, 256, 20, 20], ""dtype"": ""float32""}, {""shape"": [1, 256, 20, 20], ""dtype"": ""float32""}]}","[{""shape"": [1, 256, 20, 20], ""dtype"": ""float32""}]",0,8.4.148,2026-09-14T03:46:41+00:00
yolo26l,fp32,1,640,leaf,209,22,m.0.1.ffn.0,Conv,22,9107ffd7fc86dace,"Conv[256->512,k1,s1]@1x256x20x20","{""kind"": ""tensor"", ""shape"": [1, 256, 20, 20], ""dtype"": ""float32""}","[{""shape"": [1, 512, 20, 20], ""dtype"": ""float32""}]",131584,8.4.148,2026-09-14T03:46:41+00:00
yolo26l,fp32,1,640,leaf,210,22,m.0.1.ffn.1,Conv,22,67568c7ff087692a,"Conv[512->256,k1,s1]@1x512x20x20","{""kind"": ""tensor"", ""shape"": [1, 512, 20, 20], ""dtype"": ""float32""}","[{""shape"": [1, 256, 20, 20], ""dtype"": ""float32""}]",131328,8.4.148,2026-09-14T03:46:41+00:00
yolo26l,fp32,1,640,leaf,211,22,op:add,op:add,22,d10599b21e83f03c,op:add[]@1x256x20x20+1x256x20x20,"{""kind"": ""list"", ""items"": [{""shape"": [1, 256, 20, 20], ""dtype"": ""float32""}, {""shape"": [1, 256, 20, 20], ""dtype"": ""float32""}]}","[{""shape"": [1, 256, 20, 20], ""dtype"": ""float32""}]",0,8.4.148,2026-09-14T03:46:41+00:00
yolo26l,fp32,1,640,leaf,212,22,op:cat,op:cat,22,b15e0002af07527a,op:cat[1]@1x256x20x20+1x256x20x20+1x256x20x20,"{""kind"": ""list"", ""items"": [{""shape"": [1, 256, 20, 20], ""dtype"": ""float32""}, {""shape"": [1, 256, 20, 20], ""dtype"": ""float32""}, {""shape"": [1, 256, 20, 20], ""dtype"": ""float32""}]}","[{""shape"": [1, 768, 20, 20], ""dtype"": ""float32""}]",0,8.4.148,2026-09-14T03:46:41+00:00
yolo26l,fp32,1,640,leaf,213,22,cv2,Conv,22,8fa73bf7f1bdcb03,"Conv[768->512,k1,s1]@1x768x20x20","{""kind"": ""tensor"", ""shape"": [1, 768, 20, 20], ""dtype"": ""float32""}","[{""shape"": [1, 512, 20, 20], ""dtype"": ""float32""}]",393728,8.4.148,2026-09-14T03:46:41+00:00
yolo26l,fp32,1,640,leaf,214,23,,Detect,23,3d1a9c8e3f245ae1,"Detect[nc=80,e2e]@1x256x80x80+1x512x40x40+1x512x20x20","{""kind"": ""list"", ""items"": [{""shape"": [1, 256, 80, 80], ""dtype"": ""float32""}, {""shape"": [1, 512, 40, 40], ""dtype"": ""float32""}, {""shape"": [1, 512, 20, 20], ""dtype"": ""float32""}]}","[{""shape"": [1, 300, 6], ""dtype"": ""float32""}, {""shape"": [1, 4, 8400], ""dtype"": ""float32""}, {""shape"": [1, 80, 8400], ""dtype"": ""float32""}, {""shape"": [1, 256, 80, 80], ""dtype"": ""float32""}, {""shape"": [1, 512, 40, 40], ""dtype"": ""float32""}, {""shape"": [1, 512, 20, 20], ""dtype"": ""float32""}]",1457020,8.4.148,2026-09-14T03:46:41+00:00
yolo26x,fp32,1,640,leaf,0,0,,Conv,0,37e8e2b2ab1c7cc7,"Conv[3->96,k3,s2]@1x3x640x640","{""kind"": ""tensor"", ""shape"": [1, 3, 640, 640], ""dtype"": ""float32""}","[{""shape"": [1, 96, 320, 320], ""dtype"": ""float32""}]",2688,8.4.148,2026-09-14T03:47:30+00:00
yolo26x,fp32,1,640,leaf,1,1,,Conv,1,5411b03f9925acdd,"Conv[96->192,k3,s2]@1x96x320x320","{""kind"": ""tensor"", ""shape"": [1, 96, 320, 320], ""dtype"": ""float32""}","[{""shape"": [1, 192, 160, 160], ""dtype"": ""float32""}]",166080,8.4.148,2026-09-14T03:47:30+00:00
yolo26x,fp32,1,640,leaf,2,2,cv1,Conv,2,6c8eaebbd53f20f8,"Conv[192->192,k1,s1]@1x192x160x160","{""kind"": ""tensor"", ""shape"": [1, 192, 160, 160], ""dtype"": ""float32""}","[{""shape"": [1, 192, 160, 160], ""dtype"": ""float32""}]",37056,8.4.148,2026-09-14T03:47:30+00:00
yolo26x,fp32,1,640,leaf,3,2,op:chunk,op:chunk,2,ef2c36352277ea8b,"op:chunk[2,1]@1x192x160x160","{""kind"": ""list"", ""items"": [{""shape"": [1, 192, 160, 160], ""dtype"": ""float32""}]}","[{""shape"": [1, 96, 160, 160], ""dtype"": ""float32""}, {""shape"": [1, 96, 160, 160], ""dtype"": ""float32""}]",0,8.4.148,2026-09-14T03:47:30+00:00
yolo26x,fp32,1,640,leaf,4,2,m.0.cv1,Conv,2,23a23d1ffaa7f81b,"Conv[96->48,k1,s1]@1x96x160x160","{""kind"": ""tensor"", ""shape"": [1, 96, 160, 160], ""dtype"": ""float32""}","[{""shape"": [1, 48, 160, 160], ""dtype"": ""float32""}]",4656,8.4.148,2026-09-14T03:47:30+00:00
yolo26x,fp32,1,640,leaf,5,2,m.0.m.0.cv1,Conv,2,ba7f4831af24738d,"Conv[48->48,k3,s1]@1x48x160x160","{""kind"": ""tensor"", ""shape"": [1, 48, 160, 160], ""dtype"": ""float32""}","[{""shape"": [1, 48, 160, 160], ""dtype"": ""float32""}]",20784,8.4.148,2026-09-14T03:47:30+00:00
yolo26x,fp32,1,640,leaf,6,2,m.0.m.0.cv2,Conv,2,ba7f4831af24738d,"Conv[48->48,k3,s1]@1x48x160x160","{""kind"": ""tensor"", ""shape"": [1, 48, 160, 160], ""dtype"": ""float32""}","[{""shape"": [1, 48, 160, 160], ""dtype"": ""float32""}]",20784,8.4.148,2026-09-14T03:47:30+00:00
yolo26x,fp32,1,640,leaf,7,2,op:add,op:add,2,a745b82aeaf4639f,op:add[]@1x48x160x160+1x48x160x160,"{""kind"": ""list"", ""items"": [{""shape"": [1, 48, 160, 160], ""dtype"": ""float32""}, {""shape"": [1, 48, 160, 160], ""dtype"": ""float32""}]}","[{""shape"": [1, 48, 160, 160], ""dtype"": ""float32""}]",0,8.4.148,2026-09-14T03:47:30+00:00
yolo26x,fp32,1,640,leaf,8,2,m.0.m.1.cv1,Conv,2,ba7f4831af24738d,"Conv[48->48,k3,s1]@1x48x160x160","{""kind"": ""tensor"", ""shape"": [1, 48, 160, 160], ""dtype"": ""float32""}","[{""shape"": [1, 48, 160, 160], ""dtype"": ""float32""}]",20784,8.4.148,2026-09-14T03:47:30+00:00
yolo26x,fp32,1,640,leaf,9,2,m.0.m.1.cv2,Conv,2,ba7f4831af24738d,"Conv[48->48,k3,s1]@1x48x160x160","{""kind"": ""tensor"", ""shape"": [1, 48, 160, 160], ""dtype"": ""float32""}","[{""shape"": [1, 48, 160, 160], ""dtype"": ""float32""}]",20784,8.4.148,2026-09-14T03:47:30+00:00
yolo26x,fp32,1,640,leaf,10,2,op:add,op:add,2,a745b82aeaf4639f,op:add[]@1x48x160x160+1x48x160x160,"{""kind"": ""list"", ""items"": [{""shape"": [1, 48, 160, 160], ""dtype"": ""float32""}, {""shape"": [1, 48, 160, 160], ""dtype"": ""float32""}]}","[{""shape"": [1, 48, 160, 160], ""dtype"": ""float32""}]",0,8.4.148,2026-09-14T03:47:30+00:00
yolo26x,fp32,1,640,leaf,11,2,m.0.cv2,Conv,2,23a23d1ffaa7f81b,"Conv[96->48,k1,s1]@1x96x160x160","{""kind"": ""tensor"", ""shape"": [1, 96, 160, 160], ""dtype"": ""float32""}","[{""shape"": [1, 48, 160, 160], ""dtype"": ""float32""}]",4656,8.4.148,2026-09-14T03:47:30+00:00
yolo26x,fp32,1,640,leaf,12,2,op:cat,op:cat,2,d9ff8e19f7ba414b,op:cat[1]@1x48x160x160+1x48x160x160,"{""kind"": ""list"", ""items"": [{""shape"": [1, 48, 160, 160], ""dtype"": ""float32""}, {""shape"": [1, 48, 160, 160], ""dtype"": ""float32""}]}","[{""shape"": [1, 96, 160, 160], ""dtype"": ""float32""}]",0,8.4.148,2026-09-14T03:47:30+00:00
yolo26x,fp32,1,640,leaf,13,2,m.0.cv3,Conv,2,cf57a2a564d5e96a,"Conv[96->96,k1,s1]@1x96x160x160","{""kind"": ""tensor"", ""shape"": [1, 96, 160, 160], ""dtype"": ""float32""}","[{""shape"": [1, 96, 160, 160], ""dtype"": ""float32""}]",9312,8.4.148,2026-09-14T03:47:30+00:00
yolo26x,fp32,1,640,leaf,14,2,m.1.cv1,Conv,2,23a23d1ffaa7f81b,"Conv[96->48,k1,s1]@1x96x160x160","{""kind"": ""tensor"", ""shape"": [1, 96, 160, 160], ""dtype"": ""float32""}","[{""shape"": [1, 48, 160, 160], ""dtype"": ""float32""}]",4656,8.4.148,2026-09-14T03:47:30+00:00
yolo26x,fp32,1,640,leaf,15,2,m.1.m.0.cv1,Conv,2,ba7f4831af24738d,"Conv[48->48,k3,s1]@1x48x160x160","{""kind"": ""tensor"", ""shape"": [1, 48, 160, 160], ""dtype"": ""float32""}","[{""shape"": [1, 48, 160, 160], ""dtype"": ""float32""}]",20784,8.4.148,2026-09-14T03:47:30+00:00
yolo26x,fp32,1,640,leaf,16,2,m.1.m.0.cv2,Conv,2,ba7f4831af24738d,"Conv[48->48,k3,s1]@1x48x160x160","{""kind"": ""tensor"", ""shape"": [1, 48, 160, 160], ""dtype"": ""float32""}","[{""shape"": [1, 48, 160, 160], ""dtype"": ""float32""}]",20784,8.4.148,2026-09-14T03:47:30+00:00
yolo26x,fp32,1,640,leaf,17,2,op:add,op:add,2,a745b82aeaf4639f,op:add[]@1x48x160x160+1x48x160x160,"{""kind"": ""list"", ""items"": [{""shape"": [1, 48, 160, 160], ""dtype"": ""float32""}, {""shape"": [1, 48, 160, 160], ""dtype"": ""float32""}]}","[{""shape"": [1, 48, 160, 160], ""dtype"": ""float32""}]",0,8.4.148,2026-09-14T03:47:30+00:00
yolo26x,fp32,1,640,leaf,18,2,m.1.m.1.cv1,Conv,2,ba7f4831af24738d,"Conv[48->48,k3,s1]@1x48x160x160","{""kind"": ""tensor"", ""shape"": [1, 48, 160, 160], ""dtype"": ""float32""}","[{""shape"": [1, 48, 160, 160], ""dtype"": ""float32""}]",20784,8.4.148,2026-09-14T03:47:30+00:00
yolo26x,fp32,1,640,leaf,19,2,m.1.m.1.cv2,Conv,2,ba7f4831af24738d,"Conv[48->48,k3,s1]@1x48x160x160","{""kind"": ""tensor"", ""shape"": [1, 48, 160, 160], ""dtype"": ""float32""}","[{""shape"": [1, 48, 160, 160], ""dtype"": ""float32""}]",20784,8.4.148,2026-09-14T03:47:30+00:00
yolo26x,fp32,1,640,leaf,20,2,op:add,op:add,2,a745b82aeaf4639f,op:add[]@1x48x160x160+1x48x160x160,"{""kind"": ""list"", ""items"": [{""shape"": [1, 48, 160, 160], ""dtype"": ""float32""}, {""shape"": [1, 48, 160, 160], ""dtype"": ""float32""}]}","[{""shape"": [1, 48, 160, 160], ""dtype"": ""float32""}]",0,8.4.148,2026-09-14T03:47:30+00:00
yolo26x,fp32,1,640,leaf,21,2,m.1.cv2,Conv,2,23a23d1ffaa7f81b,"Conv[96->48,k1,s1]@1x96x160x160","{""kind"": ""tensor"", ""shape"": [1, 96, 160, 160], ""dtype"": ""float32""}","[{""shape"": [1, 48, 160, 160], ""dtype"": ""float32""}]",4656,8.4.148,2026-09-14T03:47:30+00:00
yolo26x,fp32,1,640,leaf,22,2,op:cat,op:cat,2,d9ff8e19f7ba414b,op:cat[1]@1x48x160x160+1x48x160x160,"{""kind"": ""list"", ""items"": [{""shape"": [1, 48, 160, 160], ""dtype"": ""float32""}, {""shape"": [1, 48, 160, 160], ""dtype"": ""float32""}]}","[{""shape"": [1, 96, 160, 160], ""dtype"": ""float32""}]",0,8.4.148,2026-09-14T03:47:30+00:00
yolo26x,fp32,1,640,leaf,23,2,m.1.cv3,Conv,2,cf57a2a564d5e96a,"Conv[96->96,k1,s1]@1x96x160x160","{""kind"": ""tensor"", ""shape"": [1, 96, 160, 160], ""dtype"": ""float32""}","[{""shape"": [1, 96, 160, 160], ""dtype"": ""float32""}]",9312,8.4.148,2026-09-14T03:47:30+00:00
yolo26x,fp32,1,640,leaf,24,2,op:cat,op:cat,2,5c408132711c0a6d,op:cat[1]@1x96x160x160+1x96x160x160+1x96x160x160+1x96x160x160,"{""kind"": ""list"", ""items"": [{""shape"": [1, 96, 160, 160], ""dtype"": ""float32""}, {""shape"": [1, 96, 160, 160], ""dtype"": ""float32""}, {""shape"": [1, 96, 160, 160], ""dtype"": ""float32""}, {""shape"": [1, 96, 160, 160], ""dtype"": ""float32""}]}","[{""shape"": [1, 384, 160, 160], ""dtype"": ""float32""}]",0,8.4.148,2026-09-14T03:47:30+00:00
yolo26x,fp32,1,640,leaf,25,2,cv2,Conv,2,fb55f61ad2d77c71,"Conv[384->384,k1,s1]@1x384x160x160","{""kind"": ""tensor"", ""shape"": [1, 384, 160, 160], ""dtype"": ""float32""}","[{""shape"": [1, 384, 160, 160], ""dtype"": ""float32""}]",147840,8.4.148,2026-09-14T03:47:30+00:00
yolo26x,fp32,1,640,leaf,26,3,,Conv,3,b2529c4ff6ad87b9,"Conv[384->384,k3,s2]@1x384x160x160","{""kind"": ""tensor"", ""shape"": [1, 384, 160, 160], ""dtype"": ""float32""}","[{""shape"": [1, 384, 80, 80], ""dtype"": ""float32""}]",1327488,8.4.148,2026-09-14T03:47:30+00:00
yolo26x,fp32,1,640,leaf,27,4,cv1,Conv,4,a0074f26fe7b9d42,"Conv[384->384,k1,s1]@1x384x80x80","{""kind"": ""tensor"", ""shape"": [1, 384, 80, 80], ""dtype"": ""float32""}","[{""shape"": [1, 384, 80, 80], ""dtype"": ""float32""}]",147840,8.4.148,2026-09-14T03:47:30+00:00
yolo26x,fp32,1,640,leaf,28,4,op:chunk,op:chunk,4,6acfb8f6907941bd,"op:chunk[2,1]@1x384x80x80","{""kind"": ""list"", ""items"": [{""shape"": [1, 384, 80, 80], ""dtype"": ""float32""}]}","[{""shape"": [1, 192, 80, 80], ""dtype"": ""float32""}, {""shape"": [1, 192, 80, 80], ""dtype"": ""float32""}]",0,8.4.148,2026-09-14T03:47:30+00:00
yolo26x,fp32,1,640,leaf,29,4,m.0.cv1,Conv,4,4dedadb0777fc2e2,"Conv[192->96,k1,s1]@1x192x80x80","{""kind"": ""tensor"", ""shape"": [1, 192, 80, 80], ""dtype"": ""float32""}","[{""shape"": [1, 96, 80, 80], ""dtype"": ""float32""}]",18528,8.4.148,2026-09-14T03:47:30+00:00
yolo26x,fp32,1,640,leaf,30,4,m.0.m.0.cv1,Conv,4,cd42ff153da0a6aa,"Conv[96->96,k3,s1]@1x96x80x80","{""kind"": ""tensor"", ""shape"": [1, 96, 80, 80], ""dtype"": ""float32""}","[{""shape"": [1, 96, 80, 80], ""dtype"": ""float32""}]",83040,8.4.148,2026-09-14T03:47:30+00:00
yolo26x,fp32,1,640,leaf,31,4,m.0.m.0.cv2,Conv,4,cd42ff153da0a6aa,"Conv[96->96,k3,s1]@1x96x80x80","{""kind"": ""tensor"", ""shape"": [1, 96, 80, 80], ""dtype"": ""float32""}","[{""shape"": [1, 96, 80, 80], ""dtype"": ""float32""}]",83040,8.4.148,2026-09-14T03:47:30+00:00
yolo26x,fp32,1,640,leaf,32,4,op:add,op:add,4,da6c27ac65420a2a,op:add[]@1x96x80x80+1x96x80x80,"{""kind"": ""list"", ""items"": [{""shape"": [1, 96, 80, 80], ""dtype"": ""float32""}, {""shape"": [1, 96, 80, 80], ""dtype"": ""float32""}]}","[{""shape"": [1, 96, 80, 80], ""dtype"": ""float32""}]",0,8.4.148,2026-09-14T03:47:30+00:00
yolo26x,fp32,1,640,leaf,33,4,m.0.m.1.cv1,Conv,4,cd42ff153da0a6aa,"Conv[96->96,k3,s1]@1x96x80x80","{""kind"": ""tensor"", ""shape"": [1, 96, 80, 80], ""dtype"": ""float32""}","[{""shape"": [1, 96, 80, 80], ""dtype"": ""float32""}]",83040,8.4.148,2026-09-14T03:47:30+00:00
yolo26x,fp32,1,640,leaf,34,4,m.0.m.1.cv2,Conv,4,cd42ff153da0a6aa,"Conv[96->96,k3,s1]@1x96x80x80","{""kind"": ""tensor"", ""shape"": [1, 96, 80, 80], ""dtype"": ""float32""}","[{""shape"": [1, 96, 80, 80], ""dtype"": ""float32""}]",83040,8.4.148,2026-09-14T03:47:30+00:00
yolo26x,fp32,1,640,leaf,35,4,op:add,op:add,4,da6c27ac65420a2a,op:add[]@1x96x80x80+1x96x80x80,"{""kind"": ""list"", ""items"": [{""shape"": [1, 96, 80, 80], ""dtype"": ""float32""}, {""shape"": [1, 96, 80, 80], ""dtype"": ""float32""}]}","[{""shape"": [1, 96, 80, 80], ""dtype"": ""float32""}]",0,8.4.148,2026-09-14T03:47:30+00:00
yolo26x,fp32,1,640,leaf,36,4,m.0.cv2,Conv,4,4dedadb0777fc2e2,"Conv[192->96,k1,s1]@1x192x80x80","{""kind"": ""tensor"", ""shape"": [1, 192, 80, 80], ""dtype"": ""float32""}","[{""shape"": [1, 96, 80, 80], ""dtype"": ""float32""}]",18528,8.4.148,2026-09-14T03:47:30+00:00
yolo26x,fp32,1,640,leaf,37,4,op:cat,op:cat,4,2f46e2adb261bde1,op:cat[1]@1x96x80x80+1x96x80x80,"{""kind"": ""list"", ""items"": [{""shape"": [1, 96, 80, 80], ""dtype"": ""float32""}, {""shape"": [1, 96, 80, 80], ""dtype"": ""float32""}]}","[{""shape"": [1, 192, 80, 80], ""dtype"": ""float32""}]",0,8.4.148,2026-09-14T03:47:30+00:00
yolo26x,fp32,1,640,leaf,38,4,m.0.cv3,Conv,4,85691de1a57b4a3e,"Conv[192->192,k1,s1]@1x192x80x80","{""kind"": ""tensor"", ""shape"": [1, 192, 80, 80], ""dtype"": ""float32""}","[{""shape"": [1, 192, 80, 80], ""dtype"": ""float32""}]",37056,8.4.148,2026-09-14T03:47:30+00:00
yolo26x,fp32,1,640,leaf,39,4,m.1.cv1,Conv,4,4dedadb0777fc2e2,"Conv[192->96,k1,s1]@1x192x80x80","{""kind"": ""tensor"", ""shape"": [1, 192, 80, 80], ""dtype"": ""float32""}","[{""shape"": [1, 96, 80, 80], ""dtype"": ""float32""}]",18528,8.4.148,2026-09-14T03:47:30+00:00
yolo26x,fp32,1,640,leaf,40,4,m.1.m.0.cv1,Conv,4,cd42ff153da0a6aa,"Conv[96->96,k3,s1]@1x96x80x80","{""kind"": ""tensor"", ""shape"": [1, 96, 80, 80], ""dtype"": ""float32""}","[{""shape"": [1, 96, 80, 80], ""dtype"": ""float32""}]",83040,8.4.148,2026-09-14T03:47:30+00:00
yolo26x,fp32,1,640,leaf,41,4,m.1.m.0.cv2,Conv,4,cd42ff153da0a6aa,"Conv[96->96,k3,s1]@1x96x80x80","{""kind"": ""tensor"", ""shape"": [1, 96, 80, 80], ""dtype"": ""float32""}","[{""shape"": [1, 96, 80, 80], ""dtype"": ""float32""}]",83040,8.4.148,2026-09-14T03:47:30+00:00
yolo26x,fp32,1,640,leaf,42,4,op:add,op:add,4,da6c27ac65420a2a,op:add[]@1x96x80x80+1x96x80x80,"{""kind"": ""list"", ""items"": [{""shape"": [1, 96, 80, 80], ""dtype"": ""float32""}, {""shape"": [1, 96, 80, 80], ""dtype"": ""float32""}]}","[{""shape"": [1, 96, 80, 80], ""dtype"": ""float32""}]",0,8.4.148,2026-09-14T03:47:30+00:00
yolo26x,fp32,1,640,leaf,43,4,m.1.m.1.cv1,Conv,4,cd42ff153da0a6aa,"Conv[96->96,k3,s1]@1x96x80x80","{""kind"": ""tensor"", ""shape"": [1, 96, 80, 80], ""dtype"": ""float32""}","[{""shape"": [1, 96, 80, 80], ""dtype"": ""float32""}]",83040,8.4.148,2026-09-14T03:47:30+00:00
yolo26x,fp32,1,640,leaf,44,4,m.1.m.1.cv2,Conv,4,cd42ff153da0a6aa,"Conv[96->96,k3,s1]@1x96x80x80","{""kind"": ""tensor"", ""shape"": [1, 96, 80, 80], ""dtype"": ""float32""}","[{""shape"": [1, 96, 80, 80], ""dtype"": ""float32""}]",83040,8.4.148,2026-09-14T03:47:30+00:00
yolo26x,fp32,1,640,leaf,45,4,op:add,op:add,4,da6c27ac65420a2a,op:add[]@1x96x80x80+1x96x80x80,"{""kind"": ""list"", ""items"": [{""shape"": [1, 96, 80, 80], ""dtype"": ""float32""}, {""shape"": [1, 96, 80, 80], ""dtype"": ""float32""}]}","[{""shape"": [1, 96, 80, 80], ""dtype"": ""float32""}]",0,8.4.148,2026-09-14T03:47:30+00:00
yolo26x,fp32,1,640,leaf,46,4,m.1.cv2,Conv,4,4dedadb0777fc2e2,"Conv[192->96,k1,s1]@1x192x80x80","{""kind"": ""tensor"", ""shape"": [1, 192, 80, 80], ""dtype"": ""float32""}","[{""shape"": [1, 96, 80, 80], ""dtype"": ""float32""}]",18528,8.4.148,2026-09-14T03:47:30+00:00
yolo26x,fp32,1,640,leaf,47,4,op:cat,op:cat,4,2f46e2adb261bde1,op:cat[1]@1x96x80x80+1x96x80x80,"{""kind"": ""list"", ""items"": [{""shape"": [1, 96, 80, 80], ""dtype"": ""float32""}, {""shape"": [1, 96, 80, 80], ""dtype"": ""float32""}]}","[{""shape"": [1, 192, 80, 80], ""dtype"": ""float32""}]",0,8.4.148,2026-09-14T03:47:30+00:00
yolo26x,fp32,1,640,leaf,48,4,m.1.cv3,Conv,4,85691de1a57b4a3e,"Conv[192->192,k1,s1]@1x192x80x80","{""kind"": ""tensor"", ""shape"": [1, 192, 80, 80], ""dtype"": ""float32""}","[{""shape"": [1, 192, 80, 80], ""dtype"": ""float32""}]",37056,8.4.148,2026-09-14T03:47:30+00:00
yolo26x,fp32,1,640,leaf,49,4,op:cat,op:cat,4,e8e4b195d39fd673,op:cat[1]@1x192x80x80+1x192x80x80+1x192x80x80+1x192x80x80,"{""kind"": ""list"", ""items"": [{""shape"": [1, 192, 80, 80], ""dtype"": ""float32""}, {""shape"": [1, 192, 80, 80], ""dtype"": ""float32""}, {""shape"": [1, 192, 80, 80], ""dtype"": ""float32""}, {""shape"": [1, 192, 80, 80], ""dtype"": ""float32""}]}","[{""shape"": [1, 768, 80, 80], ""dtype"": ""float32""}]",0,8.4.148,2026-09-14T03:47:30+00:00
yolo26x,fp32,1,640,leaf,50,4,cv2,Conv,4,d16b69db325ef966,"Conv[768->768,k1,s1]@1x768x80x80","{""kind"": ""tensor"", ""shape"": [1, 768, 80, 80], ""dtype"": ""float32""}","[{""shape"": [1, 768, 80, 80], ""dtype"": ""float32""}]",590592,8.4.148,2026-09-14T03:47:30+00:00
yolo26x,fp32,1,640,leaf,51,5,,Conv,5,0f87b7191fcf4eff,"Conv[768->768,k3,s2]@1x768x80x80","{""kind"": ""tensor"", ""shape"": [1, 768, 80, 80], ""dtype"": ""float32""}","[{""shape"": [1, 768, 40, 40], ""dtype"": ""float32""}]",5309184,8.4.148,2026-09-14T03:47:30+00:00
yolo26x,fp32,1,640,leaf,52,6,cv1,Conv,6,1555f7659a129b51,"Conv[768->768,k1,s1]@1x768x40x40","{""kind"": ""tensor"", ""shape"": [1, 768, 40, 40], ""dtype"": ""float32""}","[{""shape"": [1, 768, 40, 40], ""dtype"": ""float32""}]",590592,8.4.148,2026-09-14T03:47:30+00:00
yolo26x,fp32,1,640,leaf,53,6,op:chunk,op:chunk,6,9a337ce4d97ea29b,"op:chunk[2,1]@1x768x40x40","{""kind"": ""list"", ""items"": [{""shape"": [1, 768, 40, 40], ""dtype"": ""float32""}]}","[{""shape"": [1, 384, 40, 40], ""dtype"": ""float32""}, {""shape"": [1, 384, 40, 40], ""dtype"": ""float32""}]",0,8.4.148,2026-09-14T03:47:30+00:00
yolo26x,fp32,1,640,leaf,54,6,m.0.cv1,Conv,6,c0cf3920ede623a7,"Conv[384->192,k1,s1]@1x384x40x40","{""kind"": ""tensor"", ""shape"": [1, 384, 40, 40], ""dtype"": ""float32""}","[{""shape"": [1, 192, 40, 40], ""dtype"": ""float32""}]",73920,8.4.148,2026-09-14T03:47:30+00:00
yolo26x,fp32,1,640,leaf,55,6,m.0.m.0.cv1,Conv,6,6b8510966c279bfe,"Conv[192->192,k3,s1]@1x192x40x40","{""kind"": ""tensor"", ""shape"": [1, 192, 40, 40], ""dtype"": ""float32""}","[{""shape"": [1, 192, 40, 40], ""dtype"": ""float32""}]",331968,8.4.148,2026-09-14T03:47:30+00:00
yolo26x,fp32,1,640,leaf,56,6,m.0.m.0.cv2,Conv,6,6b8510966c279bfe,"Conv[192->192,k3,s1]@1x192x40x40","{""kind"": ""tensor"", ""shape"": [1, 192, 40, 40], ""dtype"": ""float32""}","[{""shape"": [1, 192, 40, 40], ""dtype"": ""float32""}]",331968,8.4.148,2026-09-14T03:47:30+00:00
yolo26x,fp32,1,640,leaf,57,6,op:add,op:add,6,f445a9c5091397ca,op:add[]@1x192x40x40+1x192x40x40,"{""kind"": ""list"", ""items"": [{""shape"": [1, 192, 40, 40], ""dtype"": ""float32""}, {""shape"": [1, 192, 40, 40], ""dtype"": ""float32""}]}","[{""shape"": [1, 192, 40, 40], ""dtype"": ""float32""}]",0,8.4.148,2026-09-14T03:47:30+00:00
yolo26x,fp32,1,640,leaf,58,6,m.0.m.1.cv1,Conv,6,6b8510966c279bfe,"Conv[192->192,k3,s1]@1x192x40x40","{""kind"": ""tensor"", ""shape"": [1, 192, 40, 40], ""dtype"": ""float32""}","[{""shape"": [1, 192, 40, 40], ""dtype"": ""float32""}]",331968,8.4.148,2026-09-14T03:47:30+00:00
yolo26x,fp32,1,640,leaf,59,6,m.0.m.1.cv2,Conv,6,6b8510966c279bfe,"Conv[192->192,k3,s1]@1x192x40x40","{""kind"": ""tensor"", ""shape"": [1, 192, 40, 40], ""dtype"": ""float32""}","[{""shape"": [1, 192, 40, 40], ""dtype"": ""float32""}]",331968,8.4.148,2026-09-14T03:47:30+00:00
yolo26x,fp32,1,640,leaf,60,6,op:add,op:add,6,f445a9c5091397ca,op:add[]@1x192x40x40+1x192x40x40,"{""kind"": ""list"", ""items"": [{""shape"": [1, 192, 40, 40], ""dtype"": ""float32""}, {""shape"": [1, 192, 40, 40], ""dtype"": ""float32""}]}","[{""shape"": [1, 192, 40, 40], ""dtype"": ""float32""}]",0,8.4.148,2026-09-14T03:47:30+00:00
yolo26x,fp32,1,640,leaf,61,6,m.0.cv2,Conv,6,c0cf3920ede623a7,"Conv[384->192,k1,s1]@1x384x40x40","{""kind"": ""tensor"", ""shape"": [1, 384, 40, 40], ""dtype"": ""float32""}","[{""shape"": [1, 192, 40, 40], ""dtype"": ""float32""}]",73920,8.4.148,2026-09-14T03:47:30+00:00
yolo26x,fp32,1,640,leaf,62,6,op:cat,op:cat,6,97d8a4d4b01b2302,op:cat[1]@1x192x40x40+1x192x40x40,"{""kind"": ""list"", ""items"": [{""shape"": [1, 192, 40, 40], ""dtype"": ""float32""}, {""shape"": [1, 192, 40, 40], ""dtype"": ""float32""}]}","[{""shape"": [1, 384, 40, 40], ""dtype"": ""float32""}]",0,8.4.148,2026-09-14T03:47:30+00:00
yolo26x,fp32,1,640,leaf,63,6,m.0.cv3,Conv,6,bdff8956d8ba1762,"Conv[384->384,k1,s1]@1x384x40x40","{""kind"": ""tensor"", ""shape"": [1, 384, 40, 40], ""dtype"": ""float32""}","[{""shape"": [1, 384, 40, 40], ""dtype"": ""float32""}]",147840,8.4.148,2026-09-14T03:47:30+00:00
yolo26x,fp32,1,640,leaf,64,6,m.1.cv1,Conv,6,c0cf3920ede623a7,"Conv[384->192,k1,s1]@1x384x40x40","{""kind"": ""tensor"", ""shape"": [1, 384, 40, 40], ""dtype"": ""float32""}","[{""shape"": [1, 192, 40, 40], ""dtype"": ""float32""}]",73920,8.4.148,2026-09-14T03:47:30+00:00
yolo26x,fp32,1,640,leaf,65,6,m.1.m.0.cv1,Conv,6,6b8510966c279bfe,"Conv[192->192,k3,s1]@1x192x40x40","{""kind"": ""tensor"", ""shape"": [1, 192, 40, 40], ""dtype"": ""float32""}","[{""shape"": [1, 192, 40, 40], ""dtype"": ""float32""}]",331968,8.4.148,2026-09-14T03:47:30+00:00
yolo26x,fp32,1,640,leaf,66,6,m.1.m.0.cv2,Conv,6,6b8510966c279bfe,"Conv[192->192,k3,s1]@1x192x40x40","{""kind"": ""tensor"", ""shape"": [1, 192, 40, 40], ""dtype"": ""float32""}","[{""shape"": [1, 192, 40, 40], ""dtype"": ""float32""}]",331968,8.4.148,2026-09-14T03:47:30+00:00
yolo26x,fp32,1,640,leaf,67,6,op:add,op:add,6,f445a9c5091397ca,op:add[]@1x192x40x40+1x192x40x40,"{""kind"": ""list"", ""items"": [{""shape"": [1, 192, 40, 40], ""dtype"": ""float32""}, {""shape"": [1, 192, 40, 40], ""dtype"": ""float32""}]}","[{""shape"": [1, 192, 40, 40], ""dtype"": ""float32""}]",0,8.4.148,2026-09-14T03:47:30+00:00
yolo26x,fp32,1,640,leaf,68,6,m.1.m.1.cv1,Conv,6,6b8510966c279bfe,"Conv[192->192,k3,s1]@1x192x40x40","{""kind"": ""tensor"", ""shape"": [1, 192, 40, 40], ""dtype"": ""float32""}","[{""shape"": [1, 192, 40, 40], ""dtype"": ""float32""}]",331968,8.4.148,2026-09-14T03:47:30+00:00
yolo26x,fp32,1,640,leaf,69,6,m.1.m.1.cv2,Conv,6,6b8510966c279bfe,"Conv[192->192,k3,s1]@1x192x40x40","{""kind"": ""tensor"", ""shape"": [1, 192, 40, 40], ""dtype"": ""float32""}","[{""shape"": [1, 192, 40, 40], ""dtype"": ""float32""}]",331968,8.4.148,2026-09-14T03:47:30+00:00
yolo26x,fp32,1,640,leaf,70,6,op:add,op:add,6,f445a9c5091397ca,op:add[]@1x192x40x40+1x192x40x40,"{""kind"": ""list"", ""items"": [{""shape"": [1, 192, 40, 40], ""dtype"": ""float32""}, {""shape"": [1, 192, 40, 40], ""dtype"": ""float32""}]}","[{""shape"": [1, 192, 40, 40], ""dtype"": ""float32""}]",0,8.4.148,2026-09-14T03:47:30+00:00
yolo26x,fp32,1,640,leaf,71,6,m.1.cv2,Conv,6,c0cf3920ede623a7,"Conv[384->192,k1,s1]@1x384x40x40","{""kind"": ""tensor"", ""shape"": [1, 384, 40, 40], ""dtype"": ""float32""}","[{""shape"": [1, 192, 40, 40], ""dtype"": ""float32""}]",73920,8.4.148,2026-09-14T03:47:30+00:00
yolo26x,fp32,1,640,leaf,72,6,op:cat,op:cat,6,97d8a4d4b01b2302,op:cat[1]@1x192x40x40+1x192x40x40,"{""kind"": ""list"", ""items"": [{""shape"": [1, 192, 40, 40], ""dtype"": ""float32""}, {""shape"": [1, 192, 40, 40], ""dtype"": ""float32""}]}","[{""shape"": [1, 384, 40, 40], ""dtype"": ""float32""}]",0,8.4.148,2026-09-14T03:47:30+00:00
yolo26x,fp32,1,640,leaf,73,6,m.1.cv3,Conv,6,bdff8956d8ba1762,"Conv[384->384,k1,s1]@1x384x40x40","{""kind"": ""tensor"", ""shape"": [1, 384, 40, 40], ""dtype"": ""float32""}","[{""shape"": [1, 384, 40, 40], ""dtype"": ""float32""}]",147840,8.4.148,2026-09-14T03:47:30+00:00
yolo26x,fp32,1,640,leaf,74,6,op:cat,op:cat,6,99c14ea1d6339437,op:cat[1]@1x384x40x40+1x384x40x40+1x384x40x40+1x384x40x40,"{""kind"": ""list"", ""items"": [{""shape"": [1, 384, 40, 40], ""dtype"": ""float32""}, {""shape"": [1, 384, 40, 40], ""dtype"": ""float32""}, {""shape"": [1, 384, 40, 40], ""dtype"": ""float32""}, {""shape"": [1, 384, 40, 40], ""dtype"": ""float32""}]}","[{""shape"": [1, 1536, 40, 40], ""dtype"": ""float32""}]",0,8.4.148,2026-09-14T03:47:30+00:00
yolo26x,fp32,1,640,leaf,75,6,cv2,Conv,6,763ab2d4f7217b78,"Conv[1536->768,k1,s1]@1x1536x40x40","{""kind"": ""tensor"", ""shape"": [1, 1536, 40, 40], ""dtype"": ""float32""}","[{""shape"": [1, 768, 40, 40], ""dtype"": ""float32""}]",1180416,8.4.148,2026-09-14T03:47:30+00:00
yolo26x,fp32,1,640,leaf,76,7,,Conv,7,a3aa0769f24a9244,"Conv[768->768,k3,s2]@1x768x40x40","{""kind"": ""tensor"", ""shape"": [1, 768, 40, 40], ""dtype"": ""float32""}","[{""shape"": [1, 768, 20, 20], ""dtype"": ""float32""}]",5309184,8.4.148,2026-09-14T03:47:30+00:00
yolo26x,fp32,1,640,leaf,77,8,cv1,Conv,8,9d47cc1f915fcbd3,"Conv[768->768,k1,s1]@1x768x20x20","{""kind"": ""tensor"", ""shape"": [1, 768, 20, 20], ""dtype"": ""float32""}","[{""shape"": [1, 768, 20, 20], ""dtype"": ""float32""}]",590592,8.4.148,2026-09-14T03:47:30+00:00
yolo26x,fp32,1,640,leaf,78,8,op:chunk,op:chunk,8,8b8e52cf6d634353,"op:chunk[2,1]@1x768x20x20","{""kind"": ""list"", ""items"": [{""shape"": [1, 768, 20, 20], ""dtype"": ""float32""}]}","[{""shape"": [1, 384, 20, 20], ""dtype"": ""float32""}, {""shape"": [1, 384, 20, 20], ""dtype"": ""float32""}]",0,8.4.148,2026-09-14T03:47:30+00:00
yolo26x,fp32,1,640,leaf,79,8,m.0.cv1,Conv,8,20185ac525a82961,"Conv[384->192,k1,s1]@1x384x20x20","{""kind"": ""tensor"", ""shape"": [1, 384, 20, 20], ""dtype"": ""float32""}","[{""shape"": [1, 192, 20, 20], ""dtype"": ""float32""}]",73920,8.4.148,2026-09-14T03:47:30+00:00
yolo26x,fp32,1,640,leaf,80,8,m.0.m.0.cv1,Conv,8,41d1fe1b09773d29,"Conv[192->192,k3,s1]@1x192x20x20","{""kind"": ""tensor"", ""shape"": [1, 192, 20, 20], ""dtype"": ""float32""}","[{""shape"": [1, 192, 20, 20], ""dtype"": ""float32""}]",331968,8.4.148,2026-09-14T03:47:30+00:00
yolo26x,fp32,1,640,leaf,81,8,m.0.m.0.cv2,Conv,8,41d1fe1b09773d29,"Conv[192->192,k3,s1]@1x192x20x20","{""kind"": ""tensor"", ""shape"": [1, 192, 20, 20], ""dtype"": ""float32""}","[{""shape"": [1, 192, 20, 20], ""dtype"": ""float32""}]",331968,8.4.148,2026-09-14T03:47:30+00:00
yolo26x,fp32,1,640,leaf,82,8,op:add,op:add,8,61dadfc122fa2ddd,op:add[]@1x192x20x20+1x192x20x20,"{""kind"": ""list"", ""items"": [{""shape"": [1, 192, 20, 20], ""dtype"": ""float32""}, {""shape"": [1, 192, 20, 20], ""dtype"": ""float32""}]}","[{""shape"": [1, 192, 20, 20], ""dtype"": ""float32""}]",0,8.4.148,2026-09-14T03:47:30+00:00
yolo26x,fp32,1,640,leaf,83,8,m.0.m.1.cv1,Conv,8,41d1fe1b09773d29,"Conv[192->192,k3,s1]@1x192x20x20","{""kind"": ""tensor"", ""shape"": [1, 192, 20, 20], ""dtype"": ""float32""}","[{""shape"": [1, 192, 20, 20], ""dtype"": ""float32""}]",331968,8.4.148,2026-09-14T03:47:30+00:00
yolo26x,fp32,1,640,leaf,84,8,m.0.m.1.cv2,Conv,8,41d1fe1b09773d29,"Conv[192->192,k3,s1]@1x192x20x20","{""kind"": ""tensor"", ""shape"": [1, 192, 20, 20], ""dtype"": ""float32""}","[{""shape"": [1, 192, 20, 20], ""dtype"": ""float32""}]",331968,8.4.148,2026-09-14T03:47:30+00:00
yolo26x,fp32,1,640,leaf,85,8,op:add,op:add,8,61dadfc122fa2ddd,op:add[]@1x192x20x20+1x192x20x20,"{""kind"": ""list"", ""items"": [{""shape"": [1, 192, 20, 20], ""dtype"": ""float32""}, {""shape"": [1, 192, 20, 20], ""dtype"": ""float32""}]}","[{""shape"": [1, 192, 20, 20], ""dtype"": ""float32""}]",0,8.4.148,2026-09-14T03:47:30+00:00
yolo26x,fp32,1,640,leaf,86,8,m.0.cv2,Conv,8,20185ac525a82961,"Conv[384->192,k1,s1]@1x384x20x20","{""kind"": ""tensor"", ""shape"": [1, 384, 20, 20], ""dtype"": ""float32""}","[{""shape"": [1, 192, 20, 20], ""dtype"": ""float32""}]",73920,8.4.148,2026-09-14T03:47:30+00:00
yolo26x,fp32,1,640,leaf,87,8,op:cat,op:cat,8,e9faaac5ac260299,op:cat[1]@1x192x20x20+1x192x20x20,"{""kind"": ""list"", ""items"": [{""shape"": [1, 192, 20, 20], ""dtype"": ""float32""}, {""shape"": [1, 192, 20, 20], ""dtype"": ""float32""}]}","[{""shape"": [1, 384, 20, 20], ""dtype"": ""float32""}]",0,8.4.148,2026-09-14T03:47:30+00:00
yolo26x,fp32,1,640,leaf,88,8,m.0.cv3,Conv,8,1c1695a0198b9b91,"Conv[384->384,k1,s1]@1x384x20x20","{""kind"": ""tensor"", ""shape"": [1, 384, 20, 20], ""dtype"": ""float32""}","[{""shape"": [1, 384, 20, 20], ""dtype"": ""float32""}]",147840,8.4.148,2026-09-14T03:47:30+00:00
yolo26x,fp32,1,640,leaf,89,8,m.1.cv1,Conv,8,20185ac525a82961,"Conv[384->192,k1,s1]@1x384x20x20","{""kind"": ""tensor"", ""shape"": [1, 384, 20, 20], ""dtype"": ""float32""}","[{""shape"": [1, 192, 20, 20], ""dtype"": ""float32""}]",73920,8.4.148,2026-09-14T03:47:30+00:00
yolo26x,fp32,1,640,leaf,90,8,m.1.m.0.cv1,Conv,8,41d1fe1b09773d29,"Conv[192->192,k3,s1]@1x192x20x20","{""kind"": ""tensor"", ""shape"": [1, 192, 20, 20], ""dtype"": ""float32""}","[{""shape"": [1, 192, 20, 20], ""dtype"": ""float32""}]",331968,8.4.148,2026-09-14T03:47:30+00:00
yolo26x,fp32,1,640,leaf,91,8,m.1.m.0.cv2,Conv,8,41d1fe1b09773d29,"Conv[192->192,k3,s1]@1x192x20x20","{""kind"": ""tensor"", ""shape"": [1, 192, 20, 20], ""dtype"": ""float32""}","[{""shape"": [1, 192, 20, 20], ""dtype"": ""float32""}]",331968,8.4.148,2026-09-14T03:47:30+00:00
yolo26x,fp32,1,640,leaf,92,8,op:add,op:add,8,61dadfc122fa2ddd,op:add[]@1x192x20x20+1x192x20x20,"{""kind"": ""list"", ""items"": [{""shape"": [1, 192, 20, 20], ""dtype"": ""float32""}, {""shape"": [1, 192, 20, 20], ""dtype"": ""float32""}]}","[{""shape"": [1, 192, 20, 20], ""dtype"": ""float32""}]",0,8.4.148,2026-09-14T03:47:30+00:00
yolo26x,fp32,1,640,leaf,93,8,m.1.m.1.cv1,Conv,8,41d1fe1b09773d29,"Conv[192->192,k3,s1]@1x192x20x20","{""kind"": ""tensor"", ""shape"": [1, 192, 20, 20], ""dtype"": ""float32""}","[{""shape"": [1, 192, 20, 20], ""dtype"": ""float32""}]",331968,8.4.148,2026-09-14T03:47:30+00:00
yolo26x,fp32,1,640,leaf,94,8,m.1.m.1.cv2,Conv,8,41d1fe1b09773d29,"Conv[192->192,k3,s1]@1x192x20x20","{""kind"": ""tensor"", ""shape"": [1, 192, 20, 20], ""dtype"": ""float32""}","[{""shape"": [1, 192, 20, 20], ""dtype"": ""float32""}]",331968,8.4.148,2026-09-14T03:47:30+00:00
yolo26x,fp32,1,640,leaf,95,8,op:add,op:add,8,61dadfc122fa2ddd,op:add[]@1x192x20x20+1x192x20x20,"{""kind"": ""list"", ""items"": [{""shape"": [1, 192, 20, 20], ""dtype"": ""float32""}, {""shape"": [1, 192, 20, 20], ""dtype"": ""float32""}]}","[{""shape"": [1, 192, 20, 20], ""dtype"": ""float32""}]",0,8.4.148,2026-09-14T03:47:30+00:00
yolo26x,fp32,1,640,leaf,96,8,m.1.cv2,Conv,8,20185ac525a82961,"Conv[384->192,k1,s1]@1x384x20x20","{""kind"": ""tensor"", ""shape"": [1, 384, 20, 20], ""dtype"": ""float32""}","[{""shape"": [1, 192, 20, 20], ""dtype"": ""float32""}]",73920,8.4.148,2026-09-14T03:47:30+00:00
yolo26x,fp32,1,640,leaf,97,8,op:cat,op:cat,8,e9faaac5ac260299,op:cat[1]@1x192x20x20+1x192x20x20,"{""kind"": ""list"", ""items"": [{""shape"": [1, 192, 20, 20], ""dtype"": ""float32""}, {""shape"": [1, 192, 20, 20], ""dtype"": ""float32""}]}","[{""shape"": [1, 384, 20, 20], ""dtype"": ""float32""}]",0,8.4.148,2026-09-14T03:47:30+00:00
yolo26x,fp32,1,640,leaf,98,8,m.1.cv3,Conv,8,1c1695a0198b9b91,"Conv[384->384,k1,s1]@1x384x20x20","{""kind"": ""tensor"", ""shape"": [1, 384, 20, 20], ""dtype"": ""float32""}","[{""shape"": [1, 384, 20, 20], ""dtype"": ""float32""}]",147840,8.4.148,2026-09-14T03:47:30+00:00
yolo26x,fp32,1,640,leaf,99,8,op:cat,op:cat,8,cd13299f4b684808,op:cat[1]@1x384x20x20+1x384x20x20+1x384x20x20+1x384x20x20,"{""kind"": ""list"", ""items"": [{""shape"": [1, 384, 20, 20], ""dtype"": ""float32""}, {""shape"": [1, 384, 20, 20], ""dtype"": ""float32""}, {""shape"": [1, 384, 20, 20], ""dtype"": ""float32""}, {""shape"": [1, 384, 20, 20], ""dtype"": ""float32""}]}","[{""shape"": [1, 1536, 20, 20], ""dtype"": ""float32""}]",0,8.4.148,2026-09-14T03:47:30+00:00
yolo26x,fp32,1,640,leaf,100,8,cv2,Conv,8,8dcce6619467f536,"Conv[1536->768,k1,s1]@1x1536x20x20","{""kind"": ""tensor"", ""shape"": [1, 1536, 20, 20], ""dtype"": ""float32""}","[{""shape"": [1, 768, 20, 20], ""dtype"": ""float32""}]",1180416,8.4.148,2026-09-14T03:47:30+00:00
yolo26x,fp32,1,640,leaf,101,9,cv1,Conv,9,32e0d1ce4565c13d,"Conv[768->384,k1,s1]@1x768x20x20","{""kind"": ""tensor"", ""shape"": [1, 768, 20, 20], ""dtype"": ""float32""}","[{""shape"": [1, 384, 20, 20], ""dtype"": ""float32""}]",295296,8.4.148,2026-09-14T03:47:30+00:00
yolo26x,fp32,1,640,leaf,102,9,m,MaxPool2d,9,4093abc681804b95,MaxPool2d[p=0]@1x384x20x20,"{""kind"": ""tensor"", ""shape"": [1, 384, 20, 20], ""dtype"": ""float32""}","[{""shape"": [1, 384, 20, 20], ""dtype"": ""float32""}]",0,8.4.148,2026-09-14T03:47:30+00:00
yolo26x,fp32,1,640,leaf,103,9,m,MaxPool2d,9,4093abc681804b95,MaxPool2d[p=0]@1x384x20x20,"{""kind"": ""tensor"", ""shape"": [1, 384, 20, 20], ""dtype"": ""float32""}","[{""shape"": [1, 384, 20, 20], ""dtype"": ""float32""}]",0,8.4.148,2026-09-14T03:47:30+00:00
yolo26x,fp32,1,640,leaf,104,9,m,MaxPool2d,9,4093abc681804b95,MaxPool2d[p=0]@1x384x20x20,"{""kind"": ""tensor"", ""shape"": [1, 384, 20, 20], ""dtype"": ""float32""}","[{""shape"": [1, 384, 20, 20], ""dtype"": ""float32""}]",0,8.4.148,2026-09-14T03:47:30+00:00
yolo26x,fp32,1,640,leaf,105,9,op:cat,op:cat,9,cd13299f4b684808,op:cat[1]@1x384x20x20+1x384x20x20+1x384x20x20+1x384x20x20,"{""kind"": ""list"", ""items"": [{""shape"": [1, 384, 20, 20], ""dtype"": ""float32""}, {""shape"": [1, 384, 20, 20], ""dtype"": ""float32""}, {""shape"": [1, 384, 20, 20], ""dtype"": ""float32""}, {""shape"": [1, 384, 20, 20], ""dtype"": ""float32""}]}","[{""shape"": [1, 1536, 20, 20], ""dtype"": ""float32""}]",0,8.4.148,2026-09-14T03:47:30+00:00
yolo26x,fp32,1,640,leaf,106,9,cv2,Conv,9,8dcce6619467f536,"Conv[1536->768,k1,s1]@1x1536x20x20","{""kind"": ""tensor"", ""shape"": [1, 1536, 20, 20], ""dtype"": ""float32""}","[{""shape"": [1, 768, 20, 20], ""dtype"": ""float32""}]",1180416,8.4.148,2026-09-14T03:47:30+00:00
yolo26x,fp32,1,640,leaf,107,9,op:add,op:add,9,ee7b7aa3815c7fad,op:add[]@1x768x20x20+1x768x20x20,"{""kind"": ""list"", ""items"": [{""shape"": [1, 768, 20, 20], ""dtype"": ""float32""}, {""shape"": [1, 768, 20, 20], ""dtype"": ""float32""}]}","[{""shape"": [1, 768, 20, 20], ""dtype"": ""float32""}]",0,8.4.148,2026-09-14T03:47:30+00:00
yolo26x,fp32,1,640,leaf,108,10,cv1,Conv,10,9d47cc1f915fcbd3,"Conv[768->768,k1,s1]@1x768x20x20","{""kind"": ""tensor"", ""shape"": [1, 768, 20, 20], ""dtype"": ""float32""}","[{""shape"": [1, 768, 20, 20], ""dtype"": ""float32""}]",590592,8.4.148,2026-09-14T03:47:30+00:00
yolo26x,fp32,1,640,leaf,109,10,op:split,op:split,10,23b7ca461dae2d10,"op:split[[384, 384],dim=1]@1x768x20x20","{""kind"": ""list"", ""items"": [{""shape"": [1, 768, 20, 20], ""dtype"": ""float32""}]}","[{""shape"": [1, 384, 20, 20], ""dtype"": ""float32""}, {""shape"": [1, 384, 20, 20], ""dtype"": ""float32""}]",0,8.4.148,2026-09-14T03:47:30+00:00
yolo26x,fp32,1,640,leaf,110,10,m.0.attn,Attention,10,06a85164dd42c60b,"Attention[384->384,p=447360]@1x384x20x20","{""kind"": ""tensor"", ""shape"": [1, 384, 20, 20], ""dtype"": ""float32""}","[{""shape"": [1, 384, 20, 20], ""dtype"": ""float32""}]",447360,8.4.148,2026-09-14T03:47:30+00:00
yolo26x,fp32,1,640,leaf,111,10,op:add,op:add,10,bb981d2981c60fb8,op:add[]@1x384x20x20+1x384x20x20,"{""kind"": ""list"", ""items"": [{""shape"": [1, 384, 20, 20], ""dtype"": ""float32""}, {""shape"": [1, 384, 20, 20], ""dtype"": ""float32""}]}","[{""shape"": [1, 384, 20, 20], ""dtype"": ""float32""}]",0,8.4.148,2026-09-14T03:47:30+00:00
yolo26x,fp32,1,640,leaf,112,10,m.0.ffn.0,Conv,10,20a11adc3bd9097e,"Conv[384->768,k1,s1]@1x384x20x20","{""kind"": ""tensor"", ""shape"": [1, 384, 20, 20], ""dtype"": ""float32""}","[{""shape"": [1, 768, 20, 20], ""dtype"": ""float32""}]",295680,8.4.148,2026-09-14T03:47:30+00:00
yolo26x,fp32,1,640,leaf,113,10,m.0.ffn.1,Conv,10,32e0d1ce4565c13d,"Conv[768->384,k1,s1]@1x768x20x20","{""kind"": ""tensor"", ""shape"": [1, 768, 20, 20], ""dtype"": ""float32""}","[{""shape"": [1, 384, 20, 20], ""dtype"": ""float32""}]",295296,8.4.148,2026-09-14T03:47:30+00:00
yolo26x,fp32,1,640,leaf,114,10,op:add,op:add,10,bb981d2981c60fb8,op:add[]@1x384x20x20+1x384x20x20,"{""kind"": ""list"", ""items"": [{""shape"": [1, 384, 20, 20], ""dtype"": ""float32""}, {""shape"": [1, 384, 20, 20], ""dtype"": ""float32""}]}","[{""shape"": [1, 384, 20, 20], ""dtype"": ""float32""}]",0,8.4.148,2026-09-14T03:47:30+00:00
yolo26x,fp32,1,640,leaf,115,10,m.1.attn,Attention,10,06a85164dd42c60b,"Attention[384->384,p=447360]@1x384x20x20","{""kind"": ""tensor"", ""shape"": [1, 384, 20, 20], ""dtype"": ""float32""}","[{""shape"": [1, 384, 20, 20], ""dtype"": ""float32""}]",447360,8.4.148,2026-09-14T03:47:30+00:00
yolo26x,fp32,1,640,leaf,116,10,op:add,op:add,10,bb981d2981c60fb8,op:add[]@1x384x20x20+1x384x20x20,"{""kind"": ""list"", ""items"": [{""shape"": [1, 384, 20, 20], ""dtype"": ""float32""}, {""shape"": [1, 384, 20, 20], ""dtype"": ""float32""}]}","[{""shape"": [1, 384, 20, 20], ""dtype"": ""float32""}]",0,8.4.148,2026-09-14T03:47:30+00:00
yolo26x,fp32,1,640,leaf,117,10,m.1.ffn.0,Conv,10,20a11adc3bd9097e,"Conv[384->768,k1,s1]@1x384x20x20","{""kind"": ""tensor"", ""shape"": [1, 384, 20, 20], ""dtype"": ""float32""}","[{""shape"": [1, 768, 20, 20], ""dtype"": ""float32""}]",295680,8.4.148,2026-09-14T03:47:30+00:00
yolo26x,fp32,1,640,leaf,118,10,m.1.ffn.1,Conv,10,32e0d1ce4565c13d,"Conv[768->384,k1,s1]@1x768x20x20","{""kind"": ""tensor"", ""shape"": [1, 768, 20, 20], ""dtype"": ""float32""}","[{""shape"": [1, 384, 20, 20], ""dtype"": ""float32""}]",295296,8.4.148,2026-09-14T03:47:30+00:00
yolo26x,fp32,1,640,leaf,119,10,op:add,op:add,10,bb981d2981c60fb8,op:add[]@1x384x20x20+1x384x20x20,"{""kind"": ""list"", ""items"": [{""shape"": [1, 384, 20, 20], ""dtype"": ""float32""}, {""shape"": [1, 384, 20, 20], ""dtype"": ""float32""}]}","[{""shape"": [1, 384, 20, 20], ""dtype"": ""float32""}]",0,8.4.148,2026-09-14T03:47:30+00:00
yolo26x,fp32,1,640,leaf,120,10,op:cat,op:cat,10,9de1dcab794c90cd,op:cat[1]@1x384x20x20+1x384x20x20,"{""kind"": ""list"", ""items"": [{""shape"": [1, 384, 20, 20], ""dtype"": ""float32""}, {""shape"": [1, 384, 20, 20], ""dtype"": ""float32""}]}","[{""shape"": [1, 768, 20, 20], ""dtype"": ""float32""}]",0,8.4.148,2026-09-14T03:47:30+00:00
yolo26x,fp32,1,640,leaf,121,10,cv2,Conv,10,9d47cc1f915fcbd3,"Conv[768->768,k1,s1]@1x768x20x20","{""kind"": ""tensor"", ""shape"": [1, 768, 20, 20], ""dtype"": ""float32""}","[{""shape"": [1, 768, 20, 20], ""dtype"": ""float32""}]",590592,8.4.148,2026-09-14T03:47:30+00:00
yolo26x,fp32,1,640,leaf,122,11,,Upsample,11,1e517c06df7906ac,"Upsample[x2.0,nearest]@1x768x20x20","{""kind"": ""tensor"", ""shape"": [1, 768, 20, 20], ""dtype"": ""float32""}","[{""shape"": [1, 768, 40, 40], ""dtype"": ""float32""}]",0,8.4.148,2026-09-14T03:47:30+00:00
yolo26x,fp32,1,640,leaf,123,12,,Concat,12,5be9cf6da979640e,Concat[d=1]@1x768x40x40+1x768x40x40,"{""kind"": ""list"", ""items"": [{""shape"": [1, 768, 40, 40], ""dtype"": ""float32""}, {""shape"": [1, 768, 40, 40], ""dtype"": ""float32""}]}","[{""shape"": [1, 1536, 40, 40], ""dtype"": ""float32""}]",0,8.4.148,2026-09-14T03:47:30+00:00
yolo26x,fp32,1,640,leaf,124,13,cv1,Conv,13,763ab2d4f7217b78,"Conv[1536->768,k1,s1]@1x1536x40x40","{""kind"": ""tensor"", ""shape"": [1, 1536, 40, 40], ""dtype"": ""float32""}","[{""shape"": [1, 768, 40, 40], ""dtype"": ""float32""}]",1180416,8.4.148,2026-09-14T03:47:30+00:00
yolo26x,fp32,1,640,leaf,125,13,op:chunk,op:chunk,13,9a337ce4d97ea29b,"op:chunk[2,1]@1x768x40x40","{""kind"": ""list"", ""items"": [{""shape"": [1, 768, 40, 40], ""dtype"": ""float32""}]}","[{""shape"": [1, 384, 40, 40], ""dtype"": ""float32""}, {""shape"": [1, 384, 40, 40], ""dtype"": ""float32""}]",0,8.4.148,2026-09-14T03:47:30+00:00
yolo26x,fp32,1,640,leaf,126,13,m.0.cv1,Conv,13,c0cf3920ede623a7,"Conv[384->192,k1,s1]@1x384x40x40","{""kind"": ""tensor"", ""shape"": [1, 384, 40, 40], ""dtype"": ""float32""}","[{""shape"": [1, 192, 40, 40], ""dtype"": ""float32""}]",73920,8.4.148,2026-09-14T03:47:30+00:00
yolo26x,fp32,1,640,leaf,127,13,m.0.m.0.cv1,Conv,13,6b8510966c279bfe,"Conv[192->192,k3,s1]@1x192x40x40","{""kind"": ""tensor"", ""shape"": [1, 192, 40, 40], ""dtype"": ""float32""}","[{""shape"": [1, 192, 40, 40], ""dtype"": ""float32""}]",331968,8.4.148,2026-09-14T03:47:30+00:00
yolo26x,fp32,1,640,leaf,128,13,m.0.m.0.cv2,Conv,13,6b8510966c279bfe,"Conv[192->192,k3,s1]@1x192x40x40","{""kind"": ""tensor"", ""shape"": [1, 192, 40, 40], ""dtype"": ""float32""}","[{""shape"": [1, 192, 40, 40], ""dtype"": ""float32""}]",331968,8.4.148,2026-09-14T03:47:30+00:00
yolo26x,fp32,1,640,leaf,129,13,op:add,op:add,13,f445a9c5091397ca,op:add[]@1x192x40x40+1x192x40x40,"{""kind"": ""list"", ""items"": [{""shape"": [1, 192, 40, 40], ""dtype"": ""float32""}, {""shape"": [1, 192, 40, 40], ""dtype"": ""float32""}]}","[{""shape"": [1, 192, 40, 40], ""dtype"": ""float32""}]",0,8.4.148,2026-09-14T03:47:30+00:00
yolo26x,fp32,1,640,leaf,130,13,m.0.m.1.cv1,Conv,13,6b8510966c279bfe,"Conv[192->192,k3,s1]@1x192x40x40","{""kind"": ""tensor"", ""shape"": [1, 192, 40, 40], ""dtype"": ""float32""}","[{""shape"": [1, 192, 40, 40], ""dtype"": ""float32""}]",331968,8.4.148,2026-09-14T03:47:30+00:00
yolo26x,fp32,1,640,leaf,131,13,m.0.m.1.cv2,Conv,13,6b8510966c279bfe,"Conv[192->192,k3,s1]@1x192x40x40","{""kind"": ""tensor"", ""shape"": [1, 192, 40, 40], ""dtype"": ""float32""}","[{""shape"": [1, 192, 40, 40], ""dtype"": ""float32""}]",331968,8.4.148,2026-09-14T03:47:30+00:00
yolo26x,fp32,1,640,leaf,132,13,op:add,op:add,13,f445a9c5091397ca,op:add[]@1x192x40x40+1x192x40x40,"{""kind"": ""list"", ""items"": [{""shape"": [1, 192, 40, 40], ""dtype"": ""float32""}, {""shape"": [1, 192, 40, 40], ""dtype"": ""float32""}]}","[{""shape"": [1, 192, 40, 40], ""dtype"": ""float32""}]",0,8.4.148,2026-09-14T03:47:30+00:00
yolo26x,fp32,1,640,leaf,133,13,m.0.cv2,Conv,13,c0cf3920ede623a7,"Conv[384->192,k1,s1]@1x384x40x40","{""kind"": ""tensor"", ""shape"": [1, 384, 40, 40], ""dtype"": ""float32""}","[{""shape"": [1, 192, 40, 40], ""dtype"": ""float32""}]",73920,8.4.148,2026-09-14T03:47:30+00:00
yolo26x,fp32,1,640,leaf,134,13,op:cat,op:cat,13,97d8a4d4b01b2302,op:cat[1]@1x192x40x40+1x192x40x40,"{""kind"": ""list"", ""items"": [{""shape"": [1, 192, 40, 40], ""dtype"": ""float32""}, {""shape"": [1, 192, 40, 40], ""dtype"": ""float32""}]}","[{""shape"": [1, 384, 40, 40], ""dtype"": ""float32""}]",0,8.4.148,2026-09-14T03:47:30+00:00
yolo26x,fp32,1,640,leaf,135,13,m.0.cv3,Conv,13,bdff8956d8ba1762,"Conv[384->384,k1,s1]@1x384x40x40","{""kind"": ""tensor"", ""shape"": [1, 384, 40, 40], ""dtype"": ""float32""}","[{""shape"": [1, 384, 40, 40], ""dtype"": ""float32""}]",147840,8.4.148,2026-09-14T03:47:30+00:00
yolo26x,fp32,1,640,leaf,136,13,m.1.cv1,Conv,13,c0cf3920ede623a7,"Conv[384->192,k1,s1]@1x384x40x40","{""kind"": ""tensor"", ""shape"": [1, 384, 40, 40], ""dtype"": ""float32""}","[{""shape"": [1, 192, 40, 40], ""dtype"": ""float32""}]",73920,8.4.148,2026-09-14T03:47:30+00:00
yolo26x,fp32,1,640,leaf,137,13,m.1.m.0.cv1,Conv,13,6b8510966c279bfe,"Conv[192->192,k3,s1]@1x192x40x40","{""kind"": ""tensor"", ""shape"": [1, 192, 40, 40], ""dtype"": ""float32""}","[{""shape"": [1, 192, 40, 40], ""dtype"": ""float32""}]",331968,8.4.148,2026-09-14T03:47:30+00:00
yolo26x,fp32,1,640,leaf,138,13,m.1.m.0.cv2,Conv,13,6b8510966c279bfe,"Conv[192->192,k3,s1]@1x192x40x40","{""kind"": ""tensor"", ""shape"": [1, 192, 40, 40], ""dtype"": ""float32""}","[{""shape"": [1, 192, 40, 40], ""dtype"": ""float32""}]",331968,8.4.148,2026-09-14T03:47:30+00:00
yolo26x,fp32,1,640,leaf,139,13,op:add,op:add,13,f445a9c5091397ca,op:add[]@1x192x40x40+1x192x40x40,"{""kind"": ""list"", ""items"": [{""shape"": [1, 192, 40, 40], ""dtype"": ""float32""}, {""shape"": [1, 192, 40, 40], ""dtype"": ""float32""}]}","[{""shape"": [1, 192, 40, 40], ""dtype"": ""float32""}]",0,8.4.148,2026-09-14T03:47:30+00:00
yolo26x,fp32,1,640,leaf,140,13,m.1.m.1.cv1,Conv,13,6b8510966c279bfe,"Conv[192->192,k3,s1]@1x192x40x40","{""kind"": ""tensor"", ""shape"": [1, 192, 40, 40], ""dtype"": ""float32""}","[{""shape"": [1, 192, 40, 40], ""dtype"": ""float32""}]",331968,8.4.148,2026-09-14T03:47:30+00:00
yolo26x,fp32,1,640,leaf,141,13,m.1.m.1.cv2,Conv,13,6b8510966c279bfe,"Conv[192->192,k3,s1]@1x192x40x40","{""kind"": ""tensor"", ""shape"": [1, 192, 40, 40], ""dtype"": ""float32""}","[{""shape"": [1, 192, 40, 40], ""dtype"": ""float32""}]",331968,8.4.148,2026-09-14T03:47:30+00:00
yolo26x,fp32,1,640,leaf,142,13,op:add,op:add,13,f445a9c5091397ca,op:add[]@1x192x40x40+1x192x40x40,"{""kind"": ""list"", ""items"": [{""shape"": [1, 192, 40, 40], ""dtype"": ""float32""}, {""shape"": [1, 192, 40, 40], ""dtype"": ""float32""}]}","[{""shape"": [1, 192, 40, 40], ""dtype"": ""float32""}]",0,8.4.148,2026-09-14T03:47:30+00:00
yolo26x,fp32,1,640,leaf,143,13,m.1.cv2,Conv,13,c0cf3920ede623a7,"Conv[384->192,k1,s1]@1x384x40x40","{""kind"": ""tensor"", ""shape"": [1, 384, 40, 40], ""dtype"": ""float32""}","[{""shape"": [1, 192, 40, 40], ""dtype"": ""float32""}]",73920,8.4.148,2026-09-14T03:47:30+00:00
yolo26x,fp32,1,640,leaf,144,13,op:cat,op:cat,13,97d8a4d4b01b2302,op:cat[1]@1x192x40x40+1x192x40x40,"{""kind"": ""list"", ""items"": [{""shape"": [1, 192, 40, 40], ""dtype"": ""float32""}, {""shape"": [1, 192, 40, 40], ""dtype"": ""float32""}]}","[{""shape"": [1, 384, 40, 40], ""dtype"": ""float32""}]",0,8.4.148,2026-09-14T03:47:30+00:00
yolo26x,fp32,1,640,leaf,145,13,m.1.cv3,Conv,13,bdff8956d8ba1762,"Conv[384->384,k1,s1]@1x384x40x40","{""kind"": ""tensor"", ""shape"": [1, 384, 40, 40], ""dtype"": ""float32""}","[{""shape"": [1, 384, 40, 40], ""dtype"": ""float32""}]",147840,8.4.148,2026-09-14T03:47:30+00:00
yolo26x,fp32,1,640,leaf,146,13,op:cat,op:cat,13,99c14ea1d6339437,op:cat[1]@1x384x40x40+1x384x40x40+1x384x40x40+1x384x40x40,"{""kind"": ""list"", ""items"": [{""shape"": [1, 384, 40, 40], ""dtype"": ""float32""}, {""shape"": [1, 384, 40, 40], ""dtype"": ""float32""}, {""shape"": [1, 384, 40, 40], ""dtype"": ""float32""}, {""shape"": [1, 384, 40, 40], ""dtype"": ""float32""}]}","[{""shape"": [1, 1536, 40, 40], ""dtype"": ""float32""}]",0,8.4.148,2026-09-14T03:47:30+00:00
yolo26x,fp32,1,640,leaf,147,13,cv2,Conv,13,763ab2d4f7217b78,"Conv[1536->768,k1,s1]@1x1536x40x40","{""kind"": ""tensor"", ""shape"": [1, 1536, 40, 40], ""dtype"": ""float32""}","[{""shape"": [1, 768, 40, 40], ""dtype"": ""float32""}]",1180416,8.4.148,2026-09-14T03:47:30+00:00
yolo26x,fp32,1,640,leaf,148,14,,Upsample,14,e7a01537ec9be34e,"Upsample[x2.0,nearest]@1x768x40x40","{""kind"": ""tensor"", ""shape"": [1, 768, 40, 40], ""dtype"": ""float32""}","[{""shape"": [1, 768, 80, 80], ""dtype"": ""float32""}]",0,8.4.148,2026-09-14T03:47:30+00:00
yolo26x,fp32,1,640,leaf,149,15,,Concat,15,e985a0ea97e228a5,Concat[d=1]@1x768x80x80+1x768x80x80,"{""kind"": ""list"", ""items"": [{""shape"": [1, 768, 80, 80], ""dtype"": ""float32""}, {""shape"": [1, 768, 80, 80], ""dtype"": ""float32""}]}","[{""shape"": [1, 1536, 80, 80], ""dtype"": ""float32""}]",0,8.4.148,2026-09-14T03:47:30+00:00
yolo26x,fp32,1,640,leaf,150,16,cv1,Conv,16,1d89d4c04cbe732d,"Conv[1536->384,k1,s1]@1x1536x80x80","{""kind"": ""tensor"", ""shape"": [1, 1536, 80, 80], ""dtype"": ""float32""}","[{""shape"": [1, 384, 80, 80], ""dtype"": ""float32""}]",590208,8.4.148,2026-09-14T03:47:30+00:00
yolo26x,fp32,1,640,leaf,151,16,op:chunk,op:chunk,16,6acfb8f6907941bd,"op:chunk[2,1]@1x384x80x80","{""kind"": ""list"", ""items"": [{""shape"": [1, 384, 80, 80], ""dtype"": ""float32""}]}","[{""shape"": [1, 192, 80, 80], ""dtype"": ""float32""}, {""shape"": [1, 192, 80, 80], ""dtype"": ""float32""}]",0,8.4.148,2026-09-14T03:47:30+00:00
yolo26x,fp32,1,640,leaf,152,16,m.0.cv1,Conv,16,4dedadb0777fc2e2,"Conv[192->96,k1,s1]@1x192x80x80","{""kind"": ""tensor"", ""shape"": [1, 192, 80, 80], ""dtype"": ""float32""}","[{""shape"": [1, 96, 80, 80], ""dtype"": ""float32""}]",18528,8.4.148,2026-09-14T03:47:30+00:00
yolo26x,fp32,1,640,leaf,153,16,m.0.m.0.cv1,Conv,16,cd42ff153da0a6aa,"Conv[96->96,k3,s1]@1x96x80x80","{""kind"": ""tensor"", ""shape"": [1, 96, 80, 80], ""dtype"": ""float32""}","[{""shape"": [1, 96, 80, 80], ""dtype"": ""float32""}]",83040,8.4.148,2026-09-14T03:47:30+00:00
yolo26x,fp32,1,640,leaf,154,16,m.0.m.0.cv2,Conv,16,cd42ff153da0a6aa,"Conv[96->96,k3,s1]@1x96x80x80","{""kind"": ""tensor"", ""shape"": [1, 96, 80, 80], ""dtype"": ""float32""}","[{""shape"": [1, 96, 80, 80], ""dtype"": ""float32""}]",83040,8.4.148,2026-09-14T03:47:30+00:00
yolo26x,fp32,1,640,leaf,155,16,op:add,op:add,16,da6c27ac65420a2a,op:add[]@1x96x80x80+1x96x80x80,"{""kind"": ""list"", ""items"": [{""shape"": [1, 96, 80, 80], ""dtype"": ""float32""}, {""shape"": [1, 96, 80, 80], ""dtype"": ""float32""}]}","[{""shape"": [1, 96, 80, 80], ""dtype"": ""float32""}]",0,8.4.148,2026-09-14T03:47:30+00:00
yolo26x,fp32,1,640,leaf,156,16,m.0.m.1.cv1,Conv,16,cd42ff153da0a6aa,"Conv[96->96,k3,s1]@1x96x80x80","{""kind"": ""tensor"", ""shape"": [1, 96, 80, 80], ""dtype"": ""float32""}","[{""shape"": [1, 96, 80, 80], ""dtype"": ""float32""}]",83040,8.4.148,2026-09-14T03:47:30+00:00
yolo26x,fp32,1,640,leaf,157,16,m.0.m.1.cv2,Conv,16,cd42ff153da0a6aa,"Conv[96->96,k3,s1]@1x96x80x80","{""kind"": ""tensor"", ""shape"": [1, 96, 80, 80], ""dtype"": ""float32""}","[{""shape"": [1, 96, 80, 80], ""dtype"": ""float32""}]",83040,8.4.148,2026-09-14T03:47:30+00:00
yolo26x,fp32,1,640,leaf,158,16,op:add,op:add,16,da6c27ac65420a2a,op:add[]@1x96x80x80+1x96x80x80,"{""kind"": ""list"", ""items"": [{""shape"": [1, 96, 80, 80], ""dtype"": ""float32""}, {""shape"": [1, 96, 80, 80], ""dtype"": ""float32""}]}","[{""shape"": [1, 96, 80, 80], ""dtype"": ""float32""}]",0,8.4.148,2026-09-14T03:47:30+00:00
yolo26x,fp32,1,640,leaf,159,16,m.0.cv2,Conv,16,4dedadb0777fc2e2,"Conv[192->96,k1,s1]@1x192x80x80","{""kind"": ""tensor"", ""shape"": [1, 192, 80, 80], ""dtype"": ""float32""}","[{""shape"": [1, 96, 80, 80], ""dtype"": ""float32""}]",18528,8.4.148,2026-09-14T03:47:30+00:00
yolo26x,fp32,1,640,leaf,160,16,op:cat,op:cat,16,2f46e2adb261bde1,op:cat[1]@1x96x80x80+1x96x80x80,"{""kind"": ""list"", ""items"": [{""shape"": [1, 96, 80, 80], ""dtype"": ""float32""}, {""shape"": [1, 96, 80, 80], ""dtype"": ""float32""}]}","[{""shape"": [1, 192, 80, 80], ""dtype"": ""float32""}]",0,8.4.148,2026-09-14T03:47:30+00:00
yolo26x,fp32,1,640,leaf,161,16,m.0.cv3,Conv,16,85691de1a57b4a3e,"Conv[192->192,k1,s1]@1x192x80x80","{""kind"": ""tensor"", ""shape"": [1, 192, 80, 80], ""dtype"": ""float32""}","[{""shape"": [1, 192, 80, 80], ""dtype"": ""float32""}]",37056,8.4.148,2026-09-14T03:47:30+00:00
yolo26x,fp32,1,640,leaf,162,16,m.1.cv1,Conv,16,4dedadb0777fc2e2,"Conv[192->96,k1,s1]@1x192x80x80","{""kind"": ""tensor"", ""shape"": [1, 192, 80, 80], ""dtype"": ""float32""}","[{""shape"": [1, 96, 80, 80], ""dtype"": ""float32""}]",18528,8.4.148,2026-09-14T03:47:30+00:00
yolo26x,fp32,1,640,leaf,163,16,m.1.m.0.cv1,Conv,16,cd42ff153da0a6aa,"Conv[96->96,k3,s1]@1x96x80x80","{""kind"": ""tensor"", ""shape"": [1, 96, 80, 80], ""dtype"": ""float32""}","[{""shape"": [1, 96, 80, 80], ""dtype"": ""float32""}]",83040,8.4.148,2026-09-14T03:47:30+00:00
yolo26x,fp32,1,640,leaf,164,16,m.1.m.0.cv2,Conv,16,cd42ff153da0a6aa,"Conv[96->96,k3,s1]@1x96x80x80","{""kind"": ""tensor"", ""shape"": [1, 96, 80, 80], ""dtype"": ""float32""}","[{""shape"": [1, 96, 80, 80], ""dtype"": ""float32""}]",83040,8.4.148,2026-09-14T03:47:30+00:00
yolo26x,fp32,1,640,leaf,165,16,op:add,op:add,16,da6c27ac65420a2a,op:add[]@1x96x80x80+1x96x80x80,"{""kind"": ""list"", ""items"": [{""shape"": [1, 96, 80, 80], ""dtype"": ""float32""}, {""shape"": [1, 96, 80, 80], ""dtype"": ""float32""}]}","[{""shape"": [1, 96, 80, 80], ""dtype"": ""float32""}]",0,8.4.148,2026-09-14T03:47:30+00:00
yolo26x,fp32,1,640,leaf,166,16,m.1.m.1.cv1,Conv,16,cd42ff153da0a6aa,"Conv[96->96,k3,s1]@1x96x80x80","{""kind"": ""tensor"", ""shape"": [1, 96, 80, 80], ""dtype"": ""float32""}","[{""shape"": [1, 96, 80, 80], ""dtype"": ""float32""}]",83040,8.4.148,2026-09-14T03:47:30+00:00
yolo26x,fp32,1,640,leaf,167,16,m.1.m.1.cv2,Conv,16,cd42ff153da0a6aa,"Conv[96->96,k3,s1]@1x96x80x80","{""kind"": ""tensor"", ""shape"": [1, 96, 80, 80], ""dtype"": ""float32""}","[{""shape"": [1, 96, 80, 80], ""dtype"": ""float32""}]",83040,8.4.148,2026-09-14T03:47:30+00:00
yolo26x,fp32,1,640,leaf,168,16,op:add,op:add,16,da6c27ac65420a2a,op:add[]@1x96x80x80+1x96x80x80,"{""kind"": ""list"", ""items"": [{""shape"": [1, 96, 80, 80], ""dtype"": ""float32""}, {""shape"": [1, 96, 80, 80], ""dtype"": ""float32""}]}","[{""shape"": [1, 96, 80, 80], ""dtype"": ""float32""}]",0,8.4.148,2026-09-14T03:47:30+00:00
yolo26x,fp32,1,640,leaf,169,16,m.1.cv2,Conv,16,4dedadb0777fc2e2,"Conv[192->96,k1,s1]@1x192x80x80","{""kind"": ""tensor"", ""shape"": [1, 192, 80, 80], ""dtype"": ""float32""}","[{""shape"": [1, 96, 80, 80], ""dtype"": ""float32""}]",18528,8.4.148,2026-09-14T03:47:30+00:00
yolo26x,fp32,1,640,leaf,170,16,op:cat,op:cat,16,2f46e2adb261bde1,op:cat[1]@1x96x80x80+1x96x80x80,"{""kind"": ""list"", ""items"": [{""shape"": [1, 96, 80, 80], ""dtype"": ""float32""}, {""shape"": [1, 96, 80, 80], ""dtype"": ""float32""}]}","[{""shape"": [1, 192, 80, 80], ""dtype"": ""float32""}]",0,8.4.148,2026-09-14T03:47:30+00:00
yolo26x,fp32,1,640,leaf,171,16,m.1.cv3,Conv,16,85691de1a57b4a3e,"Conv[192->192,k1,s1]@1x192x80x80","{""kind"": ""tensor"", ""shape"": [1, 192, 80, 80], ""dtype"": ""float32""}","[{""shape"": [1, 192, 80, 80], ""dtype"": ""float32""}]",37056,8.4.148,2026-09-14T03:47:30+00:00
yolo26x,fp32,1,640,leaf,172,16,op:cat,op:cat,16,e8e4b195d39fd673,op:cat[1]@1x192x80x80+1x192x80x80+1x192x80x80+1x192x80x80,"{""kind"": ""list"", ""items"": [{""shape"": [1, 192, 80, 80], ""dtype"": ""float32""}, {""shape"": [1, 192, 80, 80], ""dtype"": ""float32""}, {""shape"": [1, 192, 80, 80], ""dtype"": ""float32""}, {""shape"": [1, 192, 80, 80], ""dtype"": ""float32""}]}","[{""shape"": [1, 768, 80, 80], ""dtype"": ""float32""}]",0,8.4.148,2026-09-14T03:47:30+00:00
yolo26x,fp32,1,640,leaf,173,16,cv2,Conv,16,2e77363497317e47,"Conv[768->384,k1,s1]@1x768x80x80","{""kind"": ""tensor"", ""shape"": [1, 768, 80, 80], ""dtype"": ""float32""}","[{""shape"": [1, 384, 80, 80], ""dtype"": ""float32""}]",295296,8.4.148,2026-09-14T03:47:30+00:00
yolo26x,fp32,1,640,leaf,174,17,,Conv,17,0625a7bd42405671,"Conv[384->384,k3,s2]@1x384x80x80","{""kind"": ""tensor"", ""shape"": [1, 384, 80, 80], ""dtype"": ""float32""}","[{""shape"": [1, 384, 40, 40], ""dtype"": ""float32""}]",1327488,8.4.148,2026-09-14T03:47:30+00:00
yolo26x,fp32,1,640,leaf,175,18,,Concat,18,db0e7eac0d503c9c,Concat[d=1]@1x384x40x40+1x768x40x40,"{""kind"": ""list"", ""items"": [{""shape"": [1, 384, 40, 40], ""dtype"": ""float32""}, {""shape"": [1, 768, 40, 40], ""dtype"": ""float32""}]}","[{""shape"": [1, 1152, 40, 40], ""dtype"": ""float32""}]",0,8.4.148,2026-09-14T03:47:30+00:00
yolo26x,fp32,1,640,leaf,176,19,cv1,Conv,19,b35f3a3303cb86f2,"Conv[1152->768,k1,s1]@1x1152x40x40","{""kind"": ""tensor"", ""shape"": [1, 1152, 40, 40], ""dtype"": ""float32""}","[{""shape"": [1, 768, 40, 40], ""dtype"": ""float32""}]",885504,8.4.148,2026-09-14T03:47:30+00:00
yolo26x,fp32,1,640,leaf,177,19,op:chunk,op:chunk,19,9a337ce4d97ea29b,"op:chunk[2,1]@1x768x40x40","{""kind"": ""list"", ""items"": [{""shape"": [1, 768, 40, 40], ""dtype"": ""float32""}]}","[{""shape"": [1, 384, 40, 40], ""dtype"": ""float32""}, {""shape"": [1, 384, 40, 40], ""dtype"": ""float32""}]",0,8.4.148,2026-09-14T03:47:30+00:00
yolo26x,fp32,1,640,leaf,178,19,m.0.cv1,Conv,19,c0cf3920ede623a7,"Conv[384->192,k1,s1]@1x384x40x40","{""kind"": ""tensor"", ""shape"": [1, 384, 40, 40], ""dtype"": ""float32""}","[{""shape"": [1, 192, 40, 40], ""dtype"": ""float32""}]",73920,8.4.148,2026-09-14T03:47:30+00:00
yolo26x,fp32,1,640,leaf,179,19,m.0.m.0.cv1,Conv,19,6b8510966c279bfe,"Conv[192->192,k3,s1]@1x192x40x40","{""kind"": ""tensor"", ""shape"": [1, 192, 40, 40], ""dtype"": ""float32""}","[{""shape"": [1, 192, 40, 40], ""dtype"": ""float32""}]",331968,8.4.148,2026-09-14T03:47:30+00:00
yolo26x,fp32,1,640,leaf,180,19,m.0.m.0.cv2,Conv,19,6b8510966c279bfe,"Conv[192->192,k3,s1]@1x192x40x40","{""kind"": ""tensor"", ""shape"": [1, 192, 40, 40], ""dtype"": ""float32""}","[{""shape"": [1, 192, 40, 40], ""dtype"": ""float32""}]",331968,8.4.148,2026-09-14T03:47:30+00:00
yolo26x,fp32,1,640,leaf,181,19,op:add,op:add,19,f445a9c5091397ca,op:add[]@1x192x40x40+1x192x40x40,"{""kind"": ""list"", ""items"": [{""shape"": [1, 192, 40, 40], ""dtype"": ""float32""}, {""shape"": [1, 192, 40, 40], ""dtype"": ""float32""}]}","[{""shape"": [1, 192, 40, 40], ""dtype"": ""float32""}]",0,8.4.148,2026-09-14T03:47:30+00:00
yolo26x,fp32,1,640,leaf,182,19,m.0.m.1.cv1,Conv,19,6b8510966c279bfe,"Conv[192->192,k3,s1]@1x192x40x40","{""kind"": ""tensor"", ""shape"": [1, 192, 40, 40], ""dtype"": ""float32""}","[{""shape"": [1, 192, 40, 40], ""dtype"": ""float32""}]",331968,8.4.148,2026-09-14T03:47:30+00:00
yolo26x,fp32,1,640,leaf,183,19,m.0.m.1.cv2,Conv,19,6b8510966c279bfe,"Conv[192->192,k3,s1]@1x192x40x40","{""kind"": ""tensor"", ""shape"": [1, 192, 40, 40], ""dtype"": ""float32""}","[{""shape"": [1, 192, 40, 40], ""dtype"": ""float32""}]",331968,8.4.148,2026-09-14T03:47:30+00:00
yolo26x,fp32,1,640,leaf,184,19,op:add,op:add,19,f445a9c5091397ca,op:add[]@1x192x40x40+1x192x40x40,"{""kind"": ""list"", ""items"": [{""shape"": [1, 192, 40, 40], ""dtype"": ""float32""}, {""shape"": [1, 192, 40, 40], ""dtype"": ""float32""}]}","[{""shape"": [1, 192, 40, 40], ""dtype"": ""float32""}]",0,8.4.148,2026-09-14T03:47:30+00:00
yolo26x,fp32,1,640,leaf,185,19,m.0.cv2,Conv,19,c0cf3920ede623a7,"Conv[384->192,k1,s1]@1x384x40x40","{""kind"": ""tensor"", ""shape"": [1, 384, 40, 40], ""dtype"": ""float32""}","[{""shape"": [1, 192, 40, 40], ""dtype"": ""float32""}]",73920,8.4.148,2026-09-14T03:47:30+00:00
yolo26x,fp32,1,640,leaf,186,19,op:cat,op:cat,19,97d8a4d4b01b2302,op:cat[1]@1x192x40x40+1x192x40x40,"{""kind"": ""list"", ""items"": [{""shape"": [1, 192, 40, 40], ""dtype"": ""float32""}, {""shape"": [1, 192, 40, 40], ""dtype"": ""float32""}]}","[{""shape"": [1, 384, 40, 40], ""dtype"": ""float32""}]",0,8.4.148,2026-09-14T03:47:30+00:00
yolo26x,fp32,1,640,leaf,187,19,m.0.cv3,Conv,19,bdff8956d8ba1762,"Conv[384->384,k1,s1]@1x384x40x40","{""kind"": ""tensor"", ""shape"": [1, 384, 40, 40], ""dtype"": ""float32""}","[{""shape"": [1, 384, 40, 40], ""dtype"": ""float32""}]",147840,8.4.148,2026-09-14T03:47:30+00:00
yolo26x,fp32,1,640,leaf,188,19,m.1.cv1,Conv,19,c0cf3920ede623a7,"Conv[384->192,k1,s1]@1x384x40x40","{""kind"": ""tensor"", ""shape"": [1, 384, 40, 40], ""dtype"": ""float32""}","[{""shape"": [1, 192, 40, 40], ""dtype"": ""float32""}]",73920,8.4.148,2026-09-14T03:47:30+00:00
yolo26x,fp32,1,640,leaf,189,19,m.1.m.0.cv1,Conv,19,6b8510966c279bfe,"Conv[192->192,k3,s1]@1x192x40x40","{""kind"": ""tensor"", ""shape"": [1, 192, 40, 40], ""dtype"": ""float32""}","[{""shape"": [1, 192, 40, 40], ""dtype"": ""float32""}]",331968,8.4.148,2026-09-14T03:47:30+00:00
yolo26x,fp32,1,640,leaf,190,19,m.1.m.0.cv2,Conv,19,6b8510966c279bfe,"Conv[192->192,k3,s1]@1x192x40x40","{""kind"": ""tensor"", ""shape"": [1, 192, 40, 40], ""dtype"": ""float32""}","[{""shape"": [1, 192, 40, 40], ""dtype"": ""float32""}]",331968,8.4.148,2026-09-14T03:47:30+00:00
yolo26x,fp32,1,640,leaf,191,19,op:add,op:add,19,f445a9c5091397ca,op:add[]@1x192x40x40+1x192x40x40,"{""kind"": ""list"", ""items"": [{""shape"": [1, 192, 40, 40], ""dtype"": ""float32""}, {""shape"": [1, 192, 40, 40], ""dtype"": ""float32""}]}","[{""shape"": [1, 192, 40, 40], ""dtype"": ""float32""}]",0,8.4.148,2026-09-14T03:47:30+00:00
yolo26x,fp32,1,640,leaf,192,19,m.1.m.1.cv1,Conv,19,6b8510966c279bfe,"Conv[192->192,k3,s1]@1x192x40x40","{""kind"": ""tensor"", ""shape"": [1, 192, 40, 40], ""dtype"": ""float32""}","[{""shape"": [1, 192, 40, 40], ""dtype"": ""float32""}]",331968,8.4.148,2026-09-14T03:47:30+00:00
yolo26x,fp32,1,640,leaf,193,19,m.1.m.1.cv2,Conv,19,6b8510966c279bfe,"Conv[192->192,k3,s1]@1x192x40x40","{""kind"": ""tensor"", ""shape"": [1, 192, 40, 40], ""dtype"": ""float32""}","[{""shape"": [1, 192, 40, 40], ""dtype"": ""float32""}]",331968,8.4.148,2026-09-14T03:47:30+00:00
yolo26x,fp32,1,640,leaf,194,19,op:add,op:add,19,f445a9c5091397ca,op:add[]@1x192x40x40+1x192x40x40,"{""kind"": ""list"", ""items"": [{""shape"": [1, 192, 40, 40], ""dtype"": ""float32""}, {""shape"": [1, 192, 40, 40], ""dtype"": ""float32""}]}","[{""shape"": [1, 192, 40, 40], ""dtype"": ""float32""}]",0,8.4.148,2026-09-14T03:47:30+00:00
yolo26x,fp32,1,640,leaf,195,19,m.1.cv2,Conv,19,c0cf3920ede623a7,"Conv[384->192,k1,s1]@1x384x40x40","{""kind"": ""tensor"", ""shape"": [1, 384, 40, 40], ""dtype"": ""float32""}","[{""shape"": [1, 192, 40, 40], ""dtype"": ""float32""}]",73920,8.4.148,2026-09-14T03:47:30+00:00
yolo26x,fp32,1,640,leaf,196,19,op:cat,op:cat,19,97d8a4d4b01b2302,op:cat[1]@1x192x40x40+1x192x40x40,"{""kind"": ""list"", ""items"": [{""shape"": [1, 192, 40, 40], ""dtype"": ""float32""}, {""shape"": [1, 192, 40, 40], ""dtype"": ""float32""}]}","[{""shape"": [1, 384, 40, 40], ""dtype"": ""float32""}]",0,8.4.148,2026-09-14T03:47:30+00:00
yolo26x,fp32,1,640,leaf,197,19,m.1.cv3,Conv,19,bdff8956d8ba1762,"Conv[384->384,k1,s1]@1x384x40x40","{""kind"": ""tensor"", ""shape"": [1, 384, 40, 40], ""dtype"": ""float32""}","[{""shape"": [1, 384, 40, 40], ""dtype"": ""float32""}]",147840,8.4.148,2026-09-14T03:47:30+00:00
yolo26x,fp32,1,640,leaf,198,19,op:cat,op:cat,19,99c14ea1d6339437,op:cat[1]@1x384x40x40+1x384x40x40+1x384x40x40+1x384x40x40,"{""kind"": ""list"", ""items"": [{""shape"": [1, 384, 40, 40], ""dtype"": ""float32""}, {""shape"": [1, 384, 40, 40], ""dtype"": ""float32""}, {""shape"": [1, 384, 40, 40], ""dtype"": ""float32""}, {""shape"": [1, 384, 40, 40], ""dtype"": ""float32""}]}","[{""shape"": [1, 1536, 40, 40], ""dtype"": ""float32""}]",0,8.4.148,2026-09-14T03:47:30+00:00
yolo26x,fp32,1,640,leaf,199,19,cv2,Conv,19,763ab2d4f7217b78,"Conv[1536->768,k1,s1]@1x1536x40x40","{""kind"": ""tensor"", ""shape"": [1, 1536, 40, 40], ""dtype"": ""float32""}","[{""shape"": [1, 768, 40, 40], ""dtype"": ""float32""}]",1180416,8.4.148,2026-09-14T03:47:30+00:00
yolo26x,fp32,1,640,leaf,200,20,,Conv,20,a3aa0769f24a9244,"Conv[768->768,k3,s2]@1x768x40x40","{""kind"": ""tensor"", ""shape"": [1, 768, 40, 40], ""dtype"": ""float32""}","[{""shape"": [1, 768, 20, 20], ""dtype"": ""float32""}]",5309184,8.4.148,2026-09-14T03:47:30+00:00
yolo26x,fp32,1,640,leaf,201,21,,Concat,21,5c63213e3fb98b48,Concat[d=1]@1x768x20x20+1x768x20x20,"{""kind"": ""list"", ""items"": [{""shape"": [1, 768, 20, 20], ""dtype"": ""float32""}, {""shape"": [1, 768, 20, 20], ""dtype"": ""float32""}]}","[{""shape"": [1, 1536, 20, 20], ""dtype"": ""float32""}]",0,8.4.148,2026-09-14T03:47:30+00:00
yolo26x,fp32,1,640,leaf,202,22,cv1,Conv,22,8dcce6619467f536,"Conv[1536->768,k1,s1]@1x1536x20x20","{""kind"": ""tensor"", ""shape"": [1, 1536, 20, 20], ""dtype"": ""float32""}","[{""shape"": [1, 768, 20, 20], ""dtype"": ""float32""}]",1180416,8.4.148,2026-09-14T03:47:30+00:00
yolo26x,fp32,1,640,leaf,203,22,op:chunk,op:chunk,22,8b8e52cf6d634353,"op:chunk[2,1]@1x768x20x20","{""kind"": ""list"", ""items"": [{""shape"": [1, 768, 20, 20], ""dtype"": ""float32""}]}","[{""shape"": [1, 384, 20, 20], ""dtype"": ""float32""}, {""shape"": [1, 384, 20, 20], ""dtype"": ""float32""}]",0,8.4.148,2026-09-14T03:47:30+00:00
yolo26x,fp32,1,640,leaf,204,22,m.0.0.cv1,Conv,22,4b79610fa72adef7,"Conv[384->192,k3,s1]@1x384x20x20","{""kind"": ""tensor"", ""shape"": [1, 384, 20, 20], ""dtype"": ""float32""}","[{""shape"": [1, 192, 20, 20], ""dtype"": ""float32""}]",663744,8.4.148,2026-09-14T03:47:30+00:00
yolo26x,fp32,1,640,leaf,205,22,m.0.0.cv2,Conv,22,e7a61a28a364bb5e,"Conv[192->384,k3,s1]@1x192x20x20","{""kind"": ""tensor"", ""shape"": [1, 192, 20, 20], ""dtype"": ""float32""}","[{""shape"": [1, 384, 20, 20], ""dtype"": ""float32""}]",663936,8.4.148,2026-09-14T03:47:30+00:00
yolo26x,fp32,1,640,leaf,206,22,op:add,op:add,22,bb981d2981c60fb8,op:add[]@1x384x20x20+1x384x20x20,"{""kind"": ""list"", ""items"": [{""shape"": [1, 384, 20, 20], ""dtype"": ""float32""}, {""shape"": [1, 384, 20, 20], ""dtype"": ""float32""}]}","[{""shape"": [1, 384, 20, 20], ""dtype"": ""float32""}]",0,8.4.148,2026-09-14T03:47:30+00:00
yolo26x,fp32,1,640,leaf,207,22,m.0.1.attn,Attention,22,06a85164dd42c60b,"Attention[384->384,p=447360]@1x384x20x20","{""kind"": ""tensor"", ""shape"": [1, 384, 20, 20], ""dtype"": ""float32""}","[{""shape"": [1, 384, 20, 20], ""dtype"": ""float32""}]",447360,8.4.148,2026-09-14T03:47:30+00:00
yolo26x,fp32,1,640,leaf,208,22,op:add,op:add,22,bb981d2981c60fb8,op:add[]@1x384x20x20+1x384x20x20,"{""kind"": ""list"", ""items"": [{""shape"": [1, 384, 20, 20], ""dtype"": ""float32""}, {""shape"": [1, 384, 20, 20], ""dtype"": ""float32""}]}","[{""shape"": [1, 384, 20, 20], ""dtype"": ""float32""}]",0,8.4.148,2026-09-14T03:47:30+00:00
yolo26x,fp32,1,640,leaf,209,22,m.0.1.ffn.0,Conv,22,20a11adc3bd9097e,"Conv[384->768,k1,s1]@1x384x20x20","{""kind"": ""tensor"", ""shape"": [1, 384, 20, 20], ""dtype"": ""float32""}","[{""shape"": [1, 768, 20, 20], ""dtype"": ""float32""}]",295680,8.4.148,2026-09-14T03:47:30+00:00
yolo26x,fp32,1,640,leaf,210,22,m.0.1.ffn.1,Conv,22,32e0d1ce4565c13d,"Conv[768->384,k1,s1]@1x768x20x20","{""kind"": ""tensor"", ""shape"": [1, 768, 20, 20], ""dtype"": ""float32""}","[{""shape"": [1, 384, 20, 20], ""dtype"": ""float32""}]",295296,8.4.148,2026-09-14T03:47:30+00:00
yolo26x,fp32,1,640,leaf,211,22,op:add,op:add,22,bb981d2981c60fb8,op:add[]@1x384x20x20+1x384x20x20,"{""kind"": ""list"", ""items"": [{""shape"": [1, 384, 20, 20], ""dtype"": ""float32""}, {""shape"": [1, 384, 20, 20], ""dtype"": ""float32""}]}","[{""shape"": [1, 384, 20, 20], ""dtype"": ""float32""}]",0,8.4.148,2026-09-14T03:47:30+00:00
yolo26x,fp32,1,640,leaf,212,22,op:cat,op:cat,22,5dade31fe5f6c720,op:cat[1]@1x384x20x20+1x384x20x20+1x384x20x20,"{""kind"": ""list"", ""items"": [{""shape"": [1, 384, 20, 20], ""dtype"": ""float32""}, {""shape"": [1, 384, 20, 20], ""dtype"": ""float32""}, {""shape"": [1, 384, 20, 20], ""dtype"": ""float32""}]}","[{""shape"": [1, 1152, 20, 20], ""dtype"": ""float32""}]",0,8.4.148,2026-09-14T03:47:30+00:00
yolo26x,fp32,1,640,leaf,213,22,cv2,Conv,22,63c6e7190e2fb376,"Conv[1152->768,k1,s1]@1x1152x20x20","{""kind"": ""tensor"", ""shape"": [1, 1152, 20, 20], ""dtype"": ""float32""}","[{""shape"": [1, 768, 20, 20], ""dtype"": ""float32""}]",885504,8.4.148,2026-09-14T03:47:30+00:00
yolo26x,fp32,1,640,leaf,214,23,,Detect,23,bdc2e87a75477320,"Detect[nc=80,e2e]@1x384x80x80+1x768x40x40+1x768x20x20","{""kind"": ""list"", ""items"": [{""shape"": [1, 384, 80, 80], ""dtype"": ""float32""}, {""shape"": [1, 768, 40, 40], ""dtype"": ""float32""}, {""shape"": [1, 768, 20, 20], ""dtype"": ""float32""}]}","[{""shape"": [1, 300, 6], ""dtype"": ""float32""}, {""shape"": [1, 4, 8400], ""dtype"": ""float32""}, {""shape"": [1, 80, 8400], ""dtype"": ""float32""}, {""shape"": [1, 384, 80, 80], ""dtype"": ""float32""}, {""shape"": [1, 768, 40, 40], ""dtype"": ""float32""}, {""shape"": [1, 768, 20, 20], ""dtype"": ""float32""}]",3214524,8.4.148,2026-09-14T03:47:30+00:00
yolo26n,fp32,8,640,leaf,0,0,,Conv,0,0c0af8019704a4df,"Conv[3->16,k3,s2]@8x3x640x640","{""kind"": ""tensor"", ""shape"": [8, 3, 640, 640], ""dtype"": ""float32""}","[{""shape"": [8, 16, 320, 320], ""dtype"": ""float32""}]",448,8.4.148,2026-09-14T03:55:11+00:00
yolo26n,fp32,8,640,leaf,1,1,,Conv,1,97040e09e2ec10bf,"Conv[16->32,k3,s2]@8x16x320x320","{""kind"": ""tensor"", ""shape"": [8, 16, 320, 320], ""dtype"": ""float32""}","[{""shape"": [8, 32, 160, 160], ""dtype"": ""float32""}]",4640,8.4.148,2026-09-14T03:55:11+00:00
yolo26n,fp32,8,640,leaf,2,2,cv1,Conv,2,542575d847a431bb,"Conv[32->32,k1,s1]@8x32x160x160","{""kind"": ""tensor"", ""shape"": [8, 32, 160, 160], ""dtype"": ""float32""}","[{""shape"": [8, 32, 160, 160], ""dtype"": ""float32""}]",1056,8.4.148,2026-09-14T03:55:11+00:00
yolo26n,fp32,8,640,leaf,3,2,op:chunk,op:chunk,2,1ef58be9dbb1a227,"op:chunk[2,1]@8x32x160x160","{""kind"": ""list"", ""items"": [{""shape"": [8, 32, 160, 160], ""dtype"": ""float32""}]}","[{""shape"": [8, 16, 160, 160], ""dtype"": ""float32""}, {""shape"": [8, 16, 160, 160], ""dtype"": ""float32""}]",0,8.4.148,2026-09-14T03:55:11+00:00
yolo26n,fp32,8,640,leaf,4,2,m.0.cv1,Conv,2,9d782635dec04160,"Conv[16->8,k3,s1]@8x16x160x160","{""kind"": ""tensor"", ""shape"": [8, 16, 160, 160], ""dtype"": ""float32""}","[{""shape"": [8, 8, 160, 160], ""dtype"": ""float32""}]",1160,8.4.148,2026-09-14T03:55:11+00:00
yolo26n,fp32,8,640,leaf,5,2,m.0.cv2,Conv,2,99d956e8188d3185,"Conv[8->16,k3,s1]@8x8x160x160","{""kind"": ""tensor"", ""shape"": [8, 8, 160, 160], ""dtype"": ""float32""}","[{""shape"": [8, 16, 160, 160], ""dtype"": ""float32""}]",1168,8.4.148,2026-09-14T03:55:11+00:00
yolo26n,fp32,8,640,leaf,6,2,op:add,op:add,2,6b085b75b53e3b6b,op:add[]@8x16x160x160+8x16x160x160,"{""kind"": ""list"", ""items"": [{""shape"": [8, 16, 160, 160], ""dtype"": ""float32""}, {""shape"": [8, 16, 160, 160], ""dtype"": ""float32""}]}","[{""shape"": [8, 16, 160, 160], ""dtype"": ""float32""}]",0,8.4.148,2026-09-14T03:55:11+00:00
yolo26n,fp32,8,640,leaf,7,2,op:cat,op:cat,2,01dbcc3669a95f57,op:cat[1]@8x16x160x160+8x16x160x160+8x16x160x160,"{""kind"": ""list"", ""items"": [{""shape"": [8, 16, 160, 160], ""dtype"": ""float32""}, {""shape"": [8, 16, 160, 160], ""dtype"": ""float32""}, {""shape"": [8, 16, 160, 160], ""dtype"": ""float32""}]}","[{""shape"": [8, 48, 160, 160], ""dtype"": ""float32""}]",0,8.4.148,2026-09-14T03:55:11+00:00
yolo26n,fp32,8,640,leaf,8,2,cv2,Conv,2,41d73225299af29d,"Conv[48->64,k1,s1]@8x48x160x160","{""kind"": ""tensor"", ""shape"": [8, 48, 160, 160], ""dtype"": ""float32""}","[{""shape"": [8, 64, 160, 160], ""dtype"": ""float32""}]",3136,8.4.148,2026-09-14T03:55:11+00:00
yolo26n,fp32,8,640,leaf,9,3,,Conv,3,6bc457c858fda289,"Conv[64->64,k3,s2]@8x64x160x160","{""kind"": ""tensor"", ""shape"": [8, 64, 160, 160], ""dtype"": ""float32""}","[{""shape"": [8, 64, 80, 80], ""dtype"": ""float32""}]",36928,8.4.148,2026-09-14T03:55:11+00:00
yolo26n,fp32,8,640,leaf,10,4,cv1,Conv,4,9d8a21ff50d35c42,"Conv[64->64,k1,s1]@8x64x80x80","{""kind"": ""tensor"", ""shape"": [8, 64, 80, 80], ""dtype"": ""float32""}","[{""shape"": [8, 64, 80, 80], ""dtype"": ""float32""}]",4160,8.4.148,2026-09-14T03:55:11+00:00
yolo26n,fp32,8,640,leaf,11,4,op:chunk,op:chunk,4,a23c6333990c4093,"op:chunk[2,1]@8x64x80x80","{""kind"": ""list"", ""items"": [{""shape"": [8, 64, 80, 80], ""dtype"": ""float32""}]}","[{""shape"": [8, 32, 80, 80], ""dtype"": ""float32""}, {""shape"": [8, 32, 80, 80], ""dtype"": ""float32""}]",0,8.4.148,2026-09-14T03:55:11+00:00
yolo26n,fp32,8,640,leaf,12,4,m.0.cv1,Conv,4,b988ae5be32f5c0f,"Conv[32->16,k3,s1]@8x32x80x80","{""kind"": ""tensor"", ""shape"": [8, 32, 80, 80], ""dtype"": ""float32""}","[{""shape"": [8, 16, 80, 80], ""dtype"": ""float32""}]",4624,8.4.148,2026-09-14T03:55:11+00:00
yolo26n,fp32,8,640,leaf,13,4,m.0.cv2,Conv,4,efd9d4978c572db8,"Conv[16->32,k3,s1]@8x16x80x80","{""kind"": ""tensor"", ""shape"": [8, 16, 80, 80], ""dtype"": ""float32""}","[{""shape"": [8, 32, 80, 80], ""dtype"": ""float32""}]",4640,8.4.148,2026-09-14T03:55:11+00:00
yolo26n,fp32,8,640,leaf,14,4,op:add,op:add,4,ba9465c82154aa84,op:add[]@8x32x80x80+8x32x80x80,"{""kind"": ""list"", ""items"": [{""shape"": [8, 32, 80, 80], ""dtype"": ""float32""}, {""shape"": [8, 32, 80, 80], ""dtype"": ""float32""}]}","[{""shape"": [8, 32, 80, 80], ""dtype"": ""float32""}]",0,8.4.148,2026-09-14T03:55:11+00:00
yolo26n,fp32,8,640,leaf,15,4,op:cat,op:cat,4,362d816621cafae7,op:cat[1]@8x32x80x80+8x32x80x80+8x32x80x80,"{""kind"": ""list"", ""items"": [{""shape"": [8, 32, 80, 80], ""dtype"": ""float32""}, {""shape"": [8, 32, 80, 80], ""dtype"": ""float32""}, {""shape"": [8, 32, 80, 80], ""dtype"": ""float32""}]}","[{""shape"": [8, 96, 80, 80], ""dtype"": ""float32""}]",0,8.4.148,2026-09-14T03:55:11+00:00
yolo26n,fp32,8,640,leaf,16,4,cv2,Conv,4,8a361decfc89e58f,"Conv[96->128,k1,s1]@8x96x80x80","{""kind"": ""tensor"", ""shape"": [8, 96, 80, 80], ""dtype"": ""float32""}","[{""shape"": [8, 128, 80, 80], ""dtype"": ""float32""}]",12416,8.4.148,2026-09-14T03:55:11+00:00
yolo26n,fp32,8,640,leaf,17,5,,Conv,5,3e73f7e780669aea,"Conv[128->128,k3,s2]@8x128x80x80","{""kind"": ""tensor"", ""shape"": [8, 128, 80, 80], ""dtype"": ""float32""}","[{""shape"": [8, 128, 40, 40], ""dtype"": ""float32""}]",147584,8.4.148,2026-09-14T03:55:11+00:00
yolo26n,fp32,8,640,leaf,18,6,cv1,Conv,6,4abb475c05a2c84c,"Conv[128->128,k1,s1]@8x128x40x40","{""kind"": ""tensor"", ""shape"": [8, 128, 40, 40], ""dtype"": ""float32""}","[{""shape"": [8, 128, 40, 40], ""dtype"": ""float32""}]",16512,8.4.148,2026-09-14T03:55:11+00:00
yolo26n,fp32,8,640,leaf,19,6,op:chunk,op:chunk,6,b42bbc9dc658a45a,"op:chunk[2,1]@8x128x40x40","{""kind"": ""list"", ""items"": [{""shape"": [8, 128, 40, 40], ""dtype"": ""float32""}]}","[{""shape"": [8, 64, 40, 40], ""dtype"": ""float32""}, {""shape"": [8, 64, 40, 40], ""dtype"": ""float32""}]",0,8.4.148,2026-09-14T03:55:11+00:00
yolo26n,fp32,8,640,leaf,20,6,m.0.cv1,Conv,6,7a7d17644bc01c3d,"Conv[64->32,k1,s1]@8x64x40x40","{""kind"": ""tensor"", ""shape"": [8, 64, 40, 40], ""dtype"": ""float32""}","[{""shape"": [8, 32, 40, 40], ""dtype"": ""float32""}]",2080,8.4.148,2026-09-14T03:55:11+00:00
yolo26n,fp32,8,640,leaf,21,6,m.0.m.0.cv1,Conv,6,eacc723220bf70ed,"Conv[32->32,k3,s1]@8x32x40x40","{""kind"": ""tensor"", ""shape"": [8, 32, 40, 40], ""dtype"": ""float32""}","[{""shape"": [8, 32, 40, 40], ""dtype"": ""float32""}]",9248,8.4.148,2026-09-14T03:55:11+00:00
yolo26n,fp32,8,640,leaf,22,6,m.0.m.0.cv2,Conv,6,eacc723220bf70ed,"Conv[32->32,k3,s1]@8x32x40x40","{""kind"": ""tensor"", ""shape"": [8, 32, 40, 40], ""dtype"": ""float32""}","[{""shape"": [8, 32, 40, 40], ""dtype"": ""float32""}]",9248,8.4.148,2026-09-14T03:55:11+00:00
yolo26n,fp32,8,640,leaf,23,6,op:add,op:add,6,4410586e9b6b4062,op:add[]@8x32x40x40+8x32x40x40,"{""kind"": ""list"", ""items"": [{""shape"": [8, 32, 40, 40], ""dtype"": ""float32""}, {""shape"": [8, 32, 40, 40], ""dtype"": ""float32""}]}","[{""shape"": [8, 32, 40, 40], ""dtype"": ""float32""}]",0,8.4.148,2026-09-14T03:55:11+00:00
yolo26n,fp32,8,640,leaf,24,6,m.0.m.1.cv1,Conv,6,eacc723220bf70ed,"Conv[32->32,k3,s1]@8x32x40x40","{""kind"": ""tensor"", ""shape"": [8, 32, 40, 40], ""dtype"": ""float32""}","[{""shape"": [8, 32, 40, 40], ""dtype"": ""float32""}]",9248,8.4.148,2026-09-14T03:55:11+00:00
yolo26n,fp32,8,640,leaf,25,6,m.0.m.1.cv2,Conv,6,eacc723220bf70ed,"Conv[32->32,k3,s1]@8x32x40x40","{""kind"": ""tensor"", ""shape"": [8, 32, 40, 40], ""dtype"": ""float32""}","[{""shape"": [8, 32, 40, 40], ""dtype"": ""float32""}]",9248,8.4.148,2026-09-14T03:55:11+00:00
yolo26n,fp32,8,640,leaf,26,6,op:add,op:add,6,4410586e9b6b4062,op:add[]@8x32x40x40+8x32x40x40,"{""kind"": ""list"", ""items"": [{""shape"": [8, 32, 40, 40], ""dtype"": ""float32""}, {""shape"": [8, 32, 40, 40], ""dtype"": ""float32""}]}","[{""shape"": [8, 32, 40, 40], ""dtype"": ""float32""}]",0,8.4.148,2026-09-14T03:55:11+00:00
yolo26n,fp32,8,640,leaf,27,6,m.0.cv2,Conv,6,7a7d17644bc01c3d,"Conv[64->32,k1,s1]@8x64x40x40","{""kind"": ""tensor"", ""shape"": [8, 64, 40, 40], ""dtype"": ""float32""}","[{""shape"": [8, 32, 40, 40], ""dtype"": ""float32""}]",2080,8.4.148,2026-09-14T03:55:11+00:00
yolo26n,fp32,8,640,leaf,28,6,op:cat,op:cat,6,01d33970c0d196b9,op:cat[1]@8x32x40x40+8x32x40x40,"{""kind"": ""list"", ""items"": [{""shape"": [8, 32, 40, 40], ""dtype"": ""float32""}, {""shape"": [8, 32, 40, 40], ""dtype"": ""float32""}]}","[{""shape"": [8, 64, 40, 40], ""dtype"": ""float32""}]",0,8.4.148,2026-09-14T03:55:11+00:00
yolo26n,fp32,8,640,leaf,29,6,m.0.cv3,Conv,6,bc9623952c96478f,"Conv[64->64,k1,s1]@8x64x40x40","{""kind"": ""tensor"", ""shape"": [8, 64, 40, 40], ""dtype"": ""float32""}","[{""shape"": [8, 64, 40, 40], ""dtype"": ""float32""}]",4160,8.4.148,2026-09-14T03:55:11+00:00
yolo26n,fp32,8,640,leaf,30,6,op:cat,op:cat,6,2ee7af077dd27231,op:cat[1]@8x64x40x40+8x64x40x40+8x64x40x40,"{""kind"": ""list"", ""items"": [{""shape"": [8, 64, 40, 40], ""dtype"": ""float32""}, {""shape"": [8, 64, 40, 40], ""dtype"": ""float32""}, {""shape"": [8, 64, 40, 40], ""dtype"": ""float32""}]}","[{""shape"": [8, 192, 40, 40], ""dtype"": ""float32""}]",0,8.4.148,2026-09-14T03:55:11+00:00
yolo26n,fp32,8,640,leaf,31,6,cv2,Conv,6,c14bd75be4995d5c,"Conv[192->128,k1,s1]@8x192x40x40","{""kind"": ""tensor"", ""shape"": [8, 192, 40, 40], ""dtype"": ""float32""}","[{""shape"": [8, 128, 40, 40], ""dtype"": ""float32""}]",24704,8.4.148,2026-09-14T03:55:11+00:00
yolo26n,fp32,8,640,leaf,32,7,,Conv,7,aeea203bba692bca,"Conv[128->256,k3,s2]@8x128x40x40","{""kind"": ""tensor"", ""shape"": [8, 128, 40, 40], ""dtype"": ""float32""}","[{""shape"": [8, 256, 20, 20], ""dtype"": ""float32""}]",295168,8.4.148,2026-09-14T03:55:11+00:00
yolo26n,fp32,8,640,leaf,33,8,cv1,Conv,8,c1fc73d6286432cd,"Conv[256->256,k1,s1]@8x256x20x20","{""kind"": ""tensor"", ""shape"": [8, 256, 20, 20], ""dtype"": ""float32""}","[{""shape"": [8, 256, 20, 20], ""dtype"": ""float32""}]",65792,8.4.148,2026-09-14T03:55:11+00:00
yolo26n,fp32,8,640,leaf,34,8,op:chunk,op:chunk,8,6fa30f7007c850e8,"op:chunk[2,1]@8x256x20x20","{""kind"": ""list"", ""items"": [{""shape"": [8, 256, 20, 20], ""dtype"": ""float32""}]}","[{""shape"": [8, 128, 20, 20], ""dtype"": ""float32""}, {""shape"": [8, 128, 20, 20], ""dtype"": ""float32""}]",0,8.4.148,2026-09-14T03:55:11+00:00
yolo26n,fp32,8,640,leaf,35,8,m.0.cv1,Conv,8,f8998e63a3d1d48a,"Conv[128->64,k1,s1]@8x128x20x20","{""kind"": ""tensor"", ""shape"": [8, 128, 20, 20], ""dtype"": ""float32""}","[{""shape"": [8, 64, 20, 20], ""dtype"": ""float32""}]",8256,8.4.148,2026-09-14T03:55:11+00:00
yolo26n,fp32,8,640,leaf,36,8,m.0.m.0.cv1,Conv,8,71f01e2c436a1585,"Conv[64->64,k3,s1]@8x64x20x20","{""kind"": ""tensor"", ""shape"": [8, 64, 20, 20], ""dtype"": ""float32""}","[{""shape"": [8, 64, 20, 20], ""dtype"": ""float32""}]",36928,8.4.148,2026-09-14T03:55:11+00:00
yolo26n,fp32,8,640,leaf,37,8,m.0.m.0.cv2,Conv,8,71f01e2c436a1585,"Conv[64->64,k3,s1]@8x64x20x20","{""kind"": ""tensor"", ""shape"": [8, 64, 20, 20], ""dtype"": ""float32""}","[{""shape"": [8, 64, 20, 20], ""dtype"": ""float32""}]",36928,8.4.148,2026-09-14T03:55:11+00:00
yolo26n,fp32,8,640,leaf,38,8,op:add,op:add,8,9ec5a546c32730d0,op:add[]@8x64x20x20+8x64x20x20,"{""kind"": ""list"", ""items"": [{""shape"": [8, 64, 20, 20], ""dtype"": ""float32""}, {""shape"": [8, 64, 20, 20], ""dtype"": ""float32""}]}","[{""shape"": [8, 64, 20, 20], ""dtype"": ""float32""}]",0,8.4.148,2026-09-14T03:55:11+00:00
yolo26n,fp32,8,640,leaf,39,8,m.0.m.1.cv1,Conv,8,71f01e2c436a1585,"Conv[64->64,k3,s1]@8x64x20x20","{""kind"": ""tensor"", ""shape"": [8, 64, 20, 20], ""dtype"": ""float32""}","[{""shape"": [8, 64, 20, 20], ""dtype"": ""float32""}]",36928,8.4.148,2026-09-14T03:55:11+00:00
yolo26n,fp32,8,640,leaf,40,8,m.0.m.1.cv2,Conv,8,71f01e2c436a1585,"Conv[64->64,k3,s1]@8x64x20x20","{""kind"": ""tensor"", ""shape"": [8, 64, 20, 20], ""dtype"": ""float32""}","[{""shape"": [8, 64, 20, 20], ""dtype"": ""float32""}]",36928,8.4.148,2026-09-14T03:55:11+00:00
yolo26n,fp32,8,640,leaf,41,8,op:add,op:add,8,9ec5a546c32730d0,op:add[]@8x64x20x20+8x64x20x20,"{""kind"": ""list"", ""items"": [{""shape"": [8, 64, 20, 20], ""dtype"": ""float32""}, {""shape"": [8, 64, 20, 20], ""dtype"": ""float32""}]}","[{""shape"": [8, 64, 20, 20], ""dtype"": ""float32""}]",0,8.4.148,2026-09-14T03:55:11+00:00
yolo26n,fp32,8,640,leaf,42,8,m.0.cv2,Conv,8,f8998e63a3d1d48a,"Conv[128->64,k1,s1]@8x128x20x20","{""kind"": ""tensor"", ""shape"": [8, 128, 20, 20], ""dtype"": ""float32""}","[{""shape"": [8, 64, 20, 20], ""dtype"": ""float32""}]",8256,8.4.148,2026-09-14T03:55:11+00:00
yolo26n,fp32,8,640,leaf,43,8,op:cat,op:cat,8,2e2270e4785a427e,op:cat[1]@8x64x20x20+8x64x20x20,"{""kind"": ""list"", ""items"": [{""shape"": [8, 64, 20, 20], ""dtype"": ""float32""}, {""shape"": [8, 64, 20, 20], ""dtype"": ""float32""}]}","[{""shape"": [8, 128, 20, 20], ""dtype"": ""float32""}]",0,8.4.148,2026-09-14T03:55:11+00:00
yolo26n,fp32,8,640,leaf,44,8,m.0.cv3,Conv,8,5cd6e6abf10ddde1,"Conv[128->128,k1,s1]@8x128x20x20","{""kind"": ""tensor"", ""shape"": [8, 128, 20, 20], ""dtype"": ""float32""}","[{""shape"": [8, 128, 20, 20], ""dtype"": ""float32""}]",16512,8.4.148,2026-09-14T03:55:11+00:00
yolo26n,fp32,8,640,leaf,45,8,op:cat,op:cat,8,999a5e042f3db464,op:cat[1]@8x128x20x20+8x128x20x20+8x128x20x20,"{""kind"": ""list"", ""items"": [{""shape"": [8, 128, 20, 20], ""dtype"": ""float32""}, {""shape"": [8, 128, 20, 20], ""dtype"": ""float32""}, {""shape"": [8, 128, 20, 20], ""dtype"": ""float32""}]}","[{""shape"": [8, 384, 20, 20], ""dtype"": ""float32""}]",0,8.4.148,2026-09-14T03:55:11+00:00
yolo26n,fp32,8,640,leaf,46,8,cv2,Conv,8,be821ee598fe0a12,"Conv[384->256,k1,s1]@8x384x20x20","{""kind"": ""tensor"", ""shape"": [8, 384, 20, 20], ""dtype"": ""float32""}","[{""shape"": [8, 256, 20, 20], ""dtype"": ""float32""}]",98560,8.4.148,2026-09-14T03:55:11+00:00
yolo26n,fp32,8,640,leaf,47,9,cv1,Conv,9,f13e117d28a39578,"Conv[256->128,k1,s1]@8x256x20x20","{""kind"": ""tensor"", ""shape"": [8, 256, 20, 20], ""dtype"": ""float32""}","[{""shape"": [8, 128, 20, 20], ""dtype"": ""float32""}]",32896,8.4.148,2026-09-14T03:55:11+00:00
yolo26n,fp32,8,640,leaf,48,9,m,MaxPool2d,9,aa0bec7033eb8675,MaxPool2d[p=0]@8x128x20x20,"{""kind"": ""tensor"", ""shape"": [8, 128, 20, 20], ""dtype"": ""float32""}","[{""shape"": [8, 128, 20, 20], ""dtype"": ""float32""}]",0,8.4.148,2026-09-14T03:55:11+00:00
yolo26n,fp32,8,640,leaf,49,9,m,MaxPool2d,9,aa0bec7033eb8675,MaxPool2d[p=0]@8x128x20x20,"{""kind"": ""tensor"", ""shape"": [8, 128, 20, 20], ""dtype"": ""float32""}","[{""shape"": [8, 128, 20, 20], ""dtype"": ""float32""}]",0,8.4.148,2026-09-14T03:55:11+00:00
yolo26n,fp32,8,640,leaf,50,9,m,MaxPool2d,9,aa0bec7033eb8675,MaxPool2d[p=0]@8x128x20x20,"{""kind"": ""tensor"", ""shape"": [8, 128, 20, 20], ""dtype"": ""float32""}","[{""shape"": [8, 128, 20, 20], ""dtype"": ""float32""}]",0,8.4.148,2026-09-14T03:55:11+00:00
yolo26n,fp32,8,640,leaf,51,9,op:cat,op:cat,9,65a450e2acd4b201,op:cat[1]@8x128x20x20+8x128x20x20+8x128x20x20+8x128x20x20,"{""kind"": ""list"", ""items"": [{""shape"": [8, 128, 20, 20], ""dtype"": ""float32""}, {""shape"": [8, 128, 20, 20], ""dtype"": ""float32""}, {""shape"": [8, 128, 20, 20], ""dtype"": ""float32""}, {""shape"": [8, 128, 20, 20], ""dtype"": ""float32""}]}","[{""shape"": [8, 512, 20, 20], ""dtype"": ""float32""}]",0,8.4.148,2026-09-14T03:55:11+00:00
yolo26n,fp32,8,640,leaf,52,9,cv2,Conv,9,3d7fe8b1fc526d4f,"Conv[512->256,k1,s1]@8x512x20x20","{""kind"": ""tensor"", ""shape"": [8, 512, 20, 20], ""dtype"": ""float32""}","[{""shape"": [8, 256, 20, 20], ""dtype"": ""float32""}]",131328,8.4.148,2026-09-14T03:55:11+00:00
yolo26n,fp32,8,640,leaf,53,9,op:add,op:add,9,92d96cfa8127ba1e,op:add[]@8x256x20x20+8x256x20x20,"{""kind"": ""list"", ""items"": [{""shape"": [8, 256, 20, 20], ""dtype"": ""float32""}, {""shape"": [8, 256, 20, 20], ""dtype"": ""float32""}]}","[{""shape"": [8, 256, 20, 20], ""dtype"": ""float32""}]",0,8.4.148,2026-09-14T03:55:11+00:00
yolo26n,fp32,8,640,leaf,54,10,cv1,Conv,10,c1fc73d6286432cd,"Conv[256->256,k1,s1]@8x256x20x20","{""kind"": ""tensor"", ""shape"": [8, 256, 20, 20], ""dtype"": ""float32""}","[{""shape"": [8, 256, 20, 20], ""dtype"": ""float32""}]",65792,8.4.148,2026-09-14T03:55:11+00:00
yolo26n,fp32,8,640,leaf,55,10,op:split,op:split,10,04361c28f6273e55,"op:split[[128, 128],dim=1]@8x256x20x20","{""kind"": ""list"", ""items"": [{""shape"": [8, 256, 20, 20], ""dtype"": ""float32""}]}","[{""shape"": [8, 128, 20, 20], ""dtype"": ""float32""}, {""shape"": [8, 128, 20, 20], ""dtype"": ""float32""}]",0,8.4.148,2026-09-14T03:55:11+00:00
yolo26n,fp32,8,640,leaf,56,10,m.0.attn,Attention,10,fb6f6e8bf37ee3fc,"Attention[128->128,p=50816]@8x128x20x20","{""kind"": ""tensor"", ""shape"": [8, 128, 20, 20], ""dtype"": ""float32""}","[{""shape"": [8, 128, 20, 20], ""dtype"": ""float32""}]",50816,8.4.148,2026-09-14T03:55:11+00:00
yolo26n,fp32,8,640,leaf,57,10,op:add,op:add,10,3a98736d0a3a3140,op:add[]@8x128x20x20+8x128x20x20,"{""kind"": ""list"", ""items"": [{""shape"": [8, 128, 20, 20], ""dtype"": ""float32""}, {""shape"": [8, 128, 20, 20], ""dtype"": ""float32""}]}","[{""shape"": [8, 128, 20, 20], ""dtype"": ""float32""}]",0,8.4.148,2026-09-14T03:55:11+00:00
yolo26n,fp32,8,640,leaf,58,10,m.0.ffn.0,Conv,10,3b5a6d02ba33cf0a,"Conv[128->256,k1,s1]@8x128x20x20","{""kind"": ""tensor"", ""shape"": [8, 128, 20, 20], ""dtype"": ""float32""}","[{""shape"": [8, 256, 20, 20], ""dtype"": ""float32""}]",33024,8.4.148,2026-09-14T03:55:11+00:00
yolo26n,fp32,8,640,leaf,59,10,m.0.ffn.1,Conv,10,f13e117d28a39578,"Conv[256->128,k1,s1]@8x256x20x20","{""kind"": ""tensor"", ""shape"": [8, 256, 20, 20], ""dtype"": ""float32""}","[{""shape"": [8, 128, 20, 20], ""dtype"": ""float32""}]",32896,8.4.148,2026-09-14T03:55:11+00:00
yolo26n,fp32,8,640,leaf,60,10,op:add,op:add,10,3a98736d0a3a3140,op:add[]@8x128x20x20+8x128x20x20,"{""kind"": ""list"", ""items"": [{""shape"": [8, 128, 20, 20], ""dtype"": ""float32""}, {""shape"": [8, 128, 20, 20], ""dtype"": ""float32""}]}","[{""shape"": [8, 128, 20, 20], ""dtype"": ""float32""}]",0,8.4.148,2026-09-14T03:55:11+00:00
yolo26n,fp32,8,640,leaf,61,10,op:cat,op:cat,10,bb4ed4aca4345dea,op:cat[1]@8x128x20x20+8x128x20x20,"{""kind"": ""list"", ""items"": [{""shape"": [8, 128, 20, 20], ""dtype"": ""float32""}, {""shape"": [8, 128, 20, 20], ""dtype"": ""float32""}]}","[{""shape"": [8, 256, 20, 20], ""dtype"": ""float32""}]",0,8.4.148,2026-09-14T03:55:11+00:00
yolo26n,fp32,8,640,leaf,62,10,cv2,Conv,10,c1fc73d6286432cd,"Conv[256->256,k1,s1]@8x256x20x20","{""kind"": ""tensor"", ""shape"": [8, 256, 20, 20], ""dtype"": ""float32""}","[{""shape"": [8, 256, 20, 20], ""dtype"": ""float32""}]",65792,8.4.148,2026-09-14T03:55:11+00:00
yolo26n,fp32,8,640,leaf,63,11,,Upsample,11,fbdc775304991232,"Upsample[x2.0,nearest]@8x256x20x20","{""kind"": ""tensor"", ""shape"": [8, 256, 20, 20], ""dtype"": ""float32""}","[{""shape"": [8, 256, 40, 40], ""dtype"": ""float32""}]",0,8.4.148,2026-09-14T03:55:11+00:00
yolo26n,fp32,8,640,leaf,64,12,,Concat,12,5c59ad7e14cc2a65,Concat[d=1]@8x256x40x40+8x128x40x40,"{""kind"": ""list"", ""items"": [{""shape"": [8, 256, 40, 40], ""dtype"": ""float32""}, {""shape"": [8, 128, 40, 40], ""dtype"": ""float32""}]}","[{""shape"": [8, 384, 40, 40], ""dtype"": ""float32""}]",0,8.4.148,2026-09-14T03:55:11+00:00
yolo26n,fp32,8,640,leaf,65,13,cv1,Conv,13,73764269bf981726,"Conv[384->128,k1,s1]@8x384x40x40","{""kind"": ""tensor"", ""shape"": [8, 384, 40, 40], ""dtype"": ""float32""}","[{""shape"": [8, 128, 40, 40], ""dtype"": ""float32""}]",49280,8.4.148,2026-09-14T03:55:11+00:00
yolo26n,fp32,8,640,leaf,66,13,op:chunk,op:chunk,13,b42bbc9dc658a45a,"op:chunk[2,1]@8x128x40x40","{""kind"": ""list"", ""items"": [{""shape"": [8, 128, 40, 40], ""dtype"": ""float32""}]}","[{""shape"": [8, 64, 40, 40], ""dtype"": ""float32""}, {""shape"": [8, 64, 40, 40], ""dtype"": ""float32""}]",0,8.4.148,2026-09-14T03:55:11+00:00
yolo26n,fp32,8,640,leaf,67,13,m.0.cv1,Conv,13,7a7d17644bc01c3d,"Conv[64->32,k1,s1]@8x64x40x40","{""kind"": ""tensor"", ""shape"": [8, 64, 40, 40], ""dtype"": ""float32""}","[{""shape"": [8, 32, 40, 40], ""dtype"": ""float32""}]",2080,8.4.148,2026-09-14T03:55:11+00:00
yolo26n,fp32,8,640,leaf,68,13,m.0.m.0.cv1,Conv,13,eacc723220bf70ed,"Conv[32->32,k3,s1]@8x32x40x40","{""kind"": ""tensor"", ""shape"": [8, 32, 40, 40], ""dtype"": ""float32""}","[{""shape"": [8, 32, 40, 40], ""dtype"": ""float32""}]",9248,8.4.148,2026-09-14T03:55:11+00:00
yolo26n,fp32,8,640,leaf,69,13,m.0.m.0.cv2,Conv,13,eacc723220bf70ed,"Conv[32->32,k3,s1]@8x32x40x40","{""kind"": ""tensor"", ""shape"": [8, 32, 40, 40], ""dtype"": ""float32""}","[{""shape"": [8, 32, 40, 40], ""dtype"": ""float32""}]",9248,8.4.148,2026-09-14T03:55:11+00:00
yolo26n,fp32,8,640,leaf,70,13,op:add,op:add,13,4410586e9b6b4062,op:add[]@8x32x40x40+8x32x40x40,"{""kind"": ""list"", ""items"": [{""shape"": [8, 32, 40, 40], ""dtype"": ""float32""}, {""shape"": [8, 32, 40, 40], ""dtype"": ""float32""}]}","[{""shape"": [8, 32, 40, 40], ""dtype"": ""float32""}]",0,8.4.148,2026-09-14T03:55:11+00:00
yolo26n,fp32,8,640,leaf,71,13,m.0.m.1.cv1,Conv,13,eacc723220bf70ed,"Conv[32->32,k3,s1]@8x32x40x40","{""kind"": ""tensor"", ""shape"": [8, 32, 40, 40], ""dtype"": ""float32""}","[{""shape"": [8, 32, 40, 40], ""dtype"": ""float32""}]",9248,8.4.148,2026-09-14T03:55:11+00:00
yolo26n,fp32,8,640,leaf,72,13,m.0.m.1.cv2,Conv,13,eacc723220bf70ed,"Conv[32->32,k3,s1]@8x32x40x40","{""kind"": ""tensor"", ""shape"": [8, 32, 40, 40], ""dtype"": ""float32""}","[{""shape"": [8, 32, 40, 40], ""dtype"": ""float32""}]",9248,8.4.148,2026-09-14T03:55:11+00:00
yolo26n,fp32,8,640,leaf,73,13,op:add,op:add,13,4410586e9b6b4062,op:add[]@8x32x40x40+8x32x40x40,"{""kind"": ""list"", ""items"": [{""shape"": [8, 32, 40, 40], ""dtype"": ""float32""}, {""shape"": [8, 32, 40, 40], ""dtype"": ""float32""}]}","[{""shape"": [8, 32, 40, 40], ""dtype"": ""float32""}]",0,8.4.148,2026-09-14T03:55:11+00:00
yolo26n,fp32,8,640,leaf,74,13,m.0.cv2,Conv,13,7a7d17644bc01c3d,"Conv[64->32,k1,s1]@8x64x40x40","{""kind"": ""tensor"", ""shape"": [8, 64, 40, 40], ""dtype"": ""float32""}","[{""shape"": [8, 32, 40, 40], ""dtype"": ""float32""}]",2080,8.4.148,2026-09-14T03:55:11+00:00
yolo26n,fp32,8,640,leaf,75,13,op:cat,op:cat,13,01d33970c0d196b9,op:cat[1]@8x32x40x40+8x32x40x40,"{""kind"": ""list"", ""items"": [{""shape"": [8, 32, 40, 40], ""dtype"": ""float32""}, {""shape"": [8, 32, 40, 40], ""dtype"": ""float32""}]}","[{""shape"": [8, 64, 40, 40], ""dtype"": ""float32""}]",0,8.4.148,2026-09-14T03:55:11+00:00
yolo26n,fp32,8,640,leaf,76,13,m.0.cv3,Conv,13,bc9623952c96478f,"Conv[64->64,k1,s1]@8x64x40x40","{""kind"": ""tensor"", ""shape"": [8, 64, 40, 40], ""dtype"": ""float32""}","[{""shape"": [8, 64, 40, 40], ""dtype"": ""float32""}]",4160,8.4.148,2026-09-14T03:55:11+00:00
yolo26n,fp32,8,640,leaf,77,13,op:cat,op:cat,13,2ee7af077dd27231,op:cat[1]@8x64x40x40+8x64x40x40+8x64x40x40,"{""kind"": ""list"", ""items"": [{""shape"": [8, 64, 40, 40], ""dtype"": ""float32""}, {""shape"": [8, 64, 40, 40], ""dtype"": ""float32""}, {""shape"": [8, 64, 40, 40], ""dtype"": ""float32""}]}","[{""shape"": [8, 192, 40, 40], ""dtype"": ""float32""}]",0,8.4.148,2026-09-14T03:55:11+00:00
yolo26n,fp32,8,640,leaf,78,13,cv2,Conv,13,c14bd75be4995d5c,"Conv[192->128,k1,s1]@8x192x40x40","{""kind"": ""tensor"", ""shape"": [8, 192, 40, 40], ""dtype"": ""float32""}","[{""shape"": [8, 128, 40, 40], ""dtype"": ""float32""}]",24704,8.4.148,2026-09-14T03:55:11+00:00
yolo26n,fp32,8,640,leaf,79,14,,Upsample,14,dcf532f79a5f0a45,"Upsample[x2.0,nearest]@8x128x40x40","{""kind"": ""tensor"", ""shape"": [8, 128, 40, 40], ""dtype"": ""float32""}","[{""shape"": [8, 128, 80, 80], ""dtype"": ""float32""}]",0,8.4.148,2026-09-14T03:55:11+00:00
yolo26n,fp32,8,640,leaf,80,15,,Concat,15,194b3483bfa7a438,Concat[d=1]@8x128x80x80+8x128x80x80,"{""kind"": ""list"", ""items"": [{""shape"": [8, 128, 80, 80], ""dtype"": ""float32""}, {""shape"": [8, 128, 80, 80], ""dtype"": ""float32""}]}","[{""shape"": [8, 256, 80, 80], ""dtype"": ""float32""}]",0,8.4.148,2026-09-14T03:55:11+00:00
yolo26n,fp32,8,640,leaf,81,16,cv1,Conv,16,b6f0d9c581bde575,"Conv[256->64,k1,s1]@8x256x80x80","{""kind"": ""tensor"", ""shape"": [8, 256, 80, 80], ""dtype"": ""float32""}","[{""shape"": [8, 64, 80, 80], ""dtype"": ""float32""}]",16448,8.4.148,2026-09-14T03:55:11+00:00
yolo26n,fp32,8,640,leaf,82,16,op:chunk,op:chunk,16,a23c6333990c4093,"op:chunk[2,1]@8x64x80x80","{""kind"": ""list"", ""items"": [{""shape"": [8, 64, 80, 80], ""dtype"": ""float32""}]}","[{""shape"": [8, 32, 80, 80], ""dtype"": ""float32""}, {""shape"": [8, 32, 80, 80], ""dtype"": ""float32""}]",0,8.4.148,2026-09-14T03:55:11+00:00
yolo26n,fp32,8,640,leaf,83,16,m.0.cv1,Conv,16,0f53829ebeeb49be,"Conv[32->16,k1,s1]@8x32x80x80","{""kind"": ""tensor"", ""shape"": [8, 32, 80, 80], ""dtype"": ""float32""}","[{""shape"": [8, 16, 80, 80], ""dtype"": ""float32""}]",528,8.4.148,2026-09-14T03:55:11+00:00
yolo26n,fp32,8,640,leaf,84,16,m.0.m.0.cv1,Conv,16,708e7db2db4d38db,"Conv[16->16,k3,s1]@8x16x80x80","{""kind"": ""tensor"", ""shape"": [8, 16, 80, 80], ""dtype"": ""float32""}","[{""shape"": [8, 16, 80, 80], ""dtype"": ""float32""}]",2320,8.4.148,2026-09-14T03:55:11+00:00
yolo26n,fp32,8,640,leaf,85,16,m.0.m.0.cv2,Conv,16,708e7db2db4d38db,"Conv[16->16,k3,s1]@8x16x80x80","{""kind"": ""tensor"", ""shape"": [8, 16, 80, 80], ""dtype"": ""float32""}","[{""shape"": [8, 16, 80, 80], ""dtype"": ""float32""}]",2320,8.4.148,2026-09-14T03:55:11+00:00
yolo26n,fp32,8,640,leaf,86,16,op:add,op:add,16,cf1471976a50762d,op:add[]@8x16x80x80+8x16x80x80,"{""kind"": ""list"", ""items"": [{""shape"": [8, 16, 80, 80], ""dtype"": ""float32""}, {""shape"": [8, 16, 80, 80], ""dtype"": ""float32""}]}","[{""shape"": [8, 16, 80, 80], ""dtype"": ""float32""}]",0,8.4.148,2026-09-14T03:55:11+00:00
yolo26n,fp32,8,640,leaf,87,16,m.0.m.1.cv1,Conv,16,708e7db2db4d38db,"Conv[16->16,k3,s1]@8x16x80x80","{""kind"": ""tensor"", ""shape"": [8, 16, 80, 80], ""dtype"": ""float32""}","[{""shape"": [8, 16, 80, 80], ""dtype"": ""float32""}]",2320,8.4.148,2026-09-14T03:55:11+00:00
yolo26n,fp32,8,640,leaf,88,16,m.0.m.1.cv2,Conv,16,708e7db2db4d38db,"Conv[16->16,k3,s1]@8x16x80x80","{""kind"": ""tensor"", ""shape"": [8, 16, 80, 80], ""dtype"": ""float32""}","[{""shape"": [8, 16, 80, 80], ""dtype"": ""float32""}]",2320,8.4.148,2026-09-14T03:55:11+00:00
yolo26n,fp32,8,640,leaf,89,16,op:add,op:add,16,cf1471976a50762d,op:add[]@8x16x80x80+8x16x80x80,"{""kind"": ""list"", ""items"": [{""shape"": [8, 16, 80, 80], ""dtype"": ""float32""}, {""shape"": [8, 16, 80, 80], ""dtype"": ""float32""}]}","[{""shape"": [8, 16, 80, 80], ""dtype"": ""float32""}]",0,8.4.148,2026-09-14T03:55:11+00:00
yolo26n,fp32,8,640,leaf,90,16,m.0.cv2,Conv,16,0f53829ebeeb49be,"Conv[32->16,k1,s1]@8x32x80x80","{""kind"": ""tensor"", ""shape"": [8, 32, 80, 80], ""dtype"": ""float32""}","[{""shape"": [8, 16, 80, 80], ""dtype"": ""float32""}]",528,8.4.148,2026-09-14T03:55:11+00:00
yolo26n,fp32,8,640,leaf,91,16,op:cat,op:cat,16,94ff8f3658a5ab9a,op:cat[1]@8x16x80x80+8x16x80x80,"{""kind"": ""list"", ""items"": [{""shape"": [8, 16, 80, 80], ""dtype"": ""float32""}, {""shape"": [8, 16, 80, 80], ""dtype"": ""float32""}]}","[{""shape"": [8, 32, 80, 80], ""dtype"": ""float32""}]",0,8.4.148,2026-09-14T03:55:11+00:00
yolo26n,fp32,8,640,leaf,92,16,m.0.cv3,Conv,16,ebefd8fb4163731d,"Conv[32->32,k1,s1]@8x32x80x80","{""kind"": ""tensor"", ""shape"": [8, 32, 80, 80], ""dtype"": ""float32""}","[{""shape"": [8, 32, 80, 80], ""dtype"": ""float32""}]",1056,8.4.148,2026-09-14T03:55:11+00:00
yolo26n,fp32,8,640,leaf,93,16,op:cat,op:cat,16,362d816621cafae7,op:cat[1]@8x32x80x80+8x32x80x80+8x32x80x80,"{""kind"": ""list"", ""items"": [{""shape"": [8, 32, 80, 80], ""dtype"": ""float32""}, {""shape"": [8, 32, 80, 80], ""dtype"": ""float32""}, {""shape"": [8, 32, 80, 80], ""dtype"": ""float32""}]}","[{""shape"": [8, 96, 80, 80], ""dtype"": ""float32""}]",0,8.4.148,2026-09-14T03:55:11+00:00
yolo26n,fp32,8,640,leaf,94,16,cv2,Conv,16,d1cd7cf4eca42a10,"Conv[96->64,k1,s1]@8x96x80x80","{""kind"": ""tensor"", ""shape"": [8, 96, 80, 80], ""dtype"": ""float32""}","[{""shape"": [8, 64, 80, 80], ""dtype"": ""float32""}]",6208,8.4.148,2026-09-14T03:55:11+00:00
yolo26n,fp32,8,640,leaf,95,17,,Conv,17,becf7db63facf8cb,"Conv[64->64,k3,s2]@8x64x80x80","{""kind"": ""tensor"", ""shape"": [8, 64, 80, 80], ""dtype"": ""float32""}","[{""shape"": [8, 64, 40, 40], ""dtype"": ""float32""}]",36928,8.4.148,2026-09-14T03:55:11+00:00
yolo26n,fp32,8,640,leaf,96,18,,Concat,18,3d386fafcf8c657a,Concat[d=1]@8x64x40x40+8x128x40x40,"{""kind"": ""list"", ""items"": [{""shape"": [8, 64, 40, 40], ""dtype"": ""float32""}, {""shape"": [8, 128, 40, 40], ""dtype"": ""float32""}]}","[{""shape"": [8, 192, 40, 40], ""dtype"": ""float32""}]",0,8.4.148,2026-09-14T03:55:11+00:00
yolo26n,fp32,8,640,leaf,97,19,cv1,Conv,19,c14bd75be4995d5c,"Conv[192->128,k1,s1]@8x192x40x40","{""kind"": ""tensor"", ""shape"": [8, 192, 40, 40], ""dtype"": ""float32""}","[{""shape"": [8, 128, 40, 40], ""dtype"": ""float32""}]",24704,8.4.148,2026-09-14T03:55:11+00:00
yolo26n,fp32,8,640,leaf,98,19,op:chunk,op:chunk,19,b42bbc9dc658a45a,"op:chunk[2,1]@8x128x40x40","{""kind"": ""list"", ""items"": [{""shape"": [8, 128, 40, 40], ""dtype"": ""float32""}]}","[{""shape"": [8, 64, 40, 40], ""dtype"": ""float32""}, {""shape"": [8, 64, 40, 40], ""dtype"": ""float32""}]",0,8.4.148,2026-09-14T03:55:11+00:00
yolo26n,fp32,8,640,leaf,99,19,m.0.cv1,Conv,19,7a7d17644bc01c3d,"Conv[64->32,k1,s1]@8x64x40x40","{""kind"": ""tensor"", ""shape"": [8, 64, 40, 40], ""dtype"": ""float32""}","[{""shape"": [8, 32, 40, 40], ""dtype"": ""float32""}]",2080,8.4.148,2026-09-14T03:55:11+00:00
yolo26n,fp32,8,640,leaf,100,19,m.0.m.0.cv1,Conv,19,eacc723220bf70ed,"Conv[32->32,k3,s1]@8x32x40x40","{""kind"": ""tensor"", ""shape"": [8, 32, 40, 40], ""dtype"": ""float32""}","[{""shape"": [8, 32, 40, 40], ""dtype"": ""float32""}]",9248,8.4.148,2026-09-14T03:55:11+00:00
yolo26n,fp32,8,640,leaf,101,19,m.0.m.0.cv2,Conv,19,eacc723220bf70ed,"Conv[32->32,k3,s1]@8x32x40x40","{""kind"": ""tensor"", ""shape"": [8, 32, 40, 40], ""dtype"": ""float32""}","[{""shape"": [8, 32, 40, 40], ""dtype"": ""float32""}]",9248,8.4.148,2026-09-14T03:55:11+00:00
yolo26n,fp32,8,640,leaf,102,19,op:add,op:add,19,4410586e9b6b4062,op:add[]@8x32x40x40+8x32x40x40,"{""kind"": ""list"", ""items"": [{""shape"": [8, 32, 40, 40], ""dtype"": ""float32""}, {""shape"": [8, 32, 40, 40], ""dtype"": ""float32""}]}","[{""shape"": [8, 32, 40, 40], ""dtype"": ""float32""}]",0,8.4.148,2026-09-14T03:55:11+00:00
yolo26n,fp32,8,640,leaf,103,19,m.0.m.1.cv1,Conv,19,eacc723220bf70ed,"Conv[32->32,k3,s1]@8x32x40x40","{""kind"": ""tensor"", ""shape"": [8, 32, 40, 40], ""dtype"": ""float32""}","[{""shape"": [8, 32, 40, 40], ""dtype"": ""float32""}]",9248,8.4.148,2026-09-14T03:55:11+00:00
yolo26n,fp32,8,640,leaf,104,19,m.0.m.1.cv2,Conv,19,eacc723220bf70ed,"Conv[32->32,k3,s1]@8x32x40x40","{""kind"": ""tensor"", ""shape"": [8, 32, 40, 40], ""dtype"": ""float32""}","[{""shape"": [8, 32, 40, 40], ""dtype"": ""float32""}]",9248,8.4.148,2026-09-14T03:55:11+00:00
yolo26n,fp32,8,640,leaf,105,19,op:add,op:add,19,4410586e9b6b4062,op:add[]@8x32x40x40+8x32x40x40,"{""kind"": ""list"", ""items"": [{""shape"": [8, 32, 40, 40], ""dtype"": ""float32""}, {""shape"": [8, 32, 40, 40], ""dtype"": ""float32""}]}","[{""shape"": [8, 32, 40, 40], ""dtype"": ""float32""}]",0,8.4.148,2026-09-14T03:55:11+00:00
yolo26n,fp32,8,640,leaf,106,19,m.0.cv2,Conv,19,7a7d17644bc01c3d,"Conv[64->32,k1,s1]@8x64x40x40","{""kind"": ""tensor"", ""shape"": [8, 64, 40, 40], ""dtype"": ""float32""}","[{""shape"": [8, 32, 40, 40], ""dtype"": ""float32""}]",2080,8.4.148,2026-09-14T03:55:11+00:00
yolo26n,fp32,8,640,leaf,107,19,op:cat,op:cat,19,01d33970c0d196b9,op:cat[1]@8x32x40x40+8x32x40x40,"{""kind"": ""list"", ""items"": [{""shape"": [8, 32, 40, 40], ""dtype"": ""float32""}, {""shape"": [8, 32, 40, 40], ""dtype"": ""float32""}]}","[{""shape"": [8, 64, 40, 40], ""dtype"": ""float32""}]",0,8.4.148,2026-09-14T03:55:11+00:00
yolo26n,fp32,8,640,leaf,108,19,m.0.cv3,Conv,19,bc9623952c96478f,"Conv[64->64,k1,s1]@8x64x40x40","{""kind"": ""tensor"", ""shape"": [8, 64, 40, 40], ""dtype"": ""float32""}","[{""shape"": [8, 64, 40, 40], ""dtype"": ""float32""}]",4160,8.4.148,2026-09-14T03:55:11+00:00
yolo26n,fp32,8,640,leaf,109,19,op:cat,op:cat,19,2ee7af077dd27231,op:cat[1]@8x64x40x40+8x64x40x40+8x64x40x40,"{""kind"": ""list"", ""items"": [{""shape"": [8, 64, 40, 40], ""dtype"": ""float32""}, {""shape"": [8, 64, 40, 40], ""dtype"": ""float32""}, {""shape"": [8, 64, 40, 40], ""dtype"": ""float32""}]}","[{""shape"": [8, 192, 40, 40], ""dtype"": ""float32""}]",0,8.4.148,2026-09-14T03:55:11+00:00
yolo26n,fp32,8,640,leaf,110,19,cv2,Conv,19,c14bd75be4995d5c,"Conv[192->128,k1,s1]@8x192x40x40","{""kind"": ""tensor"", ""shape"": [8, 192, 40, 40], ""dtype"": ""float32""}","[{""shape"": [8, 128, 40, 40], ""dtype"": ""float32""}]",24704,8.4.148,2026-09-14T03:55:11+00:00
yolo26n,fp32,8,640,leaf,111,20,,Conv,20,648c58e5f30d82ce,"Conv[128->128,k3,s2]@8x128x40x40","{""kind"": ""tensor"", ""shape"": [8, 128, 40, 40], ""dtype"": ""float32""}","[{""shape"": [8, 128, 20, 20], ""dtype"": ""float32""}]",147584,8.4.148,2026-09-14T03:55:11+00:00
yolo26n,fp32,8,640,leaf,112,21,,Concat,21,e395ff40d08d1669,Concat[d=1]@8x128x20x20+8x256x20x20,"{""kind"": ""list"", ""items"": [{""shape"": [8, 128, 20, 20], ""dtype"": ""float32""}, {""shape"": [8, 256, 20, 20], ""dtype"": ""float32""}]}","[{""shape"": [8, 384, 20, 20], ""dtype"": ""float32""}]",0,8.4.148,2026-09-14T03:55:11+00:00
yolo26n,fp32,8,640,leaf,113,22,cv1,Conv,22,be821ee598fe0a12,"Conv[384->256,k1,s1]@8x384x20x20","{""kind"": ""tensor"", ""shape"": [8, 384, 20, 20], ""dtype"": ""float32""}","[{""shape"": [8, 256, 20, 20], ""dtype"": ""float32""}]",98560,8.4.148,2026-09-14T03:55:11+00:00
yolo26n,fp32,8,640,leaf,114,22,op:chunk,op:chunk,22,6fa30f7007c850e8,"op:chunk[2,1]@8x256x20x20","{""kind"": ""list"", ""items"": [{""shape"": [8, 256, 20, 20], ""dtype"": ""float32""}]}","[{""shape"": [8, 128, 20, 20], ""dtype"": ""float32""}, {""shape"": [8, 128, 20, 20], ""dtype"": ""float32""}]",0,8.4.148,2026-09-14T03:55:11+00:00
yolo26n,fp32,8,640,leaf,115,22,m.0.0.cv1,Conv,22,d75c4075f757630f,"Conv[128->64,k3,s1]@8x128x20x20","{""kind"": ""tensor"", ""shape"": [8, 128, 20, 20], ""dtype"": ""float32""}","[{""shape"": [8, 64, 20, 20], ""dtype"": ""float32""}]",73792,8.4.148,2026-09-14T03:55:11+00:00
yolo26n,fp32,8,640,leaf,116,22,m.0.0.cv2,Conv,22,1626aa0a480bda2a,"Conv[64->128,k3,s1]@8x64x20x20","{""kind"": ""tensor"", ""shape"": [8, 64, 20, 20], ""dtype"": ""float32""}","[{""shape"": [8, 128, 20, 20], ""dtype"": ""float32""}]",73856,8.4.148,2026-09-14T03:55:11+00:00
yolo26n,fp32,8,640,leaf,117,22,op:add,op:add,22,3a98736d0a3a3140,op:add[]@8x128x20x20+8x128x20x20,"{""kind"": ""list"", ""items"": [{""shape"": [8, 128, 20, 20], ""dtype"": ""float32""}, {""shape"": [8, 128, 20, 20], ""dtype"": ""float32""}]}","[{""shape"": [8, 128, 20, 20], ""dtype"": ""float32""}]",0,8.4.148,2026-09-14T03:55:11+00:00
yolo26n,fp32,8,640,leaf,118,22,m.0.1.attn,Attention,22,fb6f6e8bf37ee3fc,"Attention[128->128,p=50816]@8x128x20x20","{""kind"": ""tensor"", ""shape"": [8, 128, 20, 20], ""dtype"": ""float32""}","[{""shape"": [8, 128, 20, 20], ""dtype"": ""float32""}]",50816,8.4.148,2026-09-14T03:55:11+00:00
yolo26n,fp32,8,640,leaf,119,22,op:add,op:add,22,3a98736d0a3a3140,op:add[]@8x128x20x20+8x128x20x20,"{""kind"": ""list"", ""items"": [{""shape"": [8, 128, 20, 20], ""dtype"": ""float32""}, {""shape"": [8, 128, 20, 20], ""dtype"": ""float32""}]}","[{""shape"": [8, 128, 20, 20], ""dtype"": ""float32""}]",0,8.4.148,2026-09-14T03:55:11+00:00
yolo26n,fp32,8,640,leaf,120,22,m.0.1.ffn.0,Conv,22,3b5a6d02ba33cf0a,"Conv[128->256,k1,s1]@8x128x20x20","{""kind"": ""tensor"", ""shape"": [8, 128, 20, 20], ""dtype"": ""float32""}","[{""shape"": [8, 256, 20, 20], ""dtype"": ""float32""}]",33024,8.4.148,2026-09-14T03:55:11+00:00
yolo26n,fp32,8,640,leaf,121,22,m.0.1.ffn.1,Conv,22,f13e117d28a39578,"Conv[256->128,k1,s1]@8x256x20x20","{""kind"": ""tensor"", ""shape"": [8, 256, 20, 20], ""dtype"": ""float32""}","[{""shape"": [8, 128, 20, 20], ""dtype"": ""float32""}]",32896,8.4.148,2026-09-14T03:55:11+00:00
yolo26n,fp32,8,640,leaf,122,22,op:add,op:add,22,3a98736d0a3a3140,op:add[]@8x128x20x20+8x128x20x20,"{""kind"": ""list"", ""items"": [{""shape"": [8, 128, 20, 20], ""dtype"": ""float32""}, {""shape"": [8, 128, 20, 20], ""dtype"": ""float32""}]}","[{""shape"": [8, 128, 20, 20], ""dtype"": ""float32""}]",0,8.4.148,2026-09-14T03:55:11+00:00
yolo26n,fp32,8,640,leaf,123,22,op:cat,op:cat,22,999a5e042f3db464,op:cat[1]@8x128x20x20+8x128x20x20+8x128x20x20,"{""kind"": ""list"", ""items"": [{""shape"": [8, 128, 20, 20], ""dtype"": ""float32""}, {""shape"": [8, 128, 20, 20], ""dtype"": ""float32""}, {""shape"": [8, 128, 20, 20], ""dtype"": ""float32""}]}","[{""shape"": [8, 384, 20, 20], ""dtype"": ""float32""}]",0,8.4.148,2026-09-14T03:55:11+00:00
yolo26n,fp32,8,640,leaf,124,22,cv2,Conv,22,be821ee598fe0a12,"Conv[384->256,k1,s1]@8x384x20x20","{""kind"": ""tensor"", ""shape"": [8, 384, 20, 20], ""dtype"": ""float32""}","[{""shape"": [8, 256, 20, 20], ""dtype"": ""float32""}]",98560,8.4.148,2026-09-14T03:55:11+00:00
yolo26n,fp32,8,640,leaf,125,23,,Detect,23,081b9aecfae6f840,"Detect[nc=80,e2e]@8x64x80x80+8x128x40x40+8x256x20x20","{""kind"": ""list"", ""items"": [{""shape"": [8, 64, 80, 80], ""dtype"": ""float32""}, {""shape"": [8, 128, 40, 40], ""dtype"": ""float32""}, {""shape"": [8, 256, 20, 20], ""dtype"": ""float32""}]}","[{""shape"": [8, 300, 6], ""dtype"": ""float32""}, {""shape"": [8, 4, 8400], ""dtype"": ""float32""}, {""shape"": [8, 80, 8400], ""dtype"": ""float32""}, {""shape"": [8, 64, 80, 80], ""dtype"": ""float32""}, {""shape"": [8, 128, 40, 40], ""dtype"": ""float32""}, {""shape"": [8, 256, 20, 20], ""dtype"": ""float32""}]",153564,8.4.148,2026-09-14T03:55:11+00:00
yolo26s,fp32,8,640,leaf,0,0,,Conv,0,79be5195c4b2598b,"Conv[3->32,k3,s2]@8x3x640x640","{""kind"": ""tensor"", ""shape"": [8, 3, 640, 640], ""dtype"": ""float32""}","[{""shape"": [8, 32, 320, 320], ""dtype"": ""float32""}]",896,8.4.148,2026-09-14T04:02:12+00:00
yolo26s,fp32,8,640,leaf,1,1,,Conv,1,535c158cbf058393,"Conv[32->64,k3,s2]@8x32x320x320","{""kind"": ""tensor"", ""shape"": [8, 32, 320, 320], ""dtype"": ""float32""}","[{""shape"": [8, 64, 160, 160], ""dtype"": ""float32""}]",18496,8.4.148,2026-09-14T04:02:12+00:00
yolo26s,fp32,8,640,leaf,2,2,cv1,Conv,2,c1df39920843bb32,"Conv[64->64,k1,s1]@8x64x160x160","{""kind"": ""tensor"", ""shape"": [8, 64, 160, 160], ""dtype"": ""float32""}","[{""shape"": [8, 64, 160, 160], ""dtype"": ""float32""}]",4160,8.4.148,2026-09-14T04:02:12+00:00
yolo26s,fp32,8,640,leaf,3,2,op:chunk,op:chunk,2,0320c3e1732837de,"op:chunk[2,1]@8x64x160x160","{""kind"": ""list"", ""items"": [{""shape"": [8, 64, 160, 160], ""dtype"": ""float32""}]}","[{""shape"": [8, 32, 160, 160], ""dtype"": ""float32""}, {""shape"": [8, 32, 160, 160], ""dtype"": ""float32""}]",0,8.4.148,2026-09-14T04:02:12+00:00
yolo26s,fp32,8,640,leaf,4,2,m.0.cv1,Conv,2,a2bc040faa74e65e,"Conv[32->16,k3,s1]@8x32x160x160","{""kind"": ""tensor"", ""shape"": [8, 32, 160, 160], ""dtype"": ""float32""}","[{""shape"": [8, 16, 160, 160], ""dtype"": ""float32""}]",4624,8.4.148,2026-09-14T04:02:12+00:00
yolo26s,fp32,8,640,leaf,5,2,m.0.cv2,Conv,2,ef9d98c86320cda1,"Conv[16->32,k3,s1]@8x16x160x160","{""kind"": ""tensor"", ""shape"": [8, 16, 160, 160], ""dtype"": ""float32""}","[{""shape"": [8, 32, 160, 160], ""dtype"": ""float32""}]",4640,8.4.148,2026-09-14T04:02:12+00:00
yolo26s,fp32,8,640,leaf,6,2,op:add,op:add,2,b4416687b299015a,op:add[]@8x32x160x160+8x32x160x160,"{""kind"": ""list"", ""items"": [{""shape"": [8, 32, 160, 160], ""dtype"": ""float32""}, {""shape"": [8, 32, 160, 160], ""dtype"": ""float32""}]}","[{""shape"": [8, 32, 160, 160], ""dtype"": ""float32""}]",0,8.4.148,2026-09-14T04:02:12+00:00
yolo26s,fp32,8,640,leaf,7,2,op:cat,op:cat,2,021b0d7db49ba64f,op:cat[1]@8x32x160x160+8x32x160x160+8x32x160x160,"{""kind"": ""list"", ""items"": [{""shape"": [8, 32, 160, 160], ""dtype"": ""float32""}, {""shape"": [8, 32, 160, 160], ""dtype"": ""float32""}, {""shape"": [8, 32, 160, 160], ""dtype"": ""float32""}]}","[{""shape"": [8, 96, 160, 160], ""dtype"": ""float32""}]",0,8.4.148,2026-09-14T04:02:12+00:00
yolo26s,fp32,8,640,leaf,8,2,cv2,Conv,2,16a947880fff5034,"Conv[96->128,k1,s1]@8x96x160x160","{""kind"": ""tensor"", ""shape"": [8, 96, 160, 160], ""dtype"": ""float32""}","[{""shape"": [8, 128, 160, 160], ""dtype"": ""float32""}]",12416,8.4.148,2026-09-14T04:02:12+00:00
yolo26s,fp32,8,640,leaf,9,3,,Conv,3,e1488cca9ac14624,"Conv[128->128,k3,s2]@8x128x160x160","{""kind"": ""tensor"", ""shape"": [8, 128, 160, 160], ""dtype"": ""float32""}","[{""shape"": [8, 128, 80, 80], ""dtype"": ""float32""}]",147584,8.4.148,2026-09-14T04:02:12+00:00
yolo26s,fp32,8,640,leaf,10,4,cv1,Conv,4,7581abc56c54a219,"Conv[128->128,k1,s1]@8x128x80x80","{""kind"": ""tensor"", ""shape"": [8, 128, 80, 80], ""dtype"": ""float32""}","[{""shape"": [8, 128, 80, 80], ""dtype"": ""float32""}]",16512,8.4.148,2026-09-14T04:02:12+00:00
yolo26s,fp32,8,640,leaf,11,4,op:chunk,op:chunk,4,a70d43ce301e654d,"op:chunk[2,1]@8x128x80x80","{""kind"": ""list"", ""items"": [{""shape"": [8, 128, 80, 80], ""dtype"": ""float32""}]}","[{""shape"": [8, 64, 80, 80], ""dtype"": ""float32""}, {""shape"": [8, 64, 80, 80], ""dtype"": ""float32""}]",0,8.4.148,2026-09-14T04:02:12+00:00
yolo26s,fp32,8,640,leaf,12,4,m.0.cv1,Conv,4,b4b590212ed42bcd,"Conv[64->32,k3,s1]@8x64x80x80","{""kind"": ""tensor"", ""shape"": [8, 64, 80, 80], ""dtype"": ""float32""}","[{""shape"": [8, 32, 80, 80], ""dtype"": ""float32""}]",18464,8.4.148,2026-09-14T04:02:12+00:00
yolo26s,fp32,8,640,leaf,13,4,m.0.cv2,Conv,4,4980c6850e31015e,"Conv[32->64,k3,s1]@8x32x80x80","{""kind"": ""tensor"", ""shape"": [8, 32, 80, 80], ""dtype"": ""float32""}","[{""shape"": [8, 64, 80, 80], ""dtype"": ""float32""}]",18496,8.4.148,2026-09-14T04:02:12+00:00
yolo26s,fp32,8,640,leaf,14,4,op:add,op:add,4,cec2cea73f8ecdfb,op:add[]@8x64x80x80+8x64x80x80,"{""kind"": ""list"", ""items"": [{""shape"": [8, 64, 80, 80], ""dtype"": ""float32""}, {""shape"": [8, 64, 80, 80], ""dtype"": ""float32""}]}","[{""shape"": [8, 64, 80, 80], ""dtype"": ""float32""}]",0,8.4.148,2026-09-14T04:02:12+00:00
yolo26s,fp32,8,640,leaf,15,4,op:cat,op:cat,4,90c743514f828986,op:cat[1]@8x64x80x80+8x64x80x80+8x64x80x80,"{""kind"": ""list"", ""items"": [{""shape"": [8, 64, 80, 80], ""dtype"": ""float32""}, {""shape"": [8, 64, 80, 80], ""dtype"": ""float32""}, {""shape"": [8, 64, 80, 80], ""dtype"": ""float32""}]}","[{""shape"": [8, 192, 80, 80], ""dtype"": ""float32""}]",0,8.4.148,2026-09-14T04:02:12+00:00
yolo26s,fp32,8,640,leaf,16,4,cv2,Conv,4,c7d14ed93ca8e7b1,"Conv[192->256,k1,s1]@8x192x80x80","{""kind"": ""tensor"", ""shape"": [8, 192, 80, 80], ""dtype"": ""float32""}","[{""shape"": [8, 256, 80, 80], ""dtype"": ""float32""}]",49408,8.4.148,2026-09-14T04:02:12+00:00
yolo26s,fp32,8,640,leaf,17,5,,Conv,5,634500bb0efebbd0,"Conv[256->256,k3,s2]@8x256x80x80","{""kind"": ""tensor"", ""shape"": [8, 256, 80, 80], ""dtype"": ""float32""}","[{""shape"": [8, 256, 40, 40], ""dtype"": ""float32""}]",590080,8.4.148,2026-09-14T04:02:12+00:00
yolo26s,fp32,8,640,leaf,18,6,cv1,Conv,6,11e62c61d8271a9e,"Conv[256->256,k1,s1]@8x256x40x40","{""kind"": ""tensor"", ""shape"": [8, 256, 40, 40], ""dtype"": ""float32""}","[{""shape"": [8, 256, 40, 40], ""dtype"": ""float32""}]",65792,8.4.148,2026-09-14T04:02:12+00:00
yolo26s,fp32,8,640,leaf,19,6,op:chunk,op:chunk,6,697377aeee20dc23,"op:chunk[2,1]@8x256x40x40","{""kind"": ""list"", ""items"": [{""shape"": [8, 256, 40, 40], ""dtype"": ""float32""}]}","[{""shape"": [8, 128, 40, 40], ""dtype"": ""float32""}, {""shape"": [8, 128, 40, 40], ""dtype"": ""float32""}]",0,8.4.148,2026-09-14T04:02:12+00:00
yolo26s,fp32,8,640,leaf,20,6,m.0.cv1,Conv,6,5fe894351a480af7,"Conv[128->64,k1,s1]@8x128x40x40","{""kind"": ""tensor"", ""shape"": [8, 128, 40, 40], ""dtype"": ""float32""}","[{""shape"": [8, 64, 40, 40], ""dtype"": ""float32""}]",8256,8.4.148,2026-09-14T04:02:12+00:00
yolo26s,fp32,8,640,leaf,21,6,m.0.m.0.cv1,Conv,6,15068649db15cc6b,"Conv[64->64,k3,s1]@8x64x40x40","{""kind"": ""tensor"", ""shape"": [8, 64, 40, 40], ""dtype"": ""float32""}","[{""shape"": [8, 64, 40, 40], ""dtype"": ""float32""}]",36928,8.4.148,2026-09-14T04:02:12+00:00
yolo26s,fp32,8,640,leaf,22,6,m.0.m.0.cv2,Conv,6,15068649db15cc6b,"Conv[64->64,k3,s1]@8x64x40x40","{""kind"": ""tensor"", ""shape"": [8, 64, 40, 40], ""dtype"": ""float32""}","[{""shape"": [8, 64, 40, 40], ""dtype"": ""float32""}]",36928,8.4.148,2026-09-14T04:02:12+00:00
yolo26s,fp32,8,640,leaf,23,6,op:add,op:add,6,911ba2a880f5c0c6,op:add[]@8x64x40x40+8x64x40x40,"{""kind"": ""list"", ""items"": [{""shape"": [8, 64, 40, 40], ""dtype"": ""float32""}, {""shape"": [8, 64, 40, 40], ""dtype"": ""float32""}]}","[{""shape"": [8, 64, 40, 40], ""dtype"": ""float32""}]",0,8.4.148,2026-09-14T04:02:12+00:00
yolo26s,fp32,8,640,leaf,24,6,m.0.m.1.cv1,Conv,6,15068649db15cc6b,"Conv[64->64,k3,s1]@8x64x40x40","{""kind"": ""tensor"", ""shape"": [8, 64, 40, 40], ""dtype"": ""float32""}","[{""shape"": [8, 64, 40, 40], ""dtype"": ""float32""}]",36928,8.4.148,2026-09-14T04:02:12+00:00
yolo26s,fp32,8,640,leaf,25,6,m.0.m.1.cv2,Conv,6,15068649db15cc6b,"Conv[64->64,k3,s1]@8x64x40x40","{""kind"": ""tensor"", ""shape"": [8, 64, 40, 40], ""dtype"": ""float32""}","[{""shape"": [8, 64, 40, 40], ""dtype"": ""float32""}]",36928,8.4.148,2026-09-14T04:02:12+00:00
yolo26s,fp32,8,640,leaf,26,6,op:add,op:add,6,911ba2a880f5c0c6,op:add[]@8x64x40x40+8x64x40x40,"{""kind"": ""list"", ""items"": [{""shape"": [8, 64, 40, 40], ""dtype"": ""float32""}, {""shape"": [8, 64, 40, 40], ""dtype"": ""float32""}]}","[{""shape"": [8, 64, 40, 40], ""dtype"": ""float32""}]",0,8.4.148,2026-09-14T04:02:12+00:00
yolo26s,fp32,8,640,leaf,27,6,m.0.cv2,Conv,6,5fe894351a480af7,"Conv[128->64,k1,s1]@8x128x40x40","{""kind"": ""tensor"", ""shape"": [8, 128, 40, 40], ""dtype"": ""float32""}","[{""shape"": [8, 64, 40, 40], ""dtype"": ""float32""}]",8256,8.4.148,2026-09-14T04:02:12+00:00
yolo26s,fp32,8,640,leaf,28,6,op:cat,op:cat,6,f372b0ee4003f202,op:cat[1]@8x64x40x40+8x64x40x40,"{""kind"": ""list"", ""items"": [{""shape"": [8, 64, 40, 40], ""dtype"": ""float32""}, {""shape"": [8, 64, 40, 40], ""dtype"": ""float32""}]}","[{""shape"": [8, 128, 40, 40], ""dtype"": ""float32""}]",0,8.4.148,2026-09-14T04:02:12+00:00
yolo26s,fp32,8,640,leaf,29,6,m.0.cv3,Conv,6,4abb475c05a2c84c,"Conv[128->128,k1,s1]@8x128x40x40","{""kind"": ""tensor"", ""shape"": [8, 128, 40, 40], ""dtype"": ""float32""}","[{""shape"": [8, 128, 40, 40], ""dtype"": ""float32""}]",16512,8.4.148,2026-09-14T04:02:12+00:00
yolo26s,fp32,8,640,leaf,30,6,op:cat,op:cat,6,9dac5cefa34ba7f9,op:cat[1]@8x128x40x40+8x128x40x40+8x128x40x40,"{""kind"": ""list"", ""items"": [{""shape"": [8, 128, 40, 40], ""dtype"": ""float32""}, {""shape"": [8, 128, 40, 40], ""dtype"": ""float32""}, {""shape"": [8, 128, 40, 40], ""dtype"": ""float32""}]}","[{""shape"": [8, 384, 40, 40], ""dtype"": ""float32""}]",0,8.4.148,2026-09-14T04:02:12+00:00
yolo26s,fp32,8,640,leaf,31,6,cv2,Conv,6,d55c34d2bd3dfbc5,"Conv[384->256,k1,s1]@8x384x40x40","{""kind"": ""tensor"", ""shape"": [8, 384, 40, 40], ""dtype"": ""float32""}","[{""shape"": [8, 256, 40, 40], ""dtype"": ""float32""}]",98560,8.4.148,2026-09-14T04:02:12+00:00
yolo26s,fp32,8,640,leaf,32,7,,Conv,7,1db9b9a5599bcf0f,"Conv[256->512,k3,s2]@8x256x40x40","{""kind"": ""tensor"", ""shape"": [8, 256, 40, 40], ""dtype"": ""float32""}","[{""shape"": [8, 512, 20, 20], ""dtype"": ""float32""}]",1180160,8.4.148,2026-09-14T04:02:12+00:00
yolo26s,fp32,8,640,leaf,33,8,cv1,Conv,8,9c6e9e5ab1db765c,"Conv[512->512,k1,s1]@8x512x20x20","{""kind"": ""tensor"", ""shape"": [8, 512, 20, 20], ""dtype"": ""float32""}","[{""shape"": [8, 512, 20, 20], ""dtype"": ""float32""}]",262656,8.4.148,2026-09-14T04:02:12+00:00
yolo26s,fp32,8,640,leaf,34,8,op:chunk,op:chunk,8,2c40623f6a4754b9,"op:chunk[2,1]@8x512x20x20","{""kind"": ""list"", ""items"": [{""shape"": [8, 512, 20, 20], ""dtype"": ""float32""}]}","[{""shape"": [8, 256, 20, 20], ""dtype"": ""float32""}, {""shape"": [8, 256, 20, 20], ""dtype"": ""float32""}]",0,8.4.148,2026-09-14T04:02:12+00:00
yolo26s,fp32,8,640,leaf,35,8,m.0.cv1,Conv,8,4df504838841a648,"Conv[256->128,k1,s1]@8x256x20x20","{""kind"": ""tensor"", ""shape"": [8, 256, 20, 20], ""dtype"": ""float32""}","[{""shape"": [8, 128, 20, 20], ""dtype"": ""float32""}]",32896,8.4.148,2026-09-14T04:02:12+00:00
yolo26s,fp32,8,640,leaf,36,8,m.0.m.0.cv1,Conv,8,34a0878a90d98d81,"Conv[128->128,k3,s1]@8x128x20x20","{""kind"": ""tensor"", ""shape"": [8, 128, 20, 20], ""dtype"": ""float32""}","[{""shape"": [8, 128, 20, 20], ""dtype"": ""float32""}]",147584,8.4.148,2026-09-14T04:02:12+00:00
yolo26s,fp32,8,640,leaf,37,8,m.0.m.0.cv2,Conv,8,34a0878a90d98d81,"Conv[128->128,k3,s1]@8x128x20x20","{""kind"": ""tensor"", ""shape"": [8, 128, 20, 20], ""dtype"": ""float32""}","[{""shape"": [8, 128, 20, 20], ""dtype"": ""float32""}]",147584,8.4.148,2026-09-14T04:02:12+00:00
yolo26s,fp32,8,640,leaf,38,8,op:add,op:add,8,3a98736d0a3a3140,op:add[]@8x128x20x20+8x128x20x20,"{""kind"": ""list"", ""items"": [{""shape"": [8, 128, 20, 20], ""dtype"": ""float32""}, {""shape"": [8, 128, 20, 20], ""dtype"": ""float32""}]}","[{""shape"": [8, 128, 20, 20], ""dtype"": ""float32""}]",0,8.4.148,2026-09-14T04:02:12+00:00
yolo26s,fp32,8,640,leaf,39,8,m.0.m.1.cv1,Conv,8,34a0878a90d98d81,"Conv[128->128,k3,s1]@8x128x20x20","{""kind"": ""tensor"", ""shape"": [8, 128, 20, 20], ""dtype"": ""float32""}","[{""shape"": [8, 128, 20, 20], ""dtype"": ""float32""}]",147584,8.4.148,2026-09-14T04:02:12+00:00
yolo26s,fp32,8,640,leaf,40,8,m.0.m.1.cv2,Conv,8,34a0878a90d98d81,"Conv[128->128,k3,s1]@8x128x20x20","{""kind"": ""tensor"", ""shape"": [8, 128, 20, 20], ""dtype"": ""float32""}","[{""shape"": [8, 128, 20, 20], ""dtype"": ""float32""}]",147584,8.4.148,2026-09-14T04:02:12+00:00
yolo26s,fp32,8,640,leaf,41,8,op:add,op:add,8,3a98736d0a3a3140,op:add[]@8x128x20x20+8x128x20x20,"{""kind"": ""list"", ""items"": [{""shape"": [8, 128, 20, 20], ""dtype"": ""float32""}, {""shape"": [8, 128, 20, 20], ""dtype"": ""float32""}]}","[{""shape"": [8, 128, 20, 20], ""dtype"": ""float32""}]",0,8.4.148,2026-09-14T04:02:12+00:00
yolo26s,fp32,8,640,leaf,42,8,m.0.cv2,Conv,8,4df504838841a648,"Conv[256->128,k1,s1]@8x256x20x20","{""kind"": ""tensor"", ""shape"": [8, 256, 20, 20], ""dtype"": ""float32""}","[{""shape"": [8, 128, 20, 20], ""dtype"": ""float32""}]",32896,8.4.148,2026-09-14T04:02:12+00:00
yolo26s,fp32,8,640,leaf,43,8,op:cat,op:cat,8,bb4ed4aca4345dea,op:cat[1]@8x128x20x20+8x128x20x20,"{""kind"": ""list"", ""items"": [{""shape"": [8, 128, 20, 20], ""dtype"": ""float32""}, {""shape"": [8, 128, 20, 20], ""dtype"": ""float32""}]}","[{""shape"": [8, 256, 20, 20], ""dtype"": ""float32""}]",0,8.4.148,2026-09-14T04:02:12+00:00
yolo26s,fp32,8,640,leaf,44,8,m.0.cv3,Conv,8,c1fc73d6286432cd,"Conv[256->256,k1,s1]@8x256x20x20","{""kind"": ""tensor"", ""shape"": [8, 256, 20, 20], ""dtype"": ""float32""}","[{""shape"": [8, 256, 20, 20], ""dtype"": ""float32""}]",65792,8.4.148,2026-09-14T04:02:12+00:00
yolo26s,fp32,8,640,leaf,45,8,op:cat,op:cat,8,f5703a252a2f0d1d,op:cat[1]@8x256x20x20+8x256x20x20+8x256x20x20,"{""kind"": ""list"", ""items"": [{""shape"": [8, 256, 20, 20], ""dtype"": ""float32""}, {""shape"": [8, 256, 20, 20], ""dtype"": ""float32""}, {""shape"": [8, 256, 20, 20], ""dtype"": ""float32""}]}","[{""shape"": [8, 768, 20, 20], ""dtype"": ""float32""}]",0,8.4.148,2026-09-14T04:02:12+00:00
yolo26s,fp32,8,640,leaf,46,8,cv2,Conv,8,db03e6ad10d04d30,"Conv[768->512,k1,s1]@8x768x20x20","{""kind"": ""tensor"", ""shape"": [8, 768, 20, 20], ""dtype"": ""float32""}","[{""shape"": [8, 512, 20, 20], ""dtype"": ""float32""}]",393728,8.4.148,2026-09-14T04:02:12+00:00
yolo26s,fp32,8,640,leaf,47,9,cv1,Conv,9,0b8f608ca57b30e6,"Conv[512->256,k1,s1]@8x512x20x20","{""kind"": ""tensor"", ""shape"": [8, 512, 20, 20], ""dtype"": ""float32""}","[{""shape"": [8, 256, 20, 20], ""dtype"": ""float32""}]",131328,8.4.148,2026-09-14T04:02:12+00:00
yolo26s,fp32,8,640,leaf,48,9,m,MaxPool2d,9,5193281b61613cb8,MaxPool2d[p=0]@8x256x20x20,"{""kind"": ""tensor"", ""shape"": [8, 256, 20, 20], ""dtype"": ""float32""}","[{""shape"": [8, 256, 20, 20], ""dtype"": ""float32""}]",0,8.4.148,2026-09-14T04:02:12+00:00
yolo26s,fp32,8,640,leaf,49,9,m,MaxPool2d,9,5193281b61613cb8,MaxPool2d[p=0]@8x256x20x20,"{""kind"": ""tensor"", ""shape"": [8, 256, 20, 20], ""dtype"": ""float32""}","[{""shape"": [8, 256, 20, 20], ""dtype"": ""float32""}]",0,8.4.148,2026-09-14T04:02:12+00:00
yolo26s,fp32,8,640,leaf,50,9,m,MaxPool2d,9,5193281b61613cb8,MaxPool2d[p=0]@8x256x20x20,"{""kind"": ""tensor"", ""shape"": [8, 256, 20, 20], ""dtype"": ""float32""}","[{""shape"": [8, 256, 20, 20], ""dtype"": ""float32""}]",0,8.4.148,2026-09-14T04:02:12+00:00
yolo26s,fp32,8,640,leaf,51,9,op:cat,op:cat,9,82eb47cc23f650c8,op:cat[1]@8x256x20x20+8x256x20x20+8x256x20x20+8x256x20x20,"{""kind"": ""list"", ""items"": [{""shape"": [8, 256, 20, 20], ""dtype"": ""float32""}, {""shape"": [8, 256, 20, 20], ""dtype"": ""float32""}, {""shape"": [8, 256, 20, 20], ""dtype"": ""float32""}, {""shape"": [8, 256, 20, 20], ""dtype"": ""float32""}]}","[{""shape"": [8, 1024, 20, 20], ""dtype"": ""float32""}]",0,8.4.148,2026-09-14T04:02:12+00:00
yolo26s,fp32,8,640,leaf,52,9,cv2,Conv,9,b5bc2b79e089be51,"Conv[1024->512,k1,s1]@8x1024x20x20","{""kind"": ""tensor"", ""shape"": [8, 1024, 20, 20], ""dtype"": ""float32""}","[{""shape"": [8, 512, 20, 20], ""dtype"": ""float32""}]",524800,8.4.148,2026-09-14T04:02:12+00:00
yolo26s,fp32,8,640,leaf,53,9,op:add,op:add,9,8be7580441d37266,op:add[]@8x512x20x20+8x512x20x20,"{""kind"": ""list"", ""items"": [{""shape"": [8, 512, 20, 20], ""dtype"": ""float32""}, {""shape"": [8, 512, 20, 20], ""dtype"": ""float32""}]}","[{""shape"": [8, 512, 20, 20], ""dtype"": ""float32""}]",0,8.4.148,2026-09-14T04:02:12+00:00
yolo26s,fp32,8,640,leaf,54,10,cv1,Conv,10,9c6e9e5ab1db765c,"Conv[512->512,k1,s1]@8x512x20x20","{""kind"": ""tensor"", ""shape"": [8, 512, 20, 20], ""dtype"": ""float32""}","[{""shape"": [8, 512, 20, 20], ""dtype"": ""float32""}]",262656,8.4.148,2026-09-14T04:02:12+00:00
yolo26s,fp32,8,640,leaf,55,10,op:split,op:split,10,db6912ff7a969a59,"op:split[[256, 256],dim=1]@8x512x20x20","{""kind"": ""list"", ""items"": [{""shape"": [8, 512, 20, 20], ""dtype"": ""float32""}]}","[{""shape"": [8, 256, 20, 20], ""dtype"": ""float32""}, {""shape"": [8, 256, 20, 20], ""dtype"": ""float32""}]",0,8.4.148,2026-09-14T04:02:12+00:00
yolo26s,fp32,8,640,leaf,56,10,m.0.attn,Attention,10,db16302334894c72,"Attention[256->256,p=199936]@8x256x20x20","{""kind"": ""tensor"", ""shape"": [8, 256, 20, 20], ""dtype"": ""float32""}","[{""shape"": [8, 256, 20, 20], ""dtype"": ""float32""}]",199936,8.4.148,2026-09-14T04:02:12+00:00
yolo26s,fp32,8,640,leaf,57,10,op:add,op:add,10,92d96cfa8127ba1e,op:add[]@8x256x20x20+8x256x20x20,"{""kind"": ""list"", ""items"": [{""shape"": [8, 256, 20, 20], ""dtype"": ""float32""}, {""shape"": [8, 256, 20, 20], ""dtype"": ""float32""}]}","[{""shape"": [8, 256, 20, 20], ""dtype"": ""float32""}]",0,8.4.148,2026-09-14T04:02:12+00:00
yolo26s,fp32,8,640,leaf,58,10,m.0.ffn.0,Conv,10,e8ea82be572f7311,"Conv[256->512,k1,s1]@8x256x20x20","{""kind"": ""tensor"", ""shape"": [8, 256, 20, 20], ""dtype"": ""float32""}","[{""shape"": [8, 512, 20, 20], ""dtype"": ""float32""}]",131584,8.4.148,2026-09-14T04:02:12+00:00
yolo26s,fp32,8,640,leaf,59,10,m.0.ffn.1,Conv,10,0b8f608ca57b30e6,"Conv[512->256,k1,s1]@8x512x20x20","{""kind"": ""tensor"", ""shape"": [8, 512, 20, 20], ""dtype"": ""float32""}","[{""shape"": [8, 256, 20, 20], ""dtype"": ""float32""}]",131328,8.4.148,2026-09-14T04:02:12+00:00
yolo26s,fp32,8,640,leaf,60,10,op:add,op:add,10,92d96cfa8127ba1e,op:add[]@8x256x20x20+8x256x20x20,"{""kind"": ""list"", ""items"": [{""shape"": [8, 256, 20, 20], ""dtype"": ""float32""}, {""shape"": [8, 256, 20, 20], ""dtype"": ""float32""}]}","[{""shape"": [8, 256, 20, 20], ""dtype"": ""float32""}]",0,8.4.148,2026-09-14T04:02:12+00:00
yolo26s,fp32,8,640,leaf,61,10,op:cat,op:cat,10,a654f0004c662648,op:cat[1]@8x256x20x20+8x256x20x20,"{""kind"": ""list"", ""items"": [{""shape"": [8, 256, 20, 20], ""dtype"": ""float32""}, {""shape"": [8, 256, 20, 20], ""dtype"": ""float32""}]}","[{""shape"": [8, 512, 20, 20], ""dtype"": ""float32""}]",0,8.4.148,2026-09-14T04:02:12+00:00
yolo26s,fp32,8,640,leaf,62,10,cv2,Conv,10,9c6e9e5ab1db765c,"Conv[512->512,k1,s1]@8x512x20x20","{""kind"": ""tensor"", ""shape"": [8, 512, 20, 20], ""dtype"": ""float32""}","[{""shape"": [8, 512, 20, 20], ""dtype"": ""float32""}]",262656,8.4.148,2026-09-14T04:02:12+00:00
yolo26s,fp32,8,640,leaf,63,11,,Upsample,11,caaddfd44b6858be,"Upsample[x2.0,nearest]@8x512x20x20","{""kind"": ""tensor"", ""shape"": [8, 512, 20, 20], ""dtype"": ""float32""}","[{""shape"": [8, 512, 40, 40], ""dtype"": ""float32""}]",0,8.4.148,2026-09-14T04:02:12+00:00
yolo26s,fp32,8,640,leaf,64,12,,Concat,12,1e64c8c3e88ef496,Concat[d=1]@8x512x40x40+8x256x40x40,"{""kind"": ""list"", ""items"": [{""shape"": [8, 512, 40, 40], ""dtype"": ""float32""}, {""shape"": [8, 256, 40, 40], ""dtype"": ""float32""}]}","[{""shape"": [8, 768, 40, 40], ""dtype"": ""float32""}]",0,8.4.148,2026-09-14T04:02:12+00:00
yolo26s,fp32,8,640,leaf,65,13,cv1,Conv,13,9c747660084dbdc2,"Conv[768->256,k1,s1]@8x768x40x40","{""kind"": ""tensor"", ""shape"": [8, 768, 40, 40], ""dtype"": ""float32""}","[{""shape"": [8, 256, 40, 40], ""dtype"": ""float32""}]",196864,8.4.148,2026-09-14T04:02:12+00:00
yolo26s,fp32,8,640,leaf,66,13,op:chunk,op:chunk,13,697377aeee20dc23,"op:chunk[2,1]@8x256x40x40","{""kind"": ""list"", ""items"": [{""shape"": [8, 256, 40, 40], ""dtype"": ""float32""}]}","[{""shape"": [8, 128, 40, 40], ""dtype"": ""float32""}, {""shape"": [8, 128, 40, 40], ""dtype"": ""float32""}]",0,8.4.148,2026-09-14T04:02:12+00:00
yolo26s,fp32,8,640,leaf,67,13,m.0.cv1,Conv,13,5fe894351a480af7,"Conv[128->64,k1,s1]@8x128x40x40","{""kind"": ""tensor"", ""shape"": [8, 128, 40, 40], ""dtype"": ""float32""}","[{""shape"": [8, 64, 40, 40], ""dtype"": ""float32""}]",8256,8.4.148,2026-09-14T04:02:12+00:00
yolo26s,fp32,8,640,leaf,68,13,m.0.m.0.cv1,Conv,13,15068649db15cc6b,"Conv[64->64,k3,s1]@8x64x40x40","{""kind"": ""tensor"", ""shape"": [8, 64, 40, 40], ""dtype"": ""float32""}","[{""shape"": [8, 64, 40, 40], ""dtype"": ""float32""}]",36928,8.4.148,2026-09-14T04:02:12+00:00
yolo26s,fp32,8,640,leaf,69,13,m.0.m.0.cv2,Conv,13,15068649db15cc6b,"Conv[64->64,k3,s1]@8x64x40x40","{""kind"": ""tensor"", ""shape"": [8, 64, 40, 40], ""dtype"": ""float32""}","[{""shape"": [8, 64, 40, 40], ""dtype"": ""float32""}]",36928,8.4.148,2026-09-14T04:02:12+00:00
yolo26s,fp32,8,640,leaf,70,13,op:add,op:add,13,911ba2a880f5c0c6,op:add[]@8x64x40x40+8x64x40x40,"{""kind"": ""list"", ""items"": [{""shape"": [8, 64, 40, 40], ""dtype"": ""float32""}, {""shape"": [8, 64, 40, 40], ""dtype"": ""float32""}]}","[{""shape"": [8, 64, 40, 40], ""dtype"": ""float32""}]",0,8.4.148,2026-09-14T04:02:12+00:00
yolo26s,fp32,8,640,leaf,71,13,m.0.m.1.cv1,Conv,13,15068649db15cc6b,"Conv[64->64,k3,s1]@8x64x40x40","{""kind"": ""tensor"", ""shape"": [8, 64, 40, 40], ""dtype"": ""float32""}","[{""shape"": [8, 64, 40, 40], ""dtype"": ""float32""}]",36928,8.4.148,2026-09-14T04:02:12+00:00
yolo26s,fp32,8,640,leaf,72,13,m.0.m.1.cv2,Conv,13,15068649db15cc6b,"Conv[64->64,k3,s1]@8x64x40x40","{""kind"": ""tensor"", ""shape"": [8, 64, 40, 40], ""dtype"": ""float32""}","[{""shape"": [8, 64, 40, 40], ""dtype"": ""float32""}]",36928,8.4.148,2026-09-14T04:02:12+00:00
yolo26s,fp32,8,640,leaf,73,13,op:add,op:add,13,911ba2a880f5c0c6,op:add[]@8x64x40x40+8x64x40x40,"{""kind"": ""list"", ""items"": [{""shape"": [8, 64, 40, 40], ""dtype"": ""float32""}, {""shape"": [8, 64, 40, 40], ""dtype"": ""float32""}]}","[{""shape"": [8, 64, 40, 40], ""dtype"": ""float32""}]",0,8.4.148,2026-09-14T04:02:12+00:00
yolo26s,fp32,8,640,leaf,74,13,m.0.cv2,Conv,13,5fe894351a480af7,"Conv[128->64,k1,s1]@8x128x40x40","{""kind"": ""tensor"", ""shape"": [8, 128, 40, 40], ""dtype"": ""float32""}","[{""shape"": [8, 64, 40, 40], ""dtype"": ""float32""}]",8256,8.4.148,2026-09-14T04:02:12+00:00
yolo26s,fp32,8,640,leaf,75,13,op:cat,op:cat,13,f372b0ee4003f202,op:cat[1]@8x64x40x40+8x64x40x40,"{""kind"": ""list"", ""items"": [{""shape"": [8, 64, 40, 40], ""dtype"": ""float32""}, {""shape"": [8, 64, 40, 40], ""dtype"": ""float32""}]}","[{""shape"": [8, 128, 40, 40], ""dtype"": ""float32""}]",0,8.4.148,2026-09-14T04:02:12+00:00
yolo26s,fp32,8,640,leaf,76,13,m.0.cv3,Conv,13,4abb475c05a2c84c,"Conv[128->128,k1,s1]@8x128x40x40","{""kind"": ""tensor"", ""shape"": [8, 128, 40, 40], ""dtype"": ""float32""}","[{""shape"": [8, 128, 40, 40], ""dtype"": ""float32""}]",16512,8.4.148,2026-09-14T04:02:12+00:00
yolo26s,fp32,8,640,leaf,77,13,op:cat,op:cat,13,9dac5cefa34ba7f9,op:cat[1]@8x128x40x40+8x128x40x40+8x128x40x40,"{""kind"": ""list"", ""items"": [{""shape"": [8, 128, 40, 40], ""dtype"": ""float32""}, {""shape"": [8, 128, 40, 40], ""dtype"": ""float32""}, {""shape"": [8, 128, 40, 40], ""dtype"": ""float32""}]}","[{""shape"": [8, 384, 40, 40], ""dtype"": ""float32""}]",0,8.4.148,2026-09-14T04:02:12+00:00
yolo26s,fp32,8,640,leaf,78,13,cv2,Conv,13,d55c34d2bd3dfbc5,"Conv[384->256,k1,s1]@8x384x40x40","{""kind"": ""tensor"", ""shape"": [8, 384, 40, 40], ""dtype"": ""float32""}","[{""shape"": [8, 256, 40, 40], ""dtype"": ""float32""}]",98560,8.4.148,2026-09-14T04:02:12+00:00
yolo26s,fp32,8,640,leaf,79,14,,Upsample,14,edb3b7efce075fc6,"Upsample[x2.0,nearest]@8x256x40x40","{""kind"": ""tensor"", ""shape"": [8, 256, 40, 40], ""dtype"": ""float32""}","[{""shape"": [8, 256, 80, 80], ""dtype"": ""float32""}]",0,8.4.148,2026-09-14T04:02:12+00:00
yolo26s,fp32,8,640,leaf,80,15,,Concat,15,b455deef8bc0d9dd,Concat[d=1]@8x256x80x80+8x256x80x80,"{""kind"": ""list"", ""items"": [{""shape"": [8, 256, 80, 80], ""dtype"": ""float32""}, {""shape"": [8, 256, 80, 80], ""dtype"": ""float32""}]}","[{""shape"": [8, 512, 80, 80], ""dtype"": ""float32""}]",0,8.4.148,2026-09-14T04:02:12+00:00
yolo26s,fp32,8,640,leaf,81,16,cv1,Conv,16,ddf0922465bce7fb,"Conv[512->128,k1,s1]@8x512x80x80","{""kind"": ""tensor"", ""shape"": [8, 512, 80, 80], ""dtype"": ""float32""}","[{""shape"": [8, 128, 80, 80], ""dtype"": ""float32""}]",65664,8.4.148,2026-09-14T04:02:12+00:00
yolo26s,fp32,8,640,leaf,82,16,op:chunk,op:chunk,16,a70d43ce301e654d,"op:chunk[2,1]@8x128x80x80","{""kind"": ""list"", ""items"": [{""shape"": [8, 128, 80, 80], ""dtype"": ""float32""}]}","[{""shape"": [8, 64, 80, 80], ""dtype"": ""float32""}, {""shape"": [8, 64, 80, 80], ""dtype"": ""float32""}]",0,8.4.148,2026-09-14T04:02:12+00:00
yolo26s,fp32,8,640,leaf,83,16,m.0.cv1,Conv,16,460ba8a9148a1431,"Conv[64->32,k1,s1]@8x64x80x80","{""kind"": ""tensor"", ""shape"": [8, 64, 80, 80], ""dtype"": ""float32""}","[{""shape"": [8, 32, 80, 80], ""dtype"": ""float32""}]",2080,8.4.148,2026-09-14T04:02:12+00:00
yolo26s,fp32,8,640,leaf,84,16,m.0.m.0.cv1,Conv,16,f921af35ee075bda,"Conv[32->32,k3,s1]@8x32x80x80","{""kind"": ""tensor"", ""shape"": [8, 32, 80, 80], ""dtype"": ""float32""}","[{""shape"": [8, 32, 80, 80], ""dtype"": ""float32""}]",9248,8.4.148,2026-09-14T04:02:12+00:00
yolo26s,fp32,8,640,leaf,85,16,m.0.m.0.cv2,Conv,16,f921af35ee075bda,"Conv[32->32,k3,s1]@8x32x80x80","{""kind"": ""tensor"", ""shape"": [8, 32, 80, 80], ""dtype"": ""float32""}","[{""shape"": [8, 32, 80, 80], ""dtype"": ""float32""}]",9248,8.4.148,2026-09-14T04:02:12+00:00
yolo26s,fp32,8,640,leaf,86,16,op:add,op:add,16,ba9465c82154aa84,op:add[]@8x32x80x80+8x32x80x80,"{""kind"": ""list"", ""items"": [{""shape"": [8, 32, 80, 80], ""dtype"": ""float32""}, {""shape"": [8, 32, 80, 80], ""dtype"": ""float32""}]}","[{""shape"": [8, 32, 80, 80], ""dtype"": ""float32""}]",0,8.4.148,2026-09-14T04:02:12+00:00
yolo26s,fp32,8,640,leaf,87,16,m.0.m.1.cv1,Conv,16,f921af35ee075bda,"Conv[32->32,k3,s1]@8x32x80x80","{""kind"": ""tensor"", ""shape"": [8, 32, 80, 80], ""dtype"": ""float32""}","[{""shape"": [8, 32, 80, 80], ""dtype"": ""float32""}]",9248,8.4.148,2026-09-14T04:02:12+00:00
yolo26s,fp32,8,640,leaf,88,16,m.0.m.1.cv2,Conv,16,f921af35ee075bda,"Conv[32->32,k3,s1]@8x32x80x80","{""kind"": ""tensor"", ""shape"": [8, 32, 80, 80], ""dtype"": ""float32""}","[{""shape"": [8, 32, 80, 80], ""dtype"": ""float32""}]",9248,8.4.148,2026-09-14T04:02:12+00:00
yolo26s,fp32,8,640,leaf,89,16,op:add,op:add,16,ba9465c82154aa84,op:add[]@8x32x80x80+8x32x80x80,"{""kind"": ""list"", ""items"": [{""shape"": [8, 32, 80, 80], ""dtype"": ""float32""}, {""shape"": [8, 32, 80, 80], ""dtype"": ""float32""}]}","[{""shape"": [8, 32, 80, 80], ""dtype"": ""float32""}]",0,8.4.148,2026-09-14T04:02:12+00:00
yolo26s,fp32,8,640,leaf,90,16,m.0.cv2,Conv,16,460ba8a9148a1431,"Conv[64->32,k1,s1]@8x64x80x80","{""kind"": ""tensor"", ""shape"": [8, 64, 80, 80], ""dtype"": ""float32""}","[{""shape"": [8, 32, 80, 80], ""dtype"": ""float32""}]",2080,8.4.148,2026-09-14T04:02:12+00:00
yolo26s,fp32,8,640,leaf,91,16,op:cat,op:cat,16,a9638907a27170d7,op:cat[1]@8x32x80x80+8x32x80x80,"{""kind"": ""list"", ""items"": [{""shape"": [8, 32, 80, 80], ""dtype"": ""float32""}, {""shape"": [8, 32, 80, 80], ""dtype"": ""float32""}]}","[{""shape"": [8, 64, 80, 80], ""dtype"": ""float32""}]",0,8.4.148,2026-09-14T04:02:12+00:00
yolo26s,fp32,8,640,leaf,92,16,m.0.cv3,Conv,16,9d8a21ff50d35c42,"Conv[64->64,k1,s1]@8x64x80x80","{""kind"": ""tensor"", ""shape"": [8, 64, 80, 80], ""dtype"": ""float32""}","[{""shape"": [8, 64, 80, 80], ""dtype"": ""float32""}]",4160,8.4.148,2026-09-14T04:02:12+00:00
yolo26s,fp32,8,640,leaf,93,16,op:cat,op:cat,16,90c743514f828986,op:cat[1]@8x64x80x80+8x64x80x80+8x64x80x80,"{""kind"": ""list"", ""items"": [{""shape"": [8, 64, 80, 80], ""dtype"": ""float32""}, {""shape"": [8, 64, 80, 80], ""dtype"": ""float32""}, {""shape"": [8, 64, 80, 80], ""dtype"": ""float32""}]}","[{""shape"": [8, 192, 80, 80], ""dtype"": ""float32""}]",0,8.4.148,2026-09-14T04:02:12+00:00
yolo26s,fp32,8,640,leaf,94,16,cv2,Conv,16,1c9470eb77c83b75,"Conv[192->128,k1,s1]@8x192x80x80","{""kind"": ""tensor"", ""shape"": [8, 192, 80, 80], ""dtype"": ""float32""}","[{""shape"": [8, 128, 80, 80], ""dtype"": ""float32""}]",24704,8.4.148,2026-09-14T04:02:12+00:00
yolo26s,fp32,8,640,leaf,95,17,,Conv,17,3e73f7e780669aea,"Conv[128->128,k3,s2]@8x128x80x80","{""kind"": ""tensor"", ""shape"": [8, 128, 80, 80], ""dtype"": ""float32""}","[{""shape"": [8, 128, 40, 40], ""dtype"": ""float32""}]",147584,8.4.148,2026-09-14T04:02:12+00:00
yolo26s,fp32,8,640,leaf,96,18,,Concat,18,c0cb9122ac84c0f2,Concat[d=1]@8x128x40x40+8x256x40x40,"{""kind"": ""list"", ""items"": [{""shape"": [8, 128, 40, 40], ""dtype"": ""float32""}, {""shape"": [8, 256, 40, 40], ""dtype"": ""float32""}]}","[{""shape"": [8, 384, 40, 40], ""dtype"": ""float32""}]",0,8.4.148,2026-09-14T04:02:12+00:00
yolo26s,fp32,8,640,leaf,97,19,cv1,Conv,19,d55c34d2bd3dfbc5,"Conv[384->256,k1,s1]@8x384x40x40","{""kind"": ""tensor"", ""shape"": [8, 384, 40, 40], ""dtype"": ""float32""}","[{""shape"": [8, 256, 40, 40], ""dtype"": ""float32""}]",98560,8.4.148,2026-09-14T04:02:12+00:00
yolo26s,fp32,8,640,leaf,98,19,op:chunk,op:chunk,19,697377aeee20dc23,"op:chunk[2,1]@8x256x40x40","{""kind"": ""list"", ""items"": [{""shape"": [8, 256, 40, 40], ""dtype"": ""float32""}]}","[{""shape"": [8, 128, 40, 40], ""dtype"": ""float32""}, {""shape"": [8, 128, 40, 40], ""dtype"": ""float32""}]",0,8.4.148,2026-09-14T04:02:12+00:00
yolo26s,fp32,8,640,leaf,99,19,m.0.cv1,Conv,19,5fe894351a480af7,"Conv[128->64,k1,s1]@8x128x40x40","{""kind"": ""tensor"", ""shape"": [8, 128, 40, 40], ""dtype"": ""float32""}","[{""shape"": [8, 64, 40, 40], ""dtype"": ""float32""}]",8256,8.4.148,2026-09-14T04:02:12+00:00
yolo26s,fp32,8,640,leaf,100,19,m.0.m.0.cv1,Conv,19,15068649db15cc6b,"Conv[64->64,k3,s1]@8x64x40x40","{""kind"": ""tensor"", ""shape"": [8, 64, 40, 40], ""dtype"": ""float32""}","[{""shape"": [8, 64, 40, 40], ""dtype"": ""float32""}]",36928,8.4.148,2026-09-14T04:02:12+00:00
yolo26s,fp32,8,640,leaf,101,19,m.0.m.0.cv2,Conv,19,15068649db15cc6b,"Conv[64->64,k3,s1]@8x64x40x40","{""kind"": ""tensor"", ""shape"": [8, 64, 40, 40], ""dtype"": ""float32""}","[{""shape"": [8, 64, 40, 40], ""dtype"": ""float32""}]",36928,8.4.148,2026-09-14T04:02:12+00:00
yolo26s,fp32,8,640,leaf,102,19,op:add,op:add,19,911ba2a880f5c0c6,op:add[]@8x64x40x40+8x64x40x40,"{""kind"": ""list"", ""items"": [{""shape"": [8, 64, 40, 40], ""dtype"": ""float32""}, {""shape"": [8, 64, 40, 40], ""dtype"": ""float32""}]}","[{""shape"": [8, 64, 40, 40], ""dtype"": ""float32""}]",0,8.4.148,2026-09-14T04:02:12+00:00
yolo26s,fp32,8,640,leaf,103,19,m.0.m.1.cv1,Conv,19,15068649db15cc6b,"Conv[64->64,k3,s1]@8x64x40x40","{""kind"": ""tensor"", ""shape"": [8, 64, 40, 40], ""dtype"": ""float32""}","[{""shape"": [8, 64, 40, 40], ""dtype"": ""float32""}]",36928,8.4.148,2026-09-14T04:02:12+00:00
yolo26s,fp32,8,640,leaf,104,19,m.0.m.1.cv2,Conv,19,15068649db15cc6b,"Conv[64->64,k3,s1]@8x64x40x40","{""kind"": ""tensor"", ""shape"": [8, 64, 40, 40], ""dtype"": ""float32""}","[{""shape"": [8, 64, 40, 40], ""dtype"": ""float32""}]",36928,8.4.148,2026-09-14T04:02:12+00:00
yolo26s,fp32,8,640,leaf,105,19,op:add,op:add,19,911ba2a880f5c0c6,op:add[]@8x64x40x40+8x64x40x40,"{""kind"": ""list"", ""items"": [{""shape"": [8, 64, 40, 40], ""dtype"": ""float32""}, {""shape"": [8, 64, 40, 40], ""dtype"": ""float32""}]}","[{""shape"": [8, 64, 40, 40], ""dtype"": ""float32""}]",0,8.4.148,2026-09-14T04:02:12+00:00
yolo26s,fp32,8,640,leaf,106,19,m.0.cv2,Conv,19,5fe894351a480af7,"Conv[128->64,k1,s1]@8x128x40x40","{""kind"": ""tensor"", ""shape"": [8, 128, 40, 40], ""dtype"": ""float32""}","[{""shape"": [8, 64, 40, 40], ""dtype"": ""float32""}]",8256,8.4.148,2026-09-14T04:02:12+00:00
yolo26s,fp32,8,640,leaf,107,19,op:cat,op:cat,19,f372b0ee4003f202,op:cat[1]@8x64x40x40+8x64x40x40,"{""kind"": ""list"", ""items"": [{""shape"": [8, 64, 40, 40], ""dtype"": ""float32""}, {""shape"": [8, 64, 40, 40], ""dtype"": ""float32""}]}","[{""shape"": [8, 128, 40, 40], ""dtype"": ""float32""}]",0,8.4.148,2026-09-14T04:02:12+00:00
yolo26s,fp32,8,640,leaf,108,19,m.0.cv3,Conv,19,4abb475c05a2c84c,"Conv[128->128,k1,s1]@8x128x40x40","{""kind"": ""tensor"", ""shape"": [8, 128, 40, 40], ""dtype"": ""float32""}","[{""shape"": [8, 128, 40, 40], ""dtype"": ""float32""}]",16512,8.4.148,2026-09-14T04:02:12+00:00
yolo26s,fp32,8,640,leaf,109,19,op:cat,op:cat,19,9dac5cefa34ba7f9,op:cat[1]@8x128x40x40+8x128x40x40+8x128x40x40,"{""kind"": ""list"", ""items"": [{""shape"": [8, 128, 40, 40], ""dtype"": ""float32""}, {""shape"": [8, 128, 40, 40], ""dtype"": ""float32""}, {""shape"": [8, 128, 40, 40], ""dtype"": ""float32""}]}","[{""shape"": [8, 384, 40, 40], ""dtype"": ""float32""}]",0,8.4.148,2026-09-14T04:02:12+00:00
yolo26s,fp32,8,640,leaf,110,19,cv2,Conv,19,d55c34d2bd3dfbc5,"Conv[384->256,k1,s1]@8x384x40x40","{""kind"": ""tensor"", ""shape"": [8, 384, 40, 40], ""dtype"": ""float32""}","[{""shape"": [8, 256, 40, 40], ""dtype"": ""float32""}]",98560,8.4.148,2026-09-14T04:02:12+00:00
yolo26s,fp32,8,640,leaf,111,20,,Conv,20,df37f452e20387eb,"Conv[256->256,k3,s2]@8x256x40x40","{""kind"": ""tensor"", ""shape"": [8, 256, 40, 40], ""dtype"": ""float32""}","[{""shape"": [8, 256, 20, 20], ""dtype"": ""float32""}]",590080,8.4.148,2026-09-14T04:02:12+00:00
yolo26s,fp32,8,640,leaf,112,21,,Concat,21,b9f22fc9df942f9f,Concat[d=1]@8x256x20x20+8x512x20x20,"{""kind"": ""list"", ""items"": [{""shape"": [8, 256, 20, 20], ""dtype"": ""float32""}, {""shape"": [8, 512, 20, 20], ""dtype"": ""float32""}]}","[{""shape"": [8, 768, 20, 20], ""dtype"": ""float32""}]",0,8.4.148,2026-09-14T04:02:12+00:00
yolo26s,fp32,8,640,leaf,113,22,cv1,Conv,22,db03e6ad10d04d30,"Conv[768->512,k1,s1]@8x768x20x20","{""kind"": ""tensor"", ""shape"": [8, 768, 20, 20], ""dtype"": ""float32""}","[{""shape"": [8, 512, 20, 20], ""dtype"": ""float32""}]",393728,8.4.148,2026-09-14T04:02:12+00:00
yolo26s,fp32,8,640,leaf,114,22,op:chunk,op:chunk,22,2c40623f6a4754b9,"op:chunk[2,1]@8x512x20x20","{""kind"": ""list"", ""items"": [{""shape"": [8, 512, 20, 20], ""dtype"": ""float32""}]}","[{""shape"": [8, 256, 20, 20], ""dtype"": ""float32""}, {""shape"": [8, 256, 20, 20], ""dtype"": ""float32""}]",0,8.4.148,2026-09-14T04:02:12+00:00
yolo26s,fp32,8,640,leaf,115,22,m.0.0.cv1,Conv,22,44fc1ce70d1c2a9d,"Conv[256->128,k3,s1]@8x256x20x20","{""kind"": ""tensor"", ""shape"": [8, 256, 20, 20], ""dtype"": ""float32""}","[{""shape"": [8, 128, 20, 20], ""dtype"": ""float32""}]",295040,8.4.148,2026-09-14T04:02:12+00:00
yolo26s,fp32,8,640,leaf,116,22,m.0.0.cv2,Conv,22,fde98d0c407e8e25,"Conv[128->256,k3,s1]@8x128x20x20","{""kind"": ""tensor"", ""shape"": [8, 128, 20, 20], ""dtype"": ""float32""}","[{""shape"": [8, 256, 20, 20], ""dtype"": ""float32""}]",295168,8.4.148,2026-09-14T04:02:12+00:00
yolo26s,fp32,8,640,leaf,117,22,op:add,op:add,22,92d96cfa8127ba1e,op:add[]@8x256x20x20+8x256x20x20,"{""kind"": ""list"", ""items"": [{""shape"": [8, 256, 20, 20], ""dtype"": ""float32""}, {""shape"": [8, 256, 20, 20], ""dtype"": ""float32""}]}","[{""shape"": [8, 256, 20, 20], ""dtype"": ""float32""}]",0,8.4.148,2026-09-14T04:02:12+00:00
yolo26s,fp32,8,640,leaf,118,22,m.0.1.attn,Attention,22,db16302334894c72,"Attention[256->256,p=199936]@8x256x20x20","{""kind"": ""tensor"", ""shape"": [8, 256, 20, 20], ""dtype"": ""float32""}","[{""shape"": [8, 256, 20, 20], ""dtype"": ""float32""}]",199936,8.4.148,2026-09-14T04:02:12+00:00
yolo26s,fp32,8,640,leaf,119,22,op:add,op:add,22,92d96cfa8127ba1e,op:add[]@8x256x20x20+8x256x20x20,"{""kind"": ""list"", ""items"": [{""shape"": [8, 256, 20, 20], ""dtype"": ""float32""}, {""shape"": [8, 256, 20, 20], ""dtype"": ""float32""}]}","[{""shape"": [8, 256, 20, 20], ""dtype"": ""float32""}]",0,8.4.148,2026-09-14T04:02:12+00:00
yolo26s,fp32,8,640,leaf,120,22,m.0.1.ffn.0,Conv,22,e8ea82be572f7311,"Conv[256->512,k1,s1]@8x256x20x20","{""kind"": ""tensor"", ""shape"": [8, 256, 20, 20], ""dtype"": ""float32""}","[{""shape"": [8, 512, 20, 20], ""dtype"": ""float32""}]",131584,8.4.148,2026-09-14T04:02:12+00:00
yolo26s,fp32,8,640,leaf,121,22,m.0.1.ffn.1,Conv,22,0b8f608ca57b30e6,"Conv[512->256,k1,s1]@8x512x20x20","{""kind"": ""tensor"", ""shape"": [8, 512, 20, 20], ""dtype"": ""float32""}","[{""shape"": [8, 256, 20, 20], ""dtype"": ""float32""}]",131328,8.4.148,2026-09-14T04:02:12+00:00
yolo26s,fp32,8,640,leaf,122,22,op:add,op:add,22,92d96cfa8127ba1e,op:add[]@8x256x20x20+8x256x20x20,"{""kind"": ""list"", ""items"": [{""shape"": [8, 256, 20, 20], ""dtype"": ""float32""}, {""shape"": [8, 256, 20, 20], ""dtype"": ""float32""}]}","[{""shape"": [8, 256, 20, 20], ""dtype"": ""float32""}]",0,8.4.148,2026-09-14T04:02:12+00:00
yolo26s,fp32,8,640,leaf,123,22,op:cat,op:cat,22,f5703a252a2f0d1d,op:cat[1]@8x256x20x20+8x256x20x20+8x256x20x20,"{""kind"": ""list"", ""items"": [{""shape"": [8, 256, 20, 20], ""dtype"": ""float32""}, {""shape"": [8, 256, 20, 20], ""dtype"": ""float32""}, {""shape"": [8, 256, 20, 20], ""dtype"": ""float32""}]}","[{""shape"": [8, 768, 20, 20], ""dtype"": ""float32""}]",0,8.4.148,2026-09-14T04:02:12+00:00
yolo26s,fp32,8,640,leaf,124,22,cv2,Conv,22,db03e6ad10d04d30,"Conv[768->512,k1,s1]@8x768x20x20","{""kind"": ""tensor"", ""shape"": [8, 768, 20, 20], ""dtype"": ""float32""}","[{""shape"": [8, 512, 20, 20], ""dtype"": ""float32""}]",393728,8.4.148,2026-09-14T04:02:12+00:00
yolo26s,fp32,8,640,leaf,125,23,,Detect,23,09463343c8831712,"Detect[nc=80,e2e]@8x128x80x80+8x256x40x40+8x512x20x20","{""kind"": ""list"", ""items"": [{""shape"": [8, 128, 80, 80], ""dtype"": ""float32""}, {""shape"": [8, 256, 40, 40], ""dtype"": ""float32""}, {""shape"": [8, 512, 20, 20], ""dtype"": ""float32""}]}","[{""shape"": [8, 300, 6], ""dtype"": ""float32""}, {""shape"": [8, 4, 8400], ""dtype"": ""float32""}, {""shape"": [8, 80, 8400], ""dtype"": ""float32""}, {""shape"": [8, 128, 80, 80], ""dtype"": ""float32""}, {""shape"": [8, 256, 40, 40], ""dtype"": ""float32""}, {""shape"": [8, 512, 20, 20], ""dtype"": ""float32""}]",494652,8.4.148,2026-09-14T04:02:12+00:00
yolo26m,fp32,8,640,leaf,0,0,,Conv,0,7fbcf77391bd51c9,"Conv[3->64,k3,s2]@8x3x640x640","{""kind"": ""tensor"", ""shape"": [8, 3, 640, 640], ""dtype"": ""float32""}","[{""shape"": [8, 64, 320, 320], ""dtype"": ""float32""}]",1792,8.4.148,2026-09-14T04:08:22+00:00
yolo26m,fp32,8,640,leaf,1,1,,Conv,1,a25603029838569e,"Conv[64->128,k3,s2]@8x64x320x320","{""kind"": ""tensor"", ""shape"": [8, 64, 320, 320], ""dtype"": ""float32""}","[{""shape"": [8, 128, 160, 160], ""dtype"": ""float32""}]",73856,8.4.148,2026-09-14T04:08:22+00:00
yolo26m,fp32,8,640,leaf,2,2,cv1,Conv,2,9399302068398e53,"Conv[128->128,k1,s1]@8x128x160x160","{""kind"": ""tensor"", ""shape"": [8, 128, 160, 160], ""dtype"": ""float32""}","[{""shape"": [8, 128, 160, 160], ""dtype"": ""float32""}]",16512,8.4.148,2026-09-14T04:08:22+00:00
yolo26m,fp32,8,640,leaf,3,2,op:chunk,op:chunk,2,f1489a52e36f776d,"op:chunk[2,1]@8x128x160x160","{""kind"": ""list"", ""items"": [{""shape"": [8, 128, 160, 160], ""dtype"": ""float32""}]}","[{""shape"": [8, 64, 160, 160], ""dtype"": ""float32""}, {""shape"": [8, 64, 160, 160], ""dtype"": ""float32""}]",0,8.4.148,2026-09-14T04:08:22+00:00
yolo26m,fp32,8,640,leaf,4,2,m.0.cv1,Conv,2,c76345faa463f04a,"Conv[64->32,k1,s1]@8x64x160x160","{""kind"": ""tensor"", ""shape"": [8, 64, 160, 160], ""dtype"": ""float32""}","[{""shape"": [8, 32, 160, 160], ""dtype"": ""float32""}]",2080,8.4.148,2026-09-14T04:08:22+00:00
yolo26m,fp32,8,640,leaf,5,2,m.0.m.0.cv1,Conv,2,78b646920298c70c,"Conv[32->32,k3,s1]@8x32x160x160","{""kind"": ""tensor"", ""shape"": [8, 32, 160, 160], ""dtype"": ""float32""}","[{""shape"": [8, 32, 160, 160], ""dtype"": ""float32""}]",9248,8.4.148,2026-09-14T04:08:22+00:00
yolo26m,fp32,8,640,leaf,6,2,m.0.m.0.cv2,Conv,2,78b646920298c70c,"Conv[32->32,k3,s1]@8x32x160x160","{""kind"": ""tensor"", ""shape"": [8, 32, 160, 160], ""dtype"": ""float32""}","[{""shape"": [8, 32, 160, 160], ""dtype"": ""float32""}]",9248,8.4.148,2026-09-14T04:08:22+00:00
yolo26m,fp32,8,640,leaf,7,2,op:add,op:add,2,b4416687b299015a,op:add[]@8x32x160x160+8x32x160x160,"{""kind"": ""list"", ""items"": [{""shape"": [8, 32, 160, 160], ""dtype"": ""float32""}, {""shape"": [8, 32, 160, 160], ""dtype"": ""float32""}]}","[{""shape"": [8, 32, 160, 160], ""dtype"": ""float32""}]",0,8.4.148,2026-09-14T04:08:22+00:00
yolo26m,fp32,8,640,leaf,8,2,m.0.m.1.cv1,Conv,2,78b646920298c70c,"Conv[32->32,k3,s1]@8x32x160x160","{""kind"": ""tensor"", ""shape"": [8, 32, 160, 160], ""dtype"": ""float32""}","[{""shape"": [8, 32, 160, 160], ""dtype"": ""float32""}]",9248,8.4.148,2026-09-14T04:08:22+00:00
yolo26m,fp32,8,640,leaf,9,2,m.0.m.1.cv2,Conv,2,78b646920298c70c,"Conv[32->32,k3,s1]@8x32x160x160","{""kind"": ""tensor"", ""shape"": [8, 32, 160, 160], ""dtype"": ""float32""}","[{""shape"": [8, 32, 160, 160], ""dtype"": ""float32""}]",9248,8.4.148,2026-09-14T04:08:22+00:00
yolo26m,fp32,8,640,leaf,10,2,op:add,op:add,2,b4416687b299015a,op:add[]@8x32x160x160+8x32x160x160,"{""kind"": ""list"", ""items"": [{""shape"": [8, 32, 160, 160], ""dtype"": ""float32""}, {""shape"": [8, 32, 160, 160], ""dtype"": ""float32""}]}","[{""shape"": [8, 32, 160, 160], ""dtype"": ""float32""}]",0,8.4.148,2026-09-14T04:08:22+00:00
yolo26m,fp32,8,640,leaf,11,2,m.0.cv2,Conv,2,c76345faa463f04a,"Conv[64->32,k1,s1]@8x64x160x160","{""kind"": ""tensor"", ""shape"": [8, 64, 160, 160], ""dtype"": ""float32""}","[{""shape"": [8, 32, 160, 160], ""dtype"": ""float32""}]",2080,8.4.148,2026-09-14T04:08:22+00:00
yolo26m,fp32,8,640,leaf,12,2,op:cat,op:cat,2,25660e8a87c27ad8,op:cat[1]@8x32x160x160+8x32x160x160,"{""kind"": ""list"", ""items"": [{""shape"": [8, 32, 160, 160], ""dtype"": ""float32""}, {""shape"": [8, 32, 160, 160], ""dtype"": ""float32""}]}","[{""shape"": [8, 64, 160, 160], ""dtype"": ""float32""}]",0,8.4.148,2026-09-14T04:08:22+00:00
yolo26m,fp32,8,640,leaf,13,2,m.0.cv3,Conv,2,c1df39920843bb32,"Conv[64->64,k1,s1]@8x64x160x160","{""kind"": ""tensor"", ""shape"": [8, 64, 160, 160], ""dtype"": ""float32""}","[{""shape"": [8, 64, 160, 160], ""dtype"": ""float32""}]",4160,8.4.148,2026-09-14T04:08:22+00:00
yolo26m,fp32,8,640,leaf,14,2,op:cat,op:cat,2,dd38fa2e2a630a11,op:cat[1]@8x64x160x160+8x64x160x160+8x64x160x160,"{""kind"": ""list"", ""items"": [{""shape"": [8, 64, 160, 160], ""dtype"": ""float32""}, {""shape"": [8, 64, 160, 160], ""dtype"": ""float32""}, {""shape"": [8, 64, 160, 160], ""dtype"": ""float32""}]}","[{""shape"": [8, 192, 160, 160], ""dtype"": ""float32""}]",0,8.4.148,2026-09-14T04:08:22+00:00
yolo26m,fp32,8,640,leaf,15,2,cv2,Conv,2,1d84f37dcea5819b,"Conv[192->256,k1,s1]@8x192x160x160","{""kind"": ""tensor"", ""shape"": [8, 192, 160, 160], ""dtype"": ""float32""}","[{""shape"": [8, 256, 160, 160], ""dtype"": ""float32""}]",49408,8.4.148,2026-09-14T04:08:22+00:00
yolo26m,fp32,8,640,leaf,16,3,,Conv,3,9f4acd1607647caf,"Conv[256->256,k3,s2]@8x256x160x160","{""kind"": ""tensor"", ""shape"": [8, 256, 160, 160], ""dtype"": ""float32""}","[{""shape"": [8, 256, 80, 80], ""dtype"": ""float32""}]",590080,8.4.148,2026-09-14T04:08:22+00:00
yolo26m,fp32,8,640,leaf,17,4,cv1,Conv,4,30742260066b82f9,"Conv[256->256,k1,s1]@8x256x80x80","{""kind"": ""tensor"", ""shape"": [8, 256, 80, 80], ""dtype"": ""float32""}","[{""shape"": [8, 256, 80, 80], ""dtype"": ""float32""}]",65792,8.4.148,2026-09-14T04:08:22+00:00
yolo26m,fp32,8,640,leaf,18,4,op:chunk,op:chunk,4,bc3aee341641241b,"op:chunk[2,1]@8x256x80x80","{""kind"": ""list"", ""items"": [{""shape"": [8, 256, 80, 80], ""dtype"": ""float32""}]}","[{""shape"": [8, 128, 80, 80], ""dtype"": ""float32""}, {""shape"": [8, 128, 80, 80], ""dtype"": ""float32""}]",0,8.4.148,2026-09-14T04:08:22+00:00
yolo26m,fp32,8,640,leaf,19,4,m.0.cv1,Conv,4,0e9acf54b9174796,"Conv[128->64,k1,s1]@8x128x80x80","{""kind"": ""tensor"", ""shape"": [8, 128, 80, 80], ""dtype"": ""float32""}","[{""shape"": [8, 64, 80, 80], ""dtype"": ""float32""}]",8256,8.4.148,2026-09-14T04:08:22+00:00
yolo26m,fp32,8,640,leaf,20,4,m.0.m.0.cv1,Conv,4,fd00da5016903e6b,"Conv[64->64,k3,s1]@8x64x80x80","{""kind"": ""tensor"", ""shape"": [8, 64, 80, 80], ""dtype"": ""float32""}","[{""shape"": [8, 64, 80, 80], ""dtype"": ""float32""}]",36928,8.4.148,2026-09-14T04:08:22+00:00
yolo26m,fp32,8,640,leaf,21,4,m.0.m.0.cv2,Conv,4,fd00da5016903e6b,"Conv[64->64,k3,s1]@8x64x80x80","{""kind"": ""tensor"", ""shape"": [8, 64, 80, 80], ""dtype"": ""float32""}","[{""shape"": [8, 64, 80, 80], ""dtype"": ""float32""}]",36928,8.4.148,2026-09-14T04:08:22+00:00
yolo26m,fp32,8,640,leaf,22,4,op:add,op:add,4,cec2cea73f8ecdfb,op:add[]@8x64x80x80+8x64x80x80,"{""kind"": ""list"", ""items"": [{""shape"": [8, 64, 80, 80], ""dtype"": ""float32""}, {""shape"": [8, 64, 80, 80], ""dtype"": ""float32""}]}","[{""shape"": [8, 64, 80, 80], ""dtype"": ""float32""}]",0,8.4.148,2026-09-14T04:08:22+00:00
yolo26m,fp32,8,640,leaf,23,4,m.0.m.1.cv1,Conv,4,fd00da5016903e6b,"Conv[64->64,k3,s1]@8x64x80x80","{""kind"": ""tensor"", ""shape"": [8, 64, 80, 80], ""dtype"": ""float32""}","[{""shape"": [8, 64, 80, 80], ""dtype"": ""float32""}]",36928,8.4.148,2026-09-14T04:08:22+00:00
yolo26m,fp32,8,640,leaf,24,4,m.0.m.1.cv2,Conv,4,fd00da5016903e6b,"Conv[64->64,k3,s1]@8x64x80x80","{""kind"": ""tensor"", ""shape"": [8, 64, 80, 80], ""dtype"": ""float32""}","[{""shape"": [8, 64, 80, 80], ""dtype"": ""float32""}]",36928,8.4.148,2026-09-14T04:08:22+00:00
yolo26m,fp32,8,640,leaf,25,4,op:add,op:add,4,cec2cea73f8ecdfb,op:add[]@8x64x80x80+8x64x80x80,"{""kind"": ""list"", ""items"": [{""shape"": [8, 64, 80, 80], ""dtype"": ""float32""}, {""shape"": [8, 64, 80, 80], ""dtype"": ""float32""}]}","[{""shape"": [8, 64, 80, 80], ""dtype"": ""float32""}]",0,8.4.148,2026-09-14T04:08:22+00:00
yolo26m,fp32,8,640,leaf,26,4,m.0.cv2,Conv,4,0e9acf54b9174796,"Conv[128->64,k1,s1]@8x128x80x80","{""kind"": ""tensor"", ""shape"": [8, 128, 80, 80], ""dtype"": ""float32""}","[{""shape"": [8, 64, 80, 80], ""dtype"": ""float32""}]",8256,8.4.148,2026-09-14T04:08:22+00:00
yolo26m,fp32,8,640,leaf,27,4,op:cat,op:cat,4,07c4af67a484965b,op:cat[1]@8x64x80x80+8x64x80x80,"{""kind"": ""list"", ""items"": [{""shape"": [8, 64, 80, 80], ""dtype"": ""float32""}, {""shape"": [8, 64, 80, 80], ""dtype"": ""float32""}]}","[{""shape"": [8, 128, 80, 80], ""dtype"": ""float32""}]",0,8.4.148,2026-09-14T04:08:22+00:00
yolo26m,fp32,8,640,leaf,28,4,m.0.cv3,Conv,4,7581abc56c54a219,"Conv[128->128,k1,s1]@8x128x80x80","{""kind"": ""tensor"", ""shape"": [8, 128, 80, 80], ""dtype"": ""float32""}","[{""shape"": [8, 128, 80, 80], ""dtype"": ""float32""}]",16512,8.4.148,2026-09-14T04:08:22+00:00
yolo26m,fp32,8,640,leaf,29,4,op:cat,op:cat,4,c5e5a0e8a790b392,op:cat[1]@8x128x80x80+8x128x80x80+8x128x80x80,"{""kind"": ""list"", ""items"": [{""shape"": [8, 128, 80, 80], ""dtype"": ""float32""}, {""shape"": [8, 128, 80, 80], ""dtype"": ""float32""}, {""shape"": [8, 128, 80, 80], ""dtype"": ""float32""}]}","[{""shape"": [8, 384, 80, 80], ""dtype"": ""float32""}]",0,8.4.148,2026-09-14T04:08:22+00:00
yolo26m,fp32,8,640,leaf,30,4,cv2,Conv,4,028e0de05382f4e0,"Conv[384->512,k1,s1]@8x384x80x80","{""kind"": ""tensor"", ""shape"": [8, 384, 80, 80], ""dtype"": ""float32""}","[{""shape"": [8, 512, 80, 80], ""dtype"": ""float32""}]",197120,8.4.148,2026-09-14T04:08:22+00:00
yolo26m,fp32,8,640,leaf,31,5,,Conv,5,09cae40c46d8a128,"Conv[512->512,k3,s2]@8x512x80x80","{""kind"": ""tensor"", ""shape"": [8, 512, 80, 80], ""dtype"": ""float32""}","[{""shape"": [8, 512, 40, 40], ""dtype"": ""float32""}]",2359808,8.4.148,2026-09-14T04:08:22+00:00
yolo26m,fp32,8,640,leaf,32,6,cv1,Conv,6,ce6718a4b8eefdbf,"Conv[512->512,k1,s1]@8x512x40x40","{""kind"": ""tensor"", ""shape"": [8, 512, 40, 40], ""dtype"": ""float32""}","[{""shape"": [8, 512, 40, 40], ""dtype"": ""float32""}]",262656,8.4.148,2026-09-14T04:08:22+00:00
yolo26m,fp32,8,640,leaf,33,6,op:chunk,op:chunk,6,0b05ed81109ed06a,"op:chunk[2,1]@8x512x40x40","{""kind"": ""list"", ""items"": [{""shape"": [8, 512, 40, 40], ""dtype"": ""float32""}]}","[{""shape"": [8, 256, 40, 40], ""dtype"": ""float32""}, {""shape"": [8, 256, 40, 40], ""dtype"": ""float32""}]",0,8.4.148,2026-09-14T04:08:22+00:00
yolo26m,fp32,8,640,leaf,34,6,m.0.cv1,Conv,6,c4a18823f9209ad6,"Conv[256->128,k1,s1]@8x256x40x40","{""kind"": ""tensor"", ""shape"": [8, 256, 40, 40], ""dtype"": ""float32""}","[{""shape"": [8, 128, 40, 40], ""dtype"": ""float32""}]",32896,8.4.148,2026-09-14T04:08:22+00:00
yolo26m,fp32,8,640,leaf,35,6,m.0.m.0.cv1,Conv,6,087d65f61eafd323,"Conv[128->128,k3,s1]@8x128x40x40","{""kind"": ""tensor"", ""shape"": [8, 128, 40, 40], ""dtype"": ""float32""}","[{""shape"": [8, 128, 40, 40], ""dtype"": ""float32""}]",147584,8.4.148,2026-09-14T04:08:22+00:00
yolo26m,fp32,8,640,leaf,36,6,m.0.m.0.cv2,Conv,6,087d65f61eafd323,"Conv[128->128,k3,s1]@8x128x40x40","{""kind"": ""tensor"", ""shape"": [8, 128, 40, 40], ""dtype"": ""float32""}","[{""shape"": [8, 128, 40, 40], ""dtype"": ""float32""}]",147584,8.4.148,2026-09-14T04:08:22+00:00
yolo26m,fp32,8,640,leaf,37,6,op:add,op:add,6,2f2aaf05378c5de5,op:add[]@8x128x40x40+8x128x40x40,"{""kind"": ""list"", ""items"": [{""shape"": [8, 128, 40, 40], ""dtype"": ""float32""}, {""shape"": [8, 128, 40, 40], ""dtype"": ""float32""}]}","[{""shape"": [8, 128, 40, 40], ""dtype"": ""float32""}]",0,8.4.148,2026-09-14T04:08:22+00:00
yolo26m,fp32,8,640,leaf,38,6,m.0.m.1.cv1,Conv,6,087d65f61eafd323,"Conv[128->128,k3,s1]@8x128x40x40","{""kind"": ""tensor"", ""shape"": [8, 128, 40, 40], ""dtype"": ""float32""}","[{""shape"": [8, 128, 40, 40], ""dtype"": ""float32""}]",147584,8.4.148,2026-09-14T04:08:22+00:00
yolo26m,fp32,8,640,leaf,39,6,m.0.m.1.cv2,Conv,6,087d65f61eafd323,"Conv[128->128,k3,s1]@8x128x40x40","{""kind"": ""tensor"", ""shape"": [8, 128, 40, 40], ""dtype"": ""float32""}","[{""shape"": [8, 128, 40, 40], ""dtype"": ""float32""}]",147584,8.4.148,2026-09-14T04:08:22+00:00
yolo26m,fp32,8,640,leaf,40,6,op:add,op:add,6,2f2aaf05378c5de5,op:add[]@8x128x40x40+8x128x40x40,"{""kind"": ""list"", ""items"": [{""shape"": [8, 128, 40, 40], ""dtype"": ""float32""}, {""shape"": [8, 128, 40, 40], ""dtype"": ""float32""}]}","[{""shape"": [8, 128, 40, 40], ""dtype"": ""float32""}]",0,8.4.148,2026-09-14T04:08:22+00:00
yolo26m,fp32,8,640,leaf,41,6,m.0.cv2,Conv,6,c4a18823f9209ad6,"Conv[256->128,k1,s1]@8x256x40x40","{""kind"": ""tensor"", ""shape"": [8, 256, 40, 40], ""dtype"": ""float32""}","[{""shape"": [8, 128, 40, 40], ""dtype"": ""float32""}]",32896,8.4.148,2026-09-14T04:08:22+00:00
yolo26m,fp32,8,640,leaf,42,6,op:cat,op:cat,6,4a3a32d10523282a,op:cat[1]@8x128x40x40+8x128x40x40,"{""kind"": ""list"", ""items"": [{""shape"": [8, 128, 40, 40], ""dtype"": ""float32""}, {""shape"": [8, 128, 40, 40], ""dtype"": ""float32""}]}","[{""shape"": [8, 256, 40, 40], ""dtype"": ""float32""}]",0,8.4.148,2026-09-14T04:08:22+00:00
yolo26m,fp32,8,640,leaf,43,6,m.0.cv3,Conv,6,11e62c61d8271a9e,"Conv[256->256,k1,s1]@8x256x40x40","{""kind"": ""tensor"", ""shape"": [8, 256, 40, 40], ""dtype"": ""float32""}","[{""shape"": [8, 256, 40, 40], ""dtype"": ""float32""}]",65792,8.4.148,2026-09-14T04:08:22+00:00
yolo26m,fp32,8,640,leaf,44,6,op:cat,op:cat,6,52a176df0198d9f6,op:cat[1]@8x256x40x40+8x256x40x40+8x256x40x40,"{""kind"": ""list"", ""items"": [{""shape"": [8, 256, 40, 40], ""dtype"": ""float32""}, {""shape"": [8, 256, 40, 40], ""dtype"": ""float32""}, {""shape"": [8, 256, 40, 40], ""dtype"": ""float32""}]}","[{""shape"": [8, 768, 40, 40], ""dtype"": ""float32""}]",0,8.4.148,2026-09-14T04:08:22+00:00
yolo26m,fp32,8,640,leaf,45,6,cv2,Conv,6,8e49cb70137f957c,"Conv[768->512,k1,s1]@8x768x40x40","{""kind"": ""tensor"", ""shape"": [8, 768, 40, 40], ""dtype"": ""float32""}","[{""shape"": [8, 512, 40, 40], ""dtype"": ""float32""}]",393728,8.4.148,2026-09-14T04:08:22+00:00
yolo26m,fp32,8,640,leaf,46,7,,Conv,7,51c5320ffd1d0cd3,"Conv[512->512,k3,s2]@8x512x40x40","{""kind"": ""tensor"", ""shape"": [8, 512, 40, 40], ""dtype"": ""float32""}","[{""shape"": [8, 512, 20, 20], ""dtype"": ""float32""}]",2359808,8.4.148,2026-09-14T04:08:22+00:00
yolo26m,fp32,8,640,leaf,47,8,cv1,Conv,8,9c6e9e5ab1db765c,"Conv[512->512,k1,s1]@8x512x20x20","{""kind"": ""tensor"", ""shape"": [8, 512, 20, 20], ""dtype"": ""float32""}","[{""shape"": [8, 512, 20, 20], ""dtype"": ""float32""}]",262656,8.4.148,2026-09-14T04:08:22+00:00
yolo26m,fp32,8,640,leaf,48,8,op:chunk,op:chunk,8,2c40623f6a4754b9,"op:chunk[2,1]@8x512x20x20","{""kind"": ""list"", ""items"": [{""shape"": [8, 512, 20, 20], ""dtype"": ""float32""}]}","[{""shape"": [8, 256, 20, 20], ""dtype"": ""float32""}, {""shape"": [8, 256, 20, 20], ""dtype"": ""float32""}]",0,8.4.148,2026-09-14T04:08:22+00:00
yolo26m,fp32,8,640,leaf,49,8,m.0.cv1,Conv,8,4df504838841a648,"Conv[256->128,k1,s1]@8x256x20x20","{""kind"": ""tensor"", ""shape"": [8, 256, 20, 20], ""dtype"": ""float32""}","[{""shape"": [8, 128, 20, 20], ""dtype"": ""float32""}]",32896,8.4.148,2026-09-14T04:08:22+00:00
yolo26m,fp32,8,640,leaf,50,8,m.0.m.0.cv1,Conv,8,34a0878a90d98d81,"Conv[128->128,k3,s1]@8x128x20x20","{""kind"": ""tensor"", ""shape"": [8, 128, 20, 20], ""dtype"": ""float32""}","[{""shape"": [8, 128, 20, 20], ""dtype"": ""float32""}]",147584,8.4.148,2026-09-14T04:08:22+00:00
yolo26m,fp32,8,640,leaf,51,8,m.0.m.0.cv2,Conv,8,34a0878a90d98d81,"Conv[128->128,k3,s1]@8x128x20x20","{""kind"": ""tensor"", ""shape"": [8, 128, 20, 20], ""dtype"": ""float32""}","[{""shape"": [8, 128, 20, 20], ""dtype"": ""float32""}]",147584,8.4.148,2026-09-14T04:08:22+00:00
yolo26m,fp32,8,640,leaf,52,8,op:add,op:add,8,3a98736d0a3a3140,op:add[]@8x128x20x20+8x128x20x20,"{""kind"": ""list"", ""items"": [{""shape"": [8, 128, 20, 20], ""dtype"": ""float32""}, {""shape"": [8, 128, 20, 20], ""dtype"": ""float32""}]}","[{""shape"": [8, 128, 20, 20], ""dtype"": ""float32""}]",0,8.4.148,2026-09-14T04:08:22+00:00
yolo26m,fp32,8,640,leaf,53,8,m.0.m.1.cv1,Conv,8,34a0878a90d98d81,"Conv[128->128,k3,s1]@8x128x20x20","{""kind"": ""tensor"", ""shape"": [8, 128, 20, 20], ""dtype"": ""float32""}","[{""shape"": [8, 128, 20, 20], ""dtype"": ""float32""}]",147584,8.4.148,2026-09-14T04:08:22+00:00
yolo26m,fp32,8,640,leaf,54,8,m.0.m.1.cv2,Conv,8,34a0878a90d98d81,"Conv[128->128,k3,s1]@8x128x20x20","{""kind"": ""tensor"", ""shape"": [8, 128, 20, 20], ""dtype"": ""float32""}","[{""shape"": [8, 128, 20, 20], ""dtype"": ""float32""}]",147584,8.4.148,2026-09-14T04:08:22+00:00
yolo26m,fp32,8,640,leaf,55,8,op:add,op:add,8,3a98736d0a3a3140,op:add[]@8x128x20x20+8x128x20x20,"{""kind"": ""list"", ""items"": [{""shape"": [8, 128, 20, 20], ""dtype"": ""float32""}, {""shape"": [8, 128, 20, 20], ""dtype"": ""float32""}]}","[{""shape"": [8, 128, 20, 20], ""dtype"": ""float32""}]",0,8.4.148,2026-09-14T04:08:22+00:00
yolo26m,fp32,8,640,leaf,56,8,m.0.cv2,Conv,8,4df504838841a648,"Conv[256->128,k1,s1]@8x256x20x20","{""kind"": ""tensor"", ""shape"": [8, 256, 20, 20], ""dtype"": ""float32""}","[{""shape"": [8, 128, 20, 20], ""dtype"": ""float32""}]",32896,8.4.148,2026-09-14T04:08:22+00:00
yolo26m,fp32,8,640,leaf,57,8,op:cat,op:cat,8,bb4ed4aca4345dea,op:cat[1]@8x128x20x20+8x128x20x20,"{""kind"": ""list"", ""items"": [{""shape"": [8, 128, 20, 20], ""dtype"": ""float32""}, {""shape"": [8, 128, 20, 20], ""dtype"": ""float32""}]}","[{""shape"": [8, 256, 20, 20], ""dtype"": ""float32""}]",0,8.4.148,2026-09-14T04:08:22+00:00
yolo26m,fp32,8,640,leaf,58,8,m.0.cv3,Conv,8,c1fc73d6286432cd,"Conv[256->256,k1,s1]@8x256x20x20","{""kind"": ""tensor"", ""shape"": [8, 256, 20, 20], ""dtype"": ""float32""}","[{""shape"": [8, 256, 20, 20], ""dtype"": ""float32""}]",65792,8.4.148,2026-09-14T04:08:22+00:00
yolo26m,fp32,8,640,leaf,59,8,op:cat,op:cat,8,f5703a252a2f0d1d,op:cat[1]@8x256x20x20+8x256x20x20+8x256x20x20,"{""kind"": ""list"", ""items"": [{""shape"": [8, 256, 20, 20], ""dtype"": ""float32""}, {""shape"": [8, 256, 20, 20], ""dtype"": ""float32""}, {""shape"": [8, 256, 20, 20], ""dtype"": ""float32""}]}","[{""shape"": [8, 768, 20, 20], ""dtype"": ""float32""}]",0,8.4.148,2026-09-14T04:08:22+00:00
yolo26m,fp32,8,640,leaf,60,8,cv2,Conv,8,db03e6ad10d04d30,"Conv[768->512,k1,s1]@8x768x20x20","{""kind"": ""tensor"", ""shape"": [8, 768, 20, 20], ""dtype"": ""float32""}","[{""shape"": [8, 512, 20, 20], ""dtype"": ""float32""}]",393728,8.4.148,2026-09-14T04:08:22+00:00
yolo26m,fp32,8,640,leaf,61,9,cv1,Conv,9,0b8f608ca57b30e6,"Conv[512->256,k1,s1]@8x512x20x20","{""kind"": ""tensor"", ""shape"": [8, 512, 20, 20], ""dtype"": ""float32""}","[{""shape"": [8, 256, 20, 20], ""dtype"": ""float32""}]",131328,8.4.148,2026-09-14T04:08:22+00:00
yolo26m,fp32,8,640,leaf,62,9,m,MaxPool2d,9,5193281b61613cb8,MaxPool2d[p=0]@8x256x20x20,"{""kind"": ""tensor"", ""shape"": [8, 256, 20, 20], ""dtype"": ""float32""}","[{""shape"": [8, 256, 20, 20], ""dtype"": ""float32""}]",0,8.4.148,2026-09-14T04:08:22+00:00
yolo26m,fp32,8,640,leaf,63,9,m,MaxPool2d,9,5193281b61613cb8,MaxPool2d[p=0]@8x256x20x20,"{""kind"": ""tensor"", ""shape"": [8, 256, 20, 20], ""dtype"": ""float32""}","[{""shape"": [8, 256, 20, 20], ""dtype"": ""float32""}]",0,8.4.148,2026-09-14T04:08:22+00:00
yolo26m,fp32,8,640,leaf,64,9,m,MaxPool2d,9,5193281b61613cb8,MaxPool2d[p=0]@8x256x20x20,"{""kind"": ""tensor"", ""shape"": [8, 256, 20, 20], ""dtype"": ""float32""}","[{""shape"": [8, 256, 20, 20], ""dtype"": ""float32""}]",0,8.4.148,2026-09-14T04:08:22+00:00
yolo26m,fp32,8,640,leaf,65,9,op:cat,op:cat,9,82eb47cc23f650c8,op:cat[1]@8x256x20x20+8x256x20x20+8x256x20x20+8x256x20x20,"{""kind"": ""list"", ""items"": [{""shape"": [8, 256, 20, 20], ""dtype"": ""float32""}, {""shape"": [8, 256, 20, 20], ""dtype"": ""float32""}, {""shape"": [8, 256, 20, 20], ""dtype"": ""float32""}, {""shape"": [8, 256, 20, 20], ""dtype"": ""float32""}]}","[{""shape"": [8, 1024, 20, 20], ""dtype"": ""float32""}]",0,8.4.148,2026-09-14T04:08:22+00:00
yolo26m,fp32,8,640,leaf,66,9,cv2,Conv,9,b5bc2b79e089be51,"Conv[1024->512,k1,s1]@8x1024x20x20","{""kind"": ""tensor"", ""shape"": [8, 1024, 20, 20], ""dtype"": ""float32""}","[{""shape"": [8, 512, 20, 20], ""dtype"": ""float32""}]",524800,8.4.148,2026-09-14T04:08:22+00:00
yolo26m,fp32,8,640,leaf,67,9,op:add,op:add,9,8be7580441d37266,op:add[]@8x512x20x20+8x512x20x20,"{""kind"": ""list"", ""items"": [{""shape"": [8, 512, 20, 20], ""dtype"": ""float32""}, {""shape"": [8, 512, 20, 20], ""dtype"": ""float32""}]}","[{""shape"": [8, 512, 20, 20], ""dtype"": ""float32""}]",0,8.4.148,2026-09-14T04:08:22+00:00
yolo26m,fp32,8,640,leaf,68,10,cv1,Conv,10,9c6e9e5ab1db765c,"Conv[512->512,k1,s1]@8x512x20x20","{""kind"": ""tensor"", ""shape"": [8, 512, 20, 20], ""dtype"": ""float32""}","[{""shape"": [8, 512, 20, 20], ""dtype"": ""float32""}]",262656,8.4.148,2026-09-14T04:08:22+00:00
yolo26m,fp32,8,640,leaf,69,10,op:split,op:split,10,db6912ff7a969a59,"op:split[[256, 256],dim=1]@8x512x20x20","{""kind"": ""list"", ""items"": [{""shape"": [8, 512, 20, 20], ""dtype"": ""float32""}]}","[{""shape"": [8, 256, 20, 20], ""dtype"": ""float32""}, {""shape"": [8, 256, 20, 20], ""dtype"": ""float32""}]",0,8.4.148,2026-09-14T04:08:22+00:00
yolo26m,fp32,8,640,leaf,70,10,m.0.attn,Attention,10,db16302334894c72,"Attention[256->256,p=199936]@8x256x20x20","{""kind"": ""tensor"", ""shape"": [8, 256, 20, 20], ""dtype"": ""float32""}","[{""shape"": [8, 256, 20, 20], ""dtype"": ""float32""}]",199936,8.4.148,2026-09-14T04:08:22+00:00
yolo26m,fp32,8,640,leaf,71,10,op:add,op:add,10,92d96cfa8127ba1e,op:add[]@8x256x20x20+8x256x20x20,"{""kind"": ""list"", ""items"": [{""shape"": [8, 256, 20, 20], ""dtype"": ""float32""}, {""shape"": [8, 256, 20, 20], ""dtype"": ""float32""}]}","[{""shape"": [8, 256, 20, 20], ""dtype"": ""float32""}]",0,8.4.148,2026-09-14T04:08:22+00:00
yolo26m,fp32,8,640,leaf,72,10,m.0.ffn.0,Conv,10,e8ea82be572f7311,"Conv[256->512,k1,s1]@8x256x20x20","{""kind"": ""tensor"", ""shape"": [8, 256, 20, 20], ""dtype"": ""float32""}","[{""shape"": [8, 512, 20, 20], ""dtype"": ""float32""}]",131584,8.4.148,2026-09-14T04:08:22+00:00
yolo26m,fp32,8,640,leaf,73,10,m.0.ffn.1,Conv,10,0b8f608ca57b30e6,"Conv[512->256,k1,s1]@8x512x20x20","{""kind"": ""tensor"", ""shape"": [8, 512, 20, 20], ""dtype"": ""float32""}","[{""shape"": [8, 256, 20, 20], ""dtype"": ""float32""}]",131328,8.4.148,2026-09-14T04:08:22+00:00
yolo26m,fp32,8,640,leaf,74,10,op:add,op:add,10,92d96cfa8127ba1e,op:add[]@8x256x20x20+8x256x20x20,"{""kind"": ""list"", ""items"": [{""shape"": [8, 256, 20, 20], ""dtype"": ""float32""}, {""shape"": [8, 256, 20, 20], ""dtype"": ""float32""}]}","[{""shape"": [8, 256, 20, 20], ""dtype"": ""float32""}]",0,8.4.148,2026-09-14T04:08:22+00:00
yolo26m,fp32,8,640,leaf,75,10,op:cat,op:cat,10,a654f0004c662648,op:cat[1]@8x256x20x20+8x256x20x20,"{""kind"": ""list"", ""items"": [{""shape"": [8, 256, 20, 20], ""dtype"": ""float32""}, {""shape"": [8, 256, 20, 20], ""dtype"": ""float32""}]}","[{""shape"": [8, 512, 20, 20], ""dtype"": ""float32""}]",0,8.4.148,2026-09-14T04:08:22+00:00
yolo26m,fp32,8,640,leaf,76,10,cv2,Conv,10,9c6e9e5ab1db765c,"Conv[512->512,k1,s1]@8x512x20x20","{""kind"": ""tensor"", ""shape"": [8, 512, 20, 20], ""dtype"": ""float32""}","[{""shape"": [8, 512, 20, 20], ""dtype"": ""float32""}]",262656,8.4.148,2026-09-14T04:08:22+00:00
yolo26m,fp32,8,640,leaf,77,11,,Upsample,11,caaddfd44b6858be,"Upsample[x2.0,nearest]@8x512x20x20","{""kind"": ""tensor"", ""shape"": [8, 512, 20, 20], ""dtype"": ""float32""}","[{""shape"": [8, 512, 40, 40], ""dtype"": ""float32""}]",0,8.4.148,2026-09-14T04:08:22+00:00
yolo26m,fp32,8,640,leaf,78,12,,Concat,12,6245c0054529cf32,Concat[d=1]@8x512x40x40+8x512x40x40,"{""kind"": ""list"", ""items"": [{""shape"": [8, 512, 40, 40], ""dtype"": ""float32""}, {""shape"": [8, 512, 40, 40], ""dtype"": ""float32""}]}","[{""shape"": [8, 1024, 40, 40], ""dtype"": ""float32""}]",0,8.4.148,2026-09-14T04:08:22+00:00
yolo26m,fp32,8,640,leaf,79,13,cv1,Conv,13,5b63f45570e24657,"Conv[1024->512,k1,s1]@8x1024x40x40","{""kind"": ""tensor"", ""shape"": [8, 1024, 40, 40], ""dtype"": ""float32""}","[{""shape"": [8, 512, 40, 40], ""dtype"": ""float32""}]",524800,8.4.148,2026-09-14T04:08:22+00:00
yolo26m,fp32,8,640,leaf,80,13,op:chunk,op:chunk,13,0b05ed81109ed06a,"op:chunk[2,1]@8x512x40x40","{""kind"": ""list"", ""items"": [{""shape"": [8, 512, 40, 40], ""dtype"": ""float32""}]}","[{""shape"": [8, 256, 40, 40], ""dtype"": ""float32""}, {""shape"": [8, 256, 40, 40], ""dtype"": ""float32""}]",0,8.4.148,2026-09-14T04:08:22+00:00
yolo26m,fp32,8,640,leaf,81,13,m.0.cv1,Conv,13,c4a18823f9209ad6,"Conv[256->128,k1,s1]@8x256x40x40","{""kind"": ""tensor"", ""shape"": [8, 256, 40, 40], ""dtype"": ""float32""}","[{""shape"": [8, 128, 40, 40], ""dtype"": ""float32""}]",32896,8.4.148,2026-09-14T04:08:22+00:00
yolo26m,fp32,8,640,leaf,82,13,m.0.m.0.cv1,Conv,13,087d65f61eafd323,"Conv[128->128,k3,s1]@8x128x40x40","{""kind"": ""tensor"", ""shape"": [8, 128, 40, 40], ""dtype"": ""float32""}","[{""shape"": [8, 128, 40, 40], ""dtype"": ""float32""}]",147584,8.4.148,2026-09-14T04:08:22+00:00
yolo26m,fp32,8,640,leaf,83,13,m.0.m.0.cv2,Conv,13,087d65f61eafd323,"Conv[128->128,k3,s1]@8x128x40x40","{""kind"": ""tensor"", ""shape"": [8, 128, 40, 40], ""dtype"": ""float32""}","[{""shape"": [8, 128, 40, 40], ""dtype"": ""float32""}]",147584,8.4.148,2026-09-14T04:08:22+00:00
yolo26m,fp32,8,640,leaf,84,13,op:add,op:add,13,2f2aaf05378c5de5,op:add[]@8x128x40x40+8x128x40x40,"{""kind"": ""list"", ""items"": [{""shape"": [8, 128, 40, 40], ""dtype"": ""float32""}, {""shape"": [8, 128, 40, 40], ""dtype"": ""float32""}]}","[{""shape"": [8, 128, 40, 40], ""dtype"": ""float32""}]",0,8.4.148,2026-09-14T04:08:22+00:00
yolo26m,fp32,8,640,leaf,85,13,m.0.m.1.cv1,Conv,13,087d65f61eafd323,"Conv[128->128,k3,s1]@8x128x40x40","{""kind"": ""tensor"", ""shape"": [8, 128, 40, 40], ""dtype"": ""float32""}","[{""shape"": [8, 128, 40, 40], ""dtype"": ""float32""}]",147584,8.4.148,2026-09-14T04:08:22+00:00
yolo26m,fp32,8,640,leaf,86,13,m.0.m.1.cv2,Conv,13,087d65f61eafd323,"Conv[128->128,k3,s1]@8x128x40x40","{""kind"": ""tensor"", ""shape"": [8, 128, 40, 40], ""dtype"": ""float32""}","[{""shape"": [8, 128, 40, 40], ""dtype"": ""float32""}]",147584,8.4.148,2026-09-14T04:08:22+00:00
yolo26m,fp32,8,640,leaf,87,13,op:add,op:add,13,2f2aaf05378c5de5,op:add[]@8x128x40x40+8x128x40x40,"{""kind"": ""list"", ""items"": [{""shape"": [8, 128, 40, 40], ""dtype"": ""float32""}, {""shape"": [8, 128, 40, 40], ""dtype"": ""float32""}]}","[{""shape"": [8, 128, 40, 40], ""dtype"": ""float32""}]",0,8.4.148,2026-09-14T04:08:22+00:00
yolo26m,fp32,8,640,leaf,88,13,m.0.cv2,Conv,13,c4a18823f9209ad6,"Conv[256->128,k1,s1]@8x256x40x40","{""kind"": ""tensor"", ""shape"": [8, 256, 40, 40], ""dtype"": ""float32""}","[{""shape"": [8, 128, 40, 40], ""dtype"": ""float32""}]",32896,8.4.148,2026-09-14T04:08:22+00:00
yolo26m,fp32,8,640,leaf,89,13,op:cat,op:cat,13,4a3a32d10523282a,op:cat[1]@8x128x40x40+8x128x40x40,"{""kind"": ""list"", ""items"": [{""shape"": [8, 128, 40, 40], ""dtype"": ""float32""}, {""shape"": [8, 128, 40, 40], ""dtype"": ""float32""}]}","[{""shape"": [8, 256, 40, 40], ""dtype"": ""float32""}]",0,8.4.148,2026-09-14T04:08:22+00:00
yolo26m,fp32,8,640,leaf,90,13,m.0.cv3,Conv,13,11e62c61d8271a9e,"Conv[256->256,k1,s1]@8x256x40x40","{""kind"": ""tensor"", ""shape"": [8, 256, 40, 40], ""dtype"": ""float32""}","[{""shape"": [8, 256, 40, 40], ""dtype"": ""float32""}]",65792,8.4.148,2026-09-14T04:08:22+00:00
yolo26m,fp32,8,640,leaf,91,13,op:cat,op:cat,13,52a176df0198d9f6,op:cat[1]@8x256x40x40+8x256x40x40+8x256x40x40,"{""kind"": ""list"", ""items"": [{""shape"": [8, 256, 40, 40], ""dtype"": ""float32""}, {""shape"": [8, 256, 40, 40], ""dtype"": ""float32""}, {""shape"": [8, 256, 40, 40], ""dtype"": ""float32""}]}","[{""shape"": [8, 768, 40, 40], ""dtype"": ""float32""}]",0,8.4.148,2026-09-14T04:08:22+00:00
yolo26m,fp32,8,640,leaf,92,13,cv2,Conv,13,8e49cb70137f957c,"Conv[768->512,k1,s1]@8x768x40x40","{""kind"": ""tensor"", ""shape"": [8, 768, 40, 40], ""dtype"": ""float32""}","[{""shape"": [8, 512, 40, 40], ""dtype"": ""float32""}]",393728,8.4.148,2026-09-14T04:08:22+00:00
yolo26m,fp32,8,640,leaf,93,14,,Upsample,14,89da20597acec760,"Upsample[x2.0,nearest]@8x512x40x40","{""kind"": ""tensor"", ""shape"": [8, 512, 40, 40], ""dtype"": ""float32""}","[{""shape"": [8, 512, 80, 80], ""dtype"": ""float32""}]",0,8.4.148,2026-09-14T04:08:22+00:00
yolo26m,fp32,8,640,leaf,94,15,,Concat,15,d2e1cac532e7f50d,Concat[d=1]@8x512x80x80+8x512x80x80,"{""kind"": ""list"", ""items"": [{""shape"": [8, 512, 80, 80], ""dtype"": ""float32""}, {""shape"": [8, 512, 80, 80], ""dtype"": ""float32""}]}","[{""shape"": [8, 1024, 80, 80], ""dtype"": ""float32""}]",0,8.4.148,2026-09-14T04:08:22+00:00
yolo26m,fp32,8,640,leaf,95,16,cv1,Conv,16,6bee4d6a1abd45d6,"Conv[1024->256,k1,s1]@8x1024x80x80","{""kind"": ""tensor"", ""shape"": [8, 1024, 80, 80], ""dtype"": ""float32""}","[{""shape"": [8, 256, 80, 80], ""dtype"": ""float32""}]",262400,8.4.148,2026-09-14T04:08:22+00:00
yolo26m,fp32,8,640,leaf,96,16,op:chunk,op:chunk,16,bc3aee341641241b,"op:chunk[2,1]@8x256x80x80","{""kind"": ""list"", ""items"": [{""shape"": [8, 256, 80, 80], ""dtype"": ""float32""}]}","[{""shape"": [8, 128, 80, 80], ""dtype"": ""float32""}, {""shape"": [8, 128, 80, 80], ""dtype"": ""float32""}]",0,8.4.148,2026-09-14T04:08:22+00:00
yolo26m,fp32,8,640,leaf,97,16,m.0.cv1,Conv,16,0e9acf54b9174796,"Conv[128->64,k1,s1]@8x128x80x80","{""kind"": ""tensor"", ""shape"": [8, 128, 80, 80], ""dtype"": ""float32""}","[{""shape"": [8, 64, 80, 80], ""dtype"": ""float32""}]",8256,8.4.148,2026-09-14T04:08:22+00:00
yolo26m,fp32,8,640,leaf,98,16,m.0.m.0.cv1,Conv,16,fd00da5016903e6b,"Conv[64->64,k3,s1]@8x64x80x80","{""kind"": ""tensor"", ""shape"": [8, 64, 80, 80], ""dtype"": ""float32""}","[{""shape"": [8, 64, 80, 80], ""dtype"": ""float32""}]",36928,8.4.148,2026-09-14T04:08:22+00:00
yolo26m,fp32,8,640,leaf,99,16,m.0.m.0.cv2,Conv,16,fd00da5016903e6b,"Conv[64->64,k3,s1]@8x64x80x80","{""kind"": ""tensor"", ""shape"": [8, 64, 80, 80], ""dtype"": ""float32""}","[{""shape"": [8, 64, 80, 80], ""dtype"": ""float32""}]",36928,8.4.148,2026-09-14T04:08:22+00:00
yolo26m,fp32,8,640,leaf,100,16,op:add,op:add,16,cec2cea73f8ecdfb,op:add[]@8x64x80x80+8x64x80x80,"{""kind"": ""list"", ""items"": [{""shape"": [8, 64, 80, 80], ""dtype"": ""float32""}, {""shape"": [8, 64, 80, 80], ""dtype"": ""float32""}]}","[{""shape"": [8, 64, 80, 80], ""dtype"": ""float32""}]",0,8.4.148,2026-09-14T04:08:22+00:00
yolo26m,fp32,8,640,leaf,101,16,m.0.m.1.cv1,Conv,16,fd00da5016903e6b,"Conv[64->64,k3,s1]@8x64x80x80","{""kind"": ""tensor"", ""shape"": [8, 64, 80, 80], ""dtype"": ""float32""}","[{""shape"": [8, 64, 80, 80], ""dtype"": ""float32""}]",36928,8.4.148,2026-09-14T04:08:22+00:00
yolo26m,fp32,8,640,leaf,102,16,m.0.m.1.cv2,Conv,16,fd00da5016903e6b,"Conv[64->64,k3,s1]@8x64x80x80","{""kind"": ""tensor"", ""shape"": [8, 64, 80, 80], ""dtype"": ""float32""}","[{""shape"": [8, 64, 80, 80], ""dtype"": ""float32""}]",36928,8.4.148,2026-09-14T04:08:22+00:00
yolo26m,fp32,8,640,leaf,103,16,op:add,op:add,16,cec2cea73f8ecdfb,op:add[]@8x64x80x80+8x64x80x80,"{""kind"": ""list"", ""items"": [{""shape"": [8, 64, 80, 80], ""dtype"": ""float32""}, {""shape"": [8, 64, 80, 80], ""dtype"": ""float32""}]}","[{""shape"": [8, 64, 80, 80], ""dtype"": ""float32""}]",0,8.4.148,2026-09-14T04:08:22+00:00
yolo26m,fp32,8,640,leaf,104,16,m.0.cv2,Conv,16,0e9acf54b9174796,"Conv[128->64,k1,s1]@8x128x80x80","{""kind"": ""tensor"", ""shape"": [8, 128, 80, 80], ""dtype"": ""float32""}","[{""shape"": [8, 64, 80, 80], ""dtype"": ""float32""}]",8256,8.4.148,2026-09-14T04:08:22+00:00
yolo26m,fp32,8,640,leaf,105,16,op:cat,op:cat,16,07c4af67a484965b,op:cat[1]@8x64x80x80+8x64x80x80,"{""kind"": ""list"", ""items"": [{""shape"": [8, 64, 80, 80], ""dtype"": ""float32""}, {""shape"": [8, 64, 80, 80], ""dtype"": ""float32""}]}","[{""shape"": [8, 128, 80, 80], ""dtype"": ""float32""}]",0,8.4.148,2026-09-14T04:08:22+00:00
yolo26m,fp32,8,640,leaf,106,16,m.0.cv3,Conv,16,7581abc56c54a219,"Conv[128->128,k1,s1]@8x128x80x80","{""kind"": ""tensor"", ""shape"": [8, 128, 80, 80], ""dtype"": ""float32""}","[{""shape"": [8, 128, 80, 80], ""dtype"": ""float32""}]",16512,8.4.148,2026-09-14T04:08:22+00:00
yolo26m,fp32,8,640,leaf,107,16,op:cat,op:cat,16,c5e5a0e8a790b392,op:cat[1]@8x128x80x80+8x128x80x80+8x128x80x80,"{""kind"": ""list"", ""items"": [{""shape"": [8, 128, 80, 80], ""dtype"": ""float32""}, {""shape"": [8, 128, 80, 80], ""dtype"": ""float32""}, {""shape"": [8, 128, 80, 80], ""dtype"": ""float32""}]}","[{""shape"": [8, 384, 80, 80], ""dtype"": ""float32""}]",0,8.4.148,2026-09-14T04:08:22+00:00
yolo26m,fp32,8,640,leaf,108,16,cv2,Conv,16,bef7893bd08177bf,"Conv[384->256,k1,s1]@8x384x80x80","{""kind"": ""tensor"", ""shape"": [8, 384, 80, 80], ""dtype"": ""float32""}","[{""shape"": [8, 256, 80, 80], ""dtype"": ""float32""}]",98560,8.4.148,2026-09-14T04:08:22+00:00
yolo26m,fp32,8,640,leaf,109,17,,Conv,17,634500bb0efebbd0,"Conv[256->256,k3,s2]@8x256x80x80","{""kind"": ""tensor"", ""shape"": [8, 256, 80, 80], ""dtype"": ""float32""}","[{""shape"": [8, 256, 40, 40], ""dtype"": ""float32""}]",590080,8.4.148,2026-09-14T04:08:22+00:00
yolo26m,fp32,8,640,leaf,110,18,,Concat,18,83ca0a492b02a8b9,Concat[d=1]@8x256x40x40+8x512x40x40,"{""kind"": ""list"", ""items"": [{""shape"": [8, 256, 40, 40], ""dtype"": ""float32""}, {""shape"": [8, 512, 40, 40], ""dtype"": ""float32""}]}","[{""shape"": [8, 768, 40, 40], ""dtype"": ""float32""}]",0,8.4.148,2026-09-14T04:08:22+00:00
yolo26m,fp32,8,640,leaf,111,19,cv1,Conv,19,8e49cb70137f957c,"Conv[768->512,k1,s1]@8x768x40x40","{""kind"": ""tensor"", ""shape"": [8, 768, 40, 40], ""dtype"": ""float32""}","[{""shape"": [8, 512, 40, 40], ""dtype"": ""float32""}]",393728,8.4.148,2026-09-14T04:08:22+00:00
yolo26m,fp32,8,640,leaf,112,19,op:chunk,op:chunk,19,0b05ed81109ed06a,"op:chunk[2,1]@8x512x40x40","{""kind"": ""list"", ""items"": [{""shape"": [8, 512, 40, 40], ""dtype"": ""float32""}]}","[{""shape"": [8, 256, 40, 40], ""dtype"": ""float32""}, {""shape"": [8, 256, 40, 40], ""dtype"": ""float32""}]",0,8.4.148,2026-09-14T04:08:22+00:00
yolo26m,fp32,8,640,leaf,113,19,m.0.cv1,Conv,19,c4a18823f9209ad6,"Conv[256->128,k1,s1]@8x256x40x40","{""kind"": ""tensor"", ""shape"": [8, 256, 40, 40], ""dtype"": ""float32""}","[{""shape"": [8, 128, 40, 40], ""dtype"": ""float32""}]",32896,8.4.148,2026-09-14T04:08:22+00:00
yolo26m,fp32,8,640,leaf,114,19,m.0.m.0.cv1,Conv,19,087d65f61eafd323,"Conv[128->128,k3,s1]@8x128x40x40","{""kind"": ""tensor"", ""shape"": [8, 128, 40, 40], ""dtype"": ""float32""}","[{""shape"": [8, 128, 40, 40], ""dtype"": ""float32""}]",147584,8.4.148,2026-09-14T04:08:22+00:00
yolo26m,fp32,8,640,leaf,115,19,m.0.m.0.cv2,Conv,19,087d65f61eafd323,"Conv[128->128,k3,s1]@8x128x40x40","{""kind"": ""tensor"", ""shape"": [8, 128, 40, 40], ""dtype"": ""float32""}","[{""shape"": [8, 128, 40, 40], ""dtype"": ""float32""}]",147584,8.4.148,2026-09-14T04:08:22+00:00
yolo26m,fp32,8,640,leaf,116,19,op:add,op:add,19,2f2aaf05378c5de5,op:add[]@8x128x40x40+8x128x40x40,"{""kind"": ""list"", ""items"": [{""shape"": [8, 128, 40, 40], ""dtype"": ""float32""}, {""shape"": [8, 128, 40, 40], ""dtype"": ""float32""}]}","[{""shape"": [8, 128, 40, 40], ""dtype"": ""float32""}]",0,8.4.148,2026-09-14T04:08:22+00:00
yolo26m,fp32,8,640,leaf,117,19,m.0.m.1.cv1,Conv,19,087d65f61eafd323,"Conv[128->128,k3,s1]@8x128x40x40","{""kind"": ""tensor"", ""shape"": [8, 128, 40, 40], ""dtype"": ""float32""}","[{""shape"": [8, 128, 40, 40], ""dtype"": ""float32""}]",147584,8.4.148,2026-09-14T04:08:22+00:00
yolo26m,fp32,8,640,leaf,118,19,m.0.m.1.cv2,Conv,19,087d65f61eafd323,"Conv[128->128,k3,s1]@8x128x40x40","{""kind"": ""tensor"", ""shape"": [8, 128, 40, 40], ""dtype"": ""float32""}","[{""shape"": [8, 128, 40, 40], ""dtype"": ""float32""}]",147584,8.4.148,2026-09-14T04:08:22+00:00
yolo26m,fp32,8,640,leaf,119,19,op:add,op:add,19,2f2aaf05378c5de5,op:add[]@8x128x40x40+8x128x40x40,"{""kind"": ""list"", ""items"": [{""shape"": [8, 128, 40, 40], ""dtype"": ""float32""}, {""shape"": [8, 128, 40, 40], ""dtype"": ""float32""}]}","[{""shape"": [8, 128, 40, 40], ""dtype"": ""float32""}]",0,8.4.148,2026-09-14T04:08:22+00:00
yolo26m,fp32,8,640,leaf,120,19,m.0.cv2,Conv,19,c4a18823f9209ad6,"Conv[256->128,k1,s1]@8x256x40x40","{""kind"": ""tensor"", ""shape"": [8, 256, 40, 40], ""dtype"": ""float32""}","[{""shape"": [8, 128, 40, 40], ""dtype"": ""float32""}]",32896,8.4.148,2026-09-14T04:08:22+00:00
yolo26m,fp32,8,640,leaf,121,19,op:cat,op:cat,19,4a3a32d10523282a,op:cat[1]@8x128x40x40+8x128x40x40,"{""kind"": ""list"", ""items"": [{""shape"": [8, 128, 40, 40], ""dtype"": ""float32""}, {""shape"": [8, 128, 40, 40], ""dtype"": ""float32""}]}","[{""shape"": [8, 256, 40, 40], ""dtype"": ""float32""}]",0,8.4.148,2026-09-14T04:08:22+00:00
yolo26m,fp32,8,640,leaf,122,19,m.0.cv3,Conv,19,11e62c61d8271a9e,"Conv[256->256,k1,s1]@8x256x40x40","{""kind"": ""tensor"", ""shape"": [8, 256, 40, 40], ""dtype"": ""float32""}","[{""shape"": [8, 256, 40, 40], ""dtype"": ""float32""}]",65792,8.4.148,2026-09-14T04:08:22+00:00
yolo26m,fp32,8,640,leaf,123,19,op:cat,op:cat,19,52a176df0198d9f6,op:cat[1]@8x256x40x40+8x256x40x40+8x256x40x40,"{""kind"": ""list"", ""items"": [{""shape"": [8, 256, 40, 40], ""dtype"": ""float32""}, {""shape"": [8, 256, 40, 40], ""dtype"": ""float32""}, {""shape"": [8, 256, 40, 40], ""dtype"": ""float32""}]}","[{""shape"": [8, 768, 40, 40], ""dtype"": ""float32""}]",0,8.4.148,2026-09-14T04:08:22+00:00
yolo26m,fp32,8,640,leaf,124,19,cv2,Conv,19,8e49cb70137f957c,"Conv[768->512,k1,s1]@8x768x40x40","{""kind"": ""tensor"", ""shape"": [8, 768, 40, 40], ""dtype"": ""float32""}","[{""shape"": [8, 512, 40, 40], ""dtype"": ""float32""}]",393728,8.4.148,2026-09-14T04:08:22+00:00
yolo26m,fp32,8,640,leaf,125,20,,Conv,20,51c5320ffd1d0cd3,"Conv[512->512,k3,s2]@8x512x40x40","{""kind"": ""tensor"", ""shape"": [8, 512, 40, 40], ""dtype"": ""float32""}","[{""shape"": [8, 512, 20, 20], ""dtype"": ""float32""}]",2359808,8.4.148,2026-09-14T04:08:22+00:00
yolo26m,fp32,8,640,leaf,126,21,,Concat,21,55469bff886f0757,Concat[d=1]@8x512x20x20+8x512x20x20,"{""kind"": ""list"", ""items"": [{""shape"": [8, 512, 20, 20], ""dtype"": ""float32""}, {""shape"": [8, 512, 20, 20], ""dtype"": ""float32""}]}","[{""shape"": [8, 1024, 20, 20], ""dtype"": ""float32""}]",0,8.4.148,2026-09-14T04:08:22+00:00
yolo26m,fp32,8,640,leaf,127,22,cv1,Conv,22,b5bc2b79e089be51,"Conv[1024->512,k1,s1]@8x1024x20x20","{""kind"": ""tensor"", ""shape"": [8, 1024, 20, 20], ""dtype"": ""float32""}","[{""shape"": [8, 512, 20, 20], ""dtype"": ""float32""}]",524800,8.4.148,2026-09-14T04:08:22+00:00
yolo26m,fp32,8,640,leaf,128,22,op:chunk,op:chunk,22,2c40623f6a4754b9,"op:chunk[2,1]@8x512x20x20","{""kind"": ""list"", ""items"": [{""shape"": [8, 512, 20, 20], ""dtype"": ""float32""}]}","[{""shape"": [8, 256, 20, 20], ""dtype"": ""float32""}, {""shape"": [8, 256, 20, 20], ""dtype"": ""float32""}]",0,8.4.148,2026-09-14T04:08:22+00:00
yolo26m,fp32,8,640,leaf,129,22,m.0.0.cv1,Conv,22,44fc1ce70d1c2a9d,"Conv[256->128,k3,s1]@8x256x20x20","{""kind"": ""tensor"", ""shape"": [8, 256, 20, 20], ""dtype"": ""float32""}","[{""shape"": [8, 128, 20, 20], ""dtype"": ""float32""}]",295040,8.4.148,2026-09-14T04:08:22+00:00
yolo26m,fp32,8,640,leaf,130,22,m.0.0.cv2,Conv,22,fde98d0c407e8e25,"Conv[128->256,k3,s1]@8x128x20x20","{""kind"": ""tensor"", ""shape"": [8, 128, 20, 20], ""dtype"": ""float32""}","[{""shape"": [8, 256, 20, 20], ""dtype"": ""float32""}]",295168,8.4.148,2026-09-14T04:08:22+00:00
yolo26m,fp32,8,640,leaf,131,22,op:add,op:add,22,92d96cfa8127ba1e,op:add[]@8x256x20x20+8x256x20x20,"{""kind"": ""list"", ""items"": [{""shape"": [8, 256, 20, 20], ""dtype"": ""float32""}, {""shape"": [8, 256, 20, 20], ""dtype"": ""float32""}]}","[{""shape"": [8, 256, 20, 20], ""dtype"": ""float32""}]",0,8.4.148,2026-09-14T04:08:22+00:00
yolo26m,fp32,8,640,leaf,132,22,m.0.1.attn,Attention,22,db16302334894c72,"Attention[256->256,p=199936]@8x256x20x20","{""kind"": ""tensor"", ""shape"": [8, 256, 20, 20], ""dtype"": ""float32""}","[{""shape"": [8, 256, 20, 20], ""dtype"": ""float32""}]",199936,8.4.148,2026-09-14T04:08:22+00:00
yolo26m,fp32,8,640,leaf,133,22,op:add,op:add,22,92d96cfa8127ba1e,op:add[]@8x256x20x20+8x256x20x20,"{""kind"": ""list"", ""items"": [{""shape"": [8, 256, 20, 20], ""dtype"": ""float32""}, {""shape"": [8, 256, 20, 20], ""dtype"": ""float32""}]}","[{""shape"": [8, 256, 20, 20], ""dtype"": ""float32""}]",0,8.4.148,2026-09-14T04:08:22+00:00
yolo26m,fp32,8,640,leaf,134,22,m.0.1.ffn.0,Conv,22,e8ea82be572f7311,"Conv[256->512,k1,s1]@8x256x20x20","{""kind"": ""tensor"", ""shape"": [8, 256, 20, 20], ""dtype"": ""float32""}","[{""shape"": [8, 512, 20, 20], ""dtype"": ""float32""}]",131584,8.4.148,2026-09-14T04:08:22+00:00
yolo26m,fp32,8,640,leaf,135,22,m.0.1.ffn.1,Conv,22,0b8f608ca57b30e6,"Conv[512->256,k1,s1]@8x512x20x20","{""kind"": ""tensor"", ""shape"": [8, 512, 20, 20], ""dtype"": ""float32""}","[{""shape"": [8, 256, 20, 20], ""dtype"": ""float32""}]",131328,8.4.148,2026-09-14T04:08:22+00:00
yolo26m,fp32,8,640,leaf,136,22,op:add,op:add,22,92d96cfa8127ba1e,op:add[]@8x256x20x20+8x256x20x20,"{""kind"": ""list"", ""items"": [{""shape"": [8, 256, 20, 20], ""dtype"": ""float32""}, {""shape"": [8, 256, 20, 20], ""dtype"": ""float32""}]}","[{""shape"": [8, 256, 20, 20], ""dtype"": ""float32""}]",0,8.4.148,2026-09-14T04:08:22+00:00
yolo26m,fp32,8,640,leaf,137,22,op:cat,op:cat,22,f5703a252a2f0d1d,op:cat[1]@8x256x20x20+8x256x20x20+8x256x20x20,"{""kind"": ""list"", ""items"": [{""shape"": [8, 256, 20, 20], ""dtype"": ""float32""}, {""shape"": [8, 256, 20, 20], ""dtype"": ""float32""}, {""shape"": [8, 256, 20, 20], ""dtype"": ""float32""}]}","[{""shape"": [8, 768, 20, 20], ""dtype"": ""float32""}]",0,8.4.148,2026-09-14T04:08:22+00:00
yolo26m,fp32,8,640,leaf,138,22,cv2,Conv,22,db03e6ad10d04d30,"Conv[768->512,k1,s1]@8x768x20x20","{""kind"": ""tensor"", ""shape"": [8, 768, 20, 20], ""dtype"": ""float32""}","[{""shape"": [8, 512, 20, 20], ""dtype"": ""float32""}]",393728,8.4.148,2026-09-14T04:08:22+00:00
yolo26m,fp32,8,640,leaf,139,23,,Detect,23,3c3af01ca27760d5,"Detect[nc=80,e2e]@8x256x80x80+8x512x40x40+8x512x20x20","{""kind"": ""list"", ""items"": [{""shape"": [8, 256, 80, 80], ""dtype"": ""float32""}, {""shape"": [8, 512, 40, 40], ""dtype"": ""float32""}, {""shape"": [8, 512, 20, 20], ""dtype"": ""float32""}]}","[{""shape"": [8, 300, 6], ""dtype"": ""float32""}, {""shape"": [8, 4, 8400], ""dtype"": ""float32""}, {""shape"": [8, 80, 8400], ""dtype"": ""float32""}, {""shape"": [8, 256, 80, 80], ""dtype"": ""float32""}, {""shape"": [8, 512, 40, 40], ""dtype"": ""float32""}, {""shape"": [8, 512, 20, 20], ""dtype"": ""float32""}]",1457020,8.4.148,2026-09-14T04:08:22+00:00
yolo26l,fp32,8,640,leaf,0,0,,Conv,0,7fbcf77391bd51c9,"Conv[3->64,k3,s2]@8x3x640x640","{""kind"": ""tensor"", ""shape"": [8, 3, 640, 640], ""dtype"": ""float32""}","[{""shape"": [8, 64, 320, 320], ""dtype"": ""float32""}]",1792,8.4.148,2026-09-14T04:11:55+00:00
yolo26l,fp32,8,640,leaf,1,1,,Conv,1,a25603029838569e,"Conv[64->128,k3,s2]@8x64x320x320","{""kind"": ""tensor"", ""shape"": [8, 64, 320, 320], ""dtype"": ""float32""}","[{""shape"": [8, 128, 160, 160], ""dtype"": ""float32""}]",73856,8.4.148,2026-09-14T04:11:55+00:00
yolo26l,fp32,8,640,leaf,2,2,cv1,Conv,2,9399302068398e53,"Conv[128->128,k1,s1]@8x128x160x160","{""kind"": ""tensor"", ""shape"": [8, 128, 160, 160], ""dtype"": ""float32""}","[{""shape"": [8, 128, 160, 160], ""dtype"": ""float32""}]",16512,8.4.148,2026-09-14T04:11:55+00:00
yolo26l,fp32,8,640,leaf,3,2,op:chunk,op:chunk,2,f1489a52e36f776d,"op:chunk[2,1]@8x128x160x160","{""kind"": ""list"", ""items"": [{""shape"": [8, 128, 160, 160], ""dtype"": ""float32""}]}","[{""shape"": [8, 64, 160, 160], ""dtype"": ""float32""}, {""shape"": [8, 64, 160, 160], ""dtype"": ""float32""}]",0,8.4.148,2026-09-14T04:11:55+00:00
yolo26l,fp32,8,640,leaf,4,2,m.0.cv1,Conv,2,c76345faa463f04a,"Conv[64->32,k1,s1]@8x64x160x160","{""kind"": ""tensor"", ""shape"": [8, 64, 160, 160], ""dtype"": ""float32""}","[{""shape"": [8, 32, 160, 160], ""dtype"": ""float32""}]",2080,8.4.148,2026-09-14T04:11:55+00:00
yolo26l,fp32,8,640,leaf,5,2,m.0.m.0.cv1,Conv,2,78b646920298c70c,"Conv[32->32,k3,s1]@8x32x160x160","{""kind"": ""tensor"", ""shape"": [8, 32, 160, 160], ""dtype"": ""float32""}","[{""shape"": [8, 32, 160, 160], ""dtype"": ""float32""}]",9248,8.4.148,2026-09-14T04:11:55+00:00
yolo26l,fp32,8,640,leaf,6,2,m.0.m.0.cv2,Conv,2,78b646920298c70c,"Conv[32->32,k3,s1]@8x32x160x160","{""kind"": ""tensor"", ""shape"": [8, 32, 160, 160], ""dtype"": ""float32""}","[{""shape"": [8, 32, 160, 160], ""dtype"": ""float32""}]",9248,8.4.148,2026-09-14T04:11:55+00:00
yolo26l,fp32,8,640,leaf,7,2,op:add,op:add,2,b4416687b299015a,op:add[]@8x32x160x160+8x32x160x160,"{""kind"": ""list"", ""items"": [{""shape"": [8, 32, 160, 160], ""dtype"": ""float32""}, {""shape"": [8, 32, 160, 160], ""dtype"": ""float32""}]}","[{""shape"": [8, 32, 160, 160], ""dtype"": ""float32""}]",0,8.4.148,2026-09-14T04:11:55+00:00
yolo26l,fp32,8,640,leaf,8,2,m.0.m.1.cv1,Conv,2,78b646920298c70c,"Conv[32->32,k3,s1]@8x32x160x160","{""kind"": ""tensor"", ""shape"": [8, 32, 160, 160], ""dtype"": ""float32""}","[{""shape"": [8, 32, 160, 160], ""dtype"": ""float32""}]",9248,8.4.148,2026-09-14T04:11:55+00:00
yolo26l,fp32,8,640,leaf,9,2,m.0.m.1.cv2,Conv,2,78b646920298c70c,"Conv[32->32,k3,s1]@8x32x160x160","{""kind"": ""tensor"", ""shape"": [8, 32, 160, 160], ""dtype"": ""float32""}","[{""shape"": [8, 32, 160, 160], ""dtype"": ""float32""}]",9248,8.4.148,2026-09-14T04:11:55+00:00
yolo26l,fp32,8,640,leaf,10,2,op:add,op:add,2,b4416687b299015a,op:add[]@8x32x160x160+8x32x160x160,"{""kind"": ""list"", ""items"": [{""shape"": [8, 32, 160, 160], ""dtype"": ""float32""}, {""shape"": [8, 32, 160, 160], ""dtype"": ""float32""}]}","[{""shape"": [8, 32, 160, 160], ""dtype"": ""float32""}]",0,8.4.148,2026-09-14T04:11:55+00:00
yolo26l,fp32,8,640,leaf,11,2,m.0.cv2,Conv,2,c76345faa463f04a,"Conv[64->32,k1,s1]@8x64x160x160","{""kind"": ""tensor"", ""shape"": [8, 64, 160, 160], ""dtype"": ""float32""}","[{""shape"": [8, 32, 160, 160], ""dtype"": ""float32""}]",2080,8.4.148,2026-09-14T04:11:55+00:00
yolo26l,fp32,8,640,leaf,12,2,op:cat,op:cat,2,25660e8a87c27ad8,op:cat[1]@8x32x160x160+8x32x160x160,"{""kind"": ""list"", ""items"": [{""shape"": [8, 32, 160, 160], ""dtype"": ""float32""}, {""shape"": [8, 32, 160, 160], ""dtype"": ""float32""}]}","[{""shape"": [8, 64, 160, 160], ""dtype"": ""float32""}]",0,8.4.148,2026-09-14T04:11:55+00:00
yolo26l,fp32,8,640,leaf,13,2,m.0.cv3,Conv,2,c1df39920843bb32,"Conv[64->64,k1,s1]@8x64x160x160","{""kind"": ""tensor"", ""shape"": [8, 64, 160, 160], ""dtype"": ""float32""}","[{""shape"": [8, 64, 160, 160], ""dtype"": ""float32""}]",4160,8.4.148,2026-09-14T04:11:55+00:00
yolo26l,fp32,8,640,leaf,14,2,m.1.cv1,Conv,2,c76345faa463f04a,"Conv[64->32,k1,s1]@8x64x160x160","{""kind"": ""tensor"", ""shape"": [8, 64, 160, 160], ""dtype"": ""float32""}","[{""shape"": [8, 32, 160, 160], ""dtype"": ""float32""}]",2080,8.4.148,2026-09-14T04:11:55+00:00
yolo26l,fp32,8,640,leaf,15,2,m.1.m.0.cv1,Conv,2,78b646920298c70c,"Conv[32->32,k3,s1]@8x32x160x160","{""kind"": ""tensor"", ""shape"": [8, 32, 160, 160], ""dtype"": ""float32""}","[{""shape"": [8, 32, 160, 160], ""dtype"": ""float32""}]",9248,8.4.148,2026-09-14T04:11:55+00:00
yolo26l,fp32,8,640,leaf,16,2,m.1.m.0.cv2,Conv,2,78b646920298c70c,"Conv[32->32,k3,s1]@8x32x160x160","{""kind"": ""tensor"", ""shape"": [8, 32, 160, 160], ""dtype"": ""float32""}","[{""shape"": [8, 32, 160, 160], ""dtype"": ""float32""}]",9248,8.4.148,2026-09-14T04:11:55+00:00
yolo26l,fp32,8,640,leaf,17,2,op:add,op:add,2,b4416687b299015a,op:add[]@8x32x160x160+8x32x160x160,"{""kind"": ""list"", ""items"": [{""shape"": [8, 32, 160, 160], ""dtype"": ""float32""}, {""shape"": [8, 32, 160, 160], ""dtype"": ""float32""}]}","[{""shape"": [8, 32, 160, 160], ""dtype"": ""float32""}]",0,8.4.148,2026-09-14T04:11:55+00:00
yolo26l,fp32,8,640,leaf,18,2,m.1.m.1.cv1,Conv,2,78b646920298c70c,"Conv[32->32,k3,s1]@8x32x160x160","{""kind"": ""tensor"", ""shape"": [8, 32, 160, 160], ""dtype"": ""float32""}","[{""shape"": [8, 32, 160, 160], ""dtype"": ""float32""}]",9248,8.4.148,2026-09-14T04:11:55+00:00
yolo26l,fp32,8,640,leaf,19,2,m.1.m.1.cv2,Conv,2,78b646920298c70c,"Conv[32->32,k3,s1]@8x32x160x160","{""kind"": ""tensor"", ""shape"": [8, 32, 160, 160], ""dtype"": ""float32""}","[{""shape"": [8, 32, 160, 160], ""dtype"": ""float32""}]",9248,8.4.148,2026-09-14T04:11:55+00:00
yolo26l,fp32,8,640,leaf,20,2,op:add,op:add,2,b4416687b299015a,op:add[]@8x32x160x160+8x32x160x160,"{""kind"": ""list"", ""items"": [{""shape"": [8, 32, 160, 160], ""dtype"": ""float32""}, {""shape"": [8, 32, 160, 160], ""dtype"": ""float32""}]}","[{""shape"": [8, 32, 160, 160], ""dtype"": ""float32""}]",0,8.4.148,2026-09-14T04:11:55+00:00
yolo26l,fp32,8,640,leaf,21,2,m.1.cv2,Conv,2,c76345faa463f04a,"Conv[64->32,k1,s1]@8x64x160x160","{""kind"": ""tensor"", ""shape"": [8, 64, 160, 160], ""dtype"": ""float32""}","[{""shape"": [8, 32, 160, 160], ""dtype"": ""float32""}]",2080,8.4.148,2026-09-14T04:11:55+00:00
yolo26l,fp32,8,640,leaf,22,2,op:cat,op:cat,2,25660e8a87c27ad8,op:cat[1]@8x32x160x160+8x32x160x160,"{""kind"": ""list"", ""items"": [{""shape"": [8, 32, 160, 160], ""dtype"": ""float32""}, {""shape"": [8, 32, 160, 160], ""dtype"": ""float32""}]}","[{""shape"": [8, 64, 160, 160], ""dtype"": ""float32""}]",0,8.4.148,2026-09-14T04:11:55+00:00
yolo26l,fp32,8,640,leaf,23,2,m.1.cv3,Conv,2,c1df39920843bb32,"Conv[64->64,k1,s1]@8x64x160x160","{""kind"": ""tensor"", ""shape"": [8, 64, 160, 160], ""dtype"": ""float32""}","[{""shape"": [8, 64, 160, 160], ""dtype"": ""float32""}]",4160,8.4.148,2026-09-14T04:11:55+00:00
yolo26l,fp32,8,640,leaf,24,2,op:cat,op:cat,2,494fdcf662bc537d,op:cat[1]@8x64x160x160+8x64x160x160+8x64x160x160+8x64x160x160,"{""kind"": ""list"", ""items"": [{""shape"": [8, 64, 160, 160], ""dtype"": ""float32""}, {""shape"": [8, 64, 160, 160], ""dtype"": ""float32""}, {""shape"": [8, 64, 160, 160], ""dtype"": ""float32""}, {""shape"": [8, 64, 160, 160], ""dtype"": ""float32""}]}","[{""shape"": [8, 256, 160, 160], ""dtype"": ""float32""}]",0,8.4.148,2026-09-14T04:11:55+00:00
yolo26l,fp32,8,640,leaf,25,2,cv2,Conv,2,cb9d4ac129b83903,"Conv[256->256,k1,s1]@8x256x160x160","{""kind"": ""tensor"", ""shape"": [8, 256, 160, 160], ""dtype"": ""float32""}","[{""shape"": [8, 256, 160, 160], ""dtype"": ""float32""}]",65792,8.4.148,2026-09-14T04:11:55+00:00
yolo26l,fp32,8,640,leaf,26,3,,Conv,3,9f4acd1607647caf,"Conv[256->256,k3,s2]@8x256x160x160","{""kind"": ""tensor"", ""shape"": [8, 256, 160, 160], ""dtype"": ""float32""}","[{""shape"": [8, 256, 80, 80], ""dtype"": ""float32""}]",590080,8.4.148,2026-09-14T04:11:55+00:00
yolo26l,fp32,8,640,leaf,27,4,cv1,Conv,4,30742260066b82f9,"Conv[256->256,k1,s1]@8x256x80x80","{""kind"": ""tensor"", ""shape"": [8, 256, 80, 80], ""dtype"": ""float32""}","[{""shape"": [8, 256, 80, 80], ""dtype"": ""float32""}]",65792,8.4.148,2026-09-14T04:11:55+00:00
yolo26l,fp32,8,640,leaf,28,4,op:chunk,op:chunk,4,bc3aee341641241b,"op:chunk[2,1]@8x256x80x80","{""kind"": ""list"", ""items"": [{""shape"": [8, 256, 80, 80], ""dtype"": ""float32""}]}","[{""shape"": [8, 128, 80, 80], ""dtype"": ""float32""}, {""shape"": [8, 128, 80, 80], ""dtype"": ""float32""}]",0,8.4.148,2026-09-14T04:11:55+00:00
yolo26l,fp32,8,640,leaf,29,4,m.0.cv1,Conv,4,0e9acf54b9174796,"Conv[128->64,k1,s1]@8x128x80x80","{""kind"": ""tensor"", ""shape"": [8, 128, 80, 80], ""dtype"": ""float32""}","[{""shape"": [8, 64, 80, 80], ""dtype"": ""float32""}]",8256,8.4.148,2026-09-14T04:11:55+00:00
yolo26l,fp32,8,640,leaf,30,4,m.0.m.0.cv1,Conv,4,fd00da5016903e6b,"Conv[64->64,k3,s1]@8x64x80x80","{""kind"": ""tensor"", ""shape"": [8, 64, 80, 80], ""dtype"": ""float32""}","[{""shape"": [8, 64, 80, 80], ""dtype"": ""float32""}]",36928,8.4.148,2026-09-14T04:11:55+00:00
yolo26l,fp32,8,640,leaf,31,4,m.0.m.0.cv2,Conv,4,fd00da5016903e6b,"Conv[64->64,k3,s1]@8x64x80x80","{""kind"": ""tensor"", ""shape"": [8, 64, 80, 80], ""dtype"": ""float32""}","[{""shape"": [8, 64, 80, 80], ""dtype"": ""float32""}]",36928,8.4.148,2026-09-14T04:11:55+00:00
yolo26l,fp32,8,640,leaf,32,4,op:add,op:add,4,cec2cea73f8ecdfb,op:add[]@8x64x80x80+8x64x80x80,"{""kind"": ""list"", ""items"": [{""shape"": [8, 64, 80, 80], ""dtype"": ""float32""}, {""shape"": [8, 64, 80, 80], ""dtype"": ""float32""}]}","[{""shape"": [8, 64, 80, 80], ""dtype"": ""float32""}]",0,8.4.148,2026-09-14T04:11:55+00:00
yolo26l,fp32,8,640,leaf,33,4,m.0.m.1.cv1,Conv,4,fd00da5016903e6b,"Conv[64->64,k3,s1]@8x64x80x80","{""kind"": ""tensor"", ""shape"": [8, 64, 80, 80], ""dtype"": ""float32""}","[{""shape"": [8, 64, 80, 80], ""dtype"": ""float32""}]",36928,8.4.148,2026-09-14T04:11:55+00:00
yolo26l,fp32,8,640,leaf,34,4,m.0.m.1.cv2,Conv,4,fd00da5016903e6b,"Conv[64->64,k3,s1]@8x64x80x80","{""kind"": ""tensor"", ""shape"": [8, 64, 80, 80], ""dtype"": ""float32""}","[{""shape"": [8, 64, 80, 80], ""dtype"": ""float32""}]",36928,8.4.148,2026-09-14T04:11:55+00:00
yolo26l,fp32,8,640,leaf,35,4,op:add,op:add,4,cec2cea73f8ecdfb,op:add[]@8x64x80x80+8x64x80x80,"{""kind"": ""list"", ""items"": [{""shape"": [8, 64, 80, 80], ""dtype"": ""float32""}, {""shape"": [8, 64, 80, 80], ""dtype"": ""float32""}]}","[{""shape"": [8, 64, 80, 80], ""dtype"": ""float32""}]",0,8.4.148,2026-09-14T04:11:55+00:00
yolo26l,fp32,8,640,leaf,36,4,m.0.cv2,Conv,4,0e9acf54b9174796,"Conv[128->64,k1,s1]@8x128x80x80","{""kind"": ""tensor"", ""shape"": [8, 128, 80, 80], ""dtype"": ""float32""}","[{""shape"": [8, 64, 80, 80], ""dtype"": ""float32""}]",8256,8.4.148,2026-09-14T04:11:55+00:00
yolo26l,fp32,8,640,leaf,37,4,op:cat,op:cat,4,07c4af67a484965b,op:cat[1]@8x64x80x80+8x64x80x80,"{""kind"": ""list"", ""items"": [{""shape"": [8, 64, 80, 80], ""dtype"": ""float32""}, {""shape"": [8, 64, 80, 80], ""dtype"": ""float32""}]}","[{""shape"": [8, 128, 80, 80], ""dtype"": ""float32""}]",0,8.4.148,2026-09-14T04:11:55+00:00
yolo26l,fp32,8,640,leaf,38,4,m.0.cv3,Conv,4,7581abc56c54a219,"Conv[128->128,k1,s1]@8x128x80x80","{""kind"": ""tensor"", ""shape"": [8, 128, 80, 80], ""dtype"": ""float32""}","[{""shape"": [8, 128, 80, 80], ""dtype"": ""float32""}]",16512,8.4.148,2026-09-14T04:11:55+00:00
yolo26l,fp32,8,640,leaf,39,4,m.1.cv1,Conv,4,0e9acf54b9174796,"Conv[128->64,k1,s1]@8x128x80x80","{""kind"": ""tensor"", ""shape"": [8, 128, 80, 80], ""dtype"": ""float32""}","[{""shape"": [8, 64, 80, 80], ""dtype"": ""float32""}]",8256,8.4.148,2026-09-14T04:11:55+00:00
yolo26l,fp32,8,640,leaf,40,4,m.1.m.0.cv1,Conv,4,fd00da5016903e6b,"Conv[64->64,k3,s1]@8x64x80x80","{""kind"": ""tensor"", ""shape"": [8, 64, 80, 80], ""dtype"": ""float32""}","[{""shape"": [8, 64, 80, 80], ""dtype"": ""float32""}]",36928,8.4.148,2026-09-14T04:11:55+00:00
yolo26l,fp32,8,640,leaf,41,4,m.1.m.0.cv2,Conv,4,fd00da5016903e6b,"Conv[64->64,k3,s1]@8x64x80x80","{""kind"": ""tensor"", ""shape"": [8, 64, 80, 80], ""dtype"": ""float32""}","[{""shape"": [8, 64, 80, 80], ""dtype"": ""float32""}]",36928,8.4.148,2026-09-14T04:11:55+00:00
yolo26l,fp32,8,640,leaf,42,4,op:add,op:add,4,cec2cea73f8ecdfb,op:add[]@8x64x80x80+8x64x80x80,"{""kind"": ""list"", ""items"": [{""shape"": [8, 64, 80, 80], ""dtype"": ""float32""}, {""shape"": [8, 64, 80, 80], ""dtype"": ""float32""}]}","[{""shape"": [8, 64, 80, 80], ""dtype"": ""float32""}]",0,8.4.148,2026-09-14T04:11:55+00:00
yolo26l,fp32,8,640,leaf,43,4,m.1.m.1.cv1,Conv,4,fd00da5016903e6b,"Conv[64->64,k3,s1]@8x64x80x80","{""kind"": ""tensor"", ""shape"": [8, 64, 80, 80], ""dtype"": ""float32""}","[{""shape"": [8, 64, 80, 80], ""dtype"": ""float32""}]",36928,8.4.148,2026-09-14T04:11:55+00:00
yolo26l,fp32,8,640,leaf,44,4,m.1.m.1.cv2,Conv,4,fd00da5016903e6b,"Conv[64->64,k3,s1]@8x64x80x80","{""kind"": ""tensor"", ""shape"": [8, 64, 80, 80], ""dtype"": ""float32""}","[{""shape"": [8, 64, 80, 80], ""dtype"": ""float32""}]",36928,8.4.148,2026-09-14T04:11:55+00:00
yolo26l,fp32,8,640,leaf,45,4,op:add,op:add,4,cec2cea73f8ecdfb,op:add[]@8x64x80x80+8x64x80x80,"{""kind"": ""list"", ""items"": [{""shape"": [8, 64, 80, 80], ""dtype"": ""float32""}, {""shape"": [8, 64, 80, 80], ""dtype"": ""float32""}]}","[{""shape"": [8, 64, 80, 80], ""dtype"": ""float32""}]",0,8.4.148,2026-09-14T04:11:55+00:00
yolo26l,fp32,8,640,leaf,46,4,m.1.cv2,Conv,4,0e9acf54b9174796,"Conv[128->64,k1,s1]@8x128x80x80","{""kind"": ""tensor"", ""shape"": [8, 128, 80, 80], ""dtype"": ""float32""}","[{""shape"": [8, 64, 80, 80], ""dtype"": ""float32""}]",8256,8.4.148,2026-09-14T04:11:55+00:00
yolo26l,fp32,8,640,leaf,47,4,op:cat,op:cat,4,07c4af67a484965b,op:cat[1]@8x64x80x80+8x64x80x80,"{""kind"": ""list"", ""items"": [{""shape"": [8, 64, 80, 80], ""dtype"": ""float32""}, {""shape"": [8, 64, 80, 80], ""dtype"": ""float32""}]}","[{""shape"": [8, 128, 80, 80], ""dtype"": ""float32""}]",0,8.4.148,2026-09-14T04:11:55+00:00
yolo26l,fp32,8,640,leaf,48,4,m.1.cv3,Conv,4,7581abc56c54a219,"Conv[128->128,k1,s1]@8x128x80x80","{""kind"": ""tensor"", ""shape"": [8, 128, 80, 80], ""dtype"": ""float32""}","[{""shape"": [8, 128, 80, 80], ""dtype"": ""float32""}]",16512,8.4.148,2026-09-14T04:11:55+00:00
yolo26l,fp32,8,640,leaf,49,4,op:cat,op:cat,4,da563f29b3500383,op:cat[1]@8x128x80x80+8x128x80x80+8x128x80x80+8x128x80x80,"{""kind"": ""list"", ""items"": [{""shape"": [8, 128, 80, 80], ""dtype"": ""float32""}, {""shape"": [8, 128, 80, 80], ""dtype"": ""float32""}, {""shape"": [8, 128, 80, 80], ""dtype"": ""float32""}, {""shape"": [8, 128, 80, 80], ""dtype"": ""float32""}]}","[{""shape"": [8, 512, 80, 80], ""dtype"": ""float32""}]",0,8.4.148,2026-09-14T04:11:55+00:00
yolo26l,fp32,8,640,leaf,50,4,cv2,Conv,4,ecacf780ebff5444,"Conv[512->512,k1,s1]@8x512x80x80","{""kind"": ""tensor"", ""shape"": [8, 512, 80, 80], ""dtype"": ""float32""}","[{""shape"": [8, 512, 80, 80], ""dtype"": ""float32""}]",262656,8.4.148,2026-09-14T04:11:55+00:00
yolo26l,fp32,8,640,leaf,51,5,,Conv,5,09cae40c46d8a128,"Conv[512->512,k3,s2]@8x512x80x80","{""kind"": ""tensor"", ""shape"": [8, 512, 80, 80], ""dtype"": ""float32""}","[{""shape"": [8, 512, 40, 40], ""dtype"": ""float32""}]",2359808,8.4.148,2026-09-14T04:11:55+00:00
yolo26l,fp32,8,640,leaf,52,6,cv1,Conv,6,ce6718a4b8eefdbf,"Conv[512->512,k1,s1]@8x512x40x40","{""kind"": ""tensor"", ""shape"": [8, 512, 40, 40], ""dtype"": ""float32""}","[{""shape"": [8, 512, 40, 40], ""dtype"": ""float32""}]",262656,8.4.148,2026-09-14T04:11:55+00:00
yolo26l,fp32,8,640,leaf,53,6,op:chunk,op:chunk,6,0b05ed81109ed06a,"op:chunk[2,1]@8x512x40x40","{""kind"": ""list"", ""items"": [{""shape"": [8, 512, 40, 40], ""dtype"": ""float32""}]}","[{""shape"": [8, 256, 40, 40], ""dtype"": ""float32""}, {""shape"": [8, 256, 40, 40], ""dtype"": ""float32""}]",0,8.4.148,2026-09-14T04:11:55+00:00
yolo26l,fp32,8,640,leaf,54,6,m.0.cv1,Conv,6,c4a18823f9209ad6,"Conv[256->128,k1,s1]@8x256x40x40","{""kind"": ""tensor"", ""shape"": [8, 256, 40, 40], ""dtype"": ""float32""}","[{""shape"": [8, 128, 40, 40], ""dtype"": ""float32""}]",32896,8.4.148,2026-09-14T04:11:55+00:00
yolo26l,fp32,8,640,leaf,55,6,m.0.m.0.cv1,Conv,6,087d65f61eafd323,"Conv[128->128,k3,s1]@8x128x40x40","{""kind"": ""tensor"", ""shape"": [8, 128, 40, 40], ""dtype"": ""float32""}","[{""shape"": [8, 128, 40, 40], ""dtype"": ""float32""}]",147584,8.4.148,2026-09-14T04:11:55+00:00
yolo26l,fp32,8,640,leaf,56,6,m.0.m.0.cv2,Conv,6,087d65f61eafd323,"Conv[128->128,k3,s1]@8x128x40x40","{""kind"": ""tensor"", ""shape"": [8, 128, 40, 40], ""dtype"": ""float32""}","[{""shape"": [8, 128, 40, 40], ""dtype"": ""float32""}]",147584,8.4.148,2026-09-14T04:11:55+00:00
yolo26l,fp32,8,640,leaf,57,6,op:add,op:add,6,2f2aaf05378c5de5,op:add[]@8x128x40x40+8x128x40x40,"{""kind"": ""list"", ""items"": [{""shape"": [8, 128, 40, 40], ""dtype"": ""float32""}, {""shape"": [8, 128, 40, 40], ""dtype"": ""float32""}]}","[{""shape"": [8, 128, 40, 40], ""dtype"": ""float32""}]",0,8.4.148,2026-09-14T04:11:55+00:00
yolo26l,fp32,8,640,leaf,58,6,m.0.m.1.cv1,Conv,6,087d65f61eafd323,"Conv[128->128,k3,s1]@8x128x40x40","{""kind"": ""tensor"", ""shape"": [8, 128, 40, 40], ""dtype"": ""float32""}","[{""shape"": [8, 128, 40, 40], ""dtype"": ""float32""}]",147584,8.4.148,2026-09-14T04:11:55+00:00
yolo26l,fp32,8,640,leaf,59,6,m.0.m.1.cv2,Conv,6,087d65f61eafd323,"Conv[128->128,k3,s1]@8x128x40x40","{""kind"": ""tensor"", ""shape"": [8, 128, 40, 40], ""dtype"": ""float32""}","[{""shape"": [8, 128, 40, 40], ""dtype"": ""float32""}]",147584,8.4.148,2026-09-14T04:11:55+00:00
yolo26l,fp32,8,640,leaf,60,6,op:add,op:add,6,2f2aaf05378c5de5,op:add[]@8x128x40x40+8x128x40x40,"{""kind"": ""list"", ""items"": [{""shape"": [8, 128, 40, 40], ""dtype"": ""float32""}, {""shape"": [8, 128, 40, 40], ""dtype"": ""float32""}]}","[{""shape"": [8, 128, 40, 40], ""dtype"": ""float32""}]",0,8.4.148,2026-09-14T04:11:55+00:00
yolo26l,fp32,8,640,leaf,61,6,m.0.cv2,Conv,6,c4a18823f9209ad6,"Conv[256->128,k1,s1]@8x256x40x40","{""kind"": ""tensor"", ""shape"": [8, 256, 40, 40], ""dtype"": ""float32""}","[{""shape"": [8, 128, 40, 40], ""dtype"": ""float32""}]",32896,8.4.148,2026-09-14T04:11:55+00:00
yolo26l,fp32,8,640,leaf,62,6,op:cat,op:cat,6,4a3a32d10523282a,op:cat[1]@8x128x40x40+8x128x40x40,"{""kind"": ""list"", ""items"": [{""shape"": [8, 128, 40, 40], ""dtype"": ""float32""}, {""shape"": [8, 128, 40, 40], ""dtype"": ""float32""}]}","[{""shape"": [8, 256, 40, 40], ""dtype"": ""float32""}]",0,8.4.148,2026-09-14T04:11:55+00:00
yolo26l,fp32,8,640,leaf,63,6,m.0.cv3,Conv,6,11e62c61d8271a9e,"Conv[256->256,k1,s1]@8x256x40x40","{""kind"": ""tensor"", ""shape"": [8, 256, 40, 40], ""dtype"": ""float32""}","[{""shape"": [8, 256, 40, 40], ""dtype"": ""float32""}]",65792,8.4.148,2026-09-14T04:11:55+00:00
yolo26l,fp32,8,640,leaf,64,6,m.1.cv1,Conv,6,c4a18823f9209ad6,"Conv[256->128,k1,s1]@8x256x40x40","{""kind"": ""tensor"", ""shape"": [8, 256, 40, 40], ""dtype"": ""float32""}","[{""shape"": [8, 128, 40, 40], ""dtype"": ""float32""}]",32896,8.4.148,2026-09-14T04:11:55+00:00
yolo26l,fp32,8,640,leaf,65,6,m.1.m.0.cv1,Conv,6,087d65f61eafd323,"Conv[128->128,k3,s1]@8x128x40x40","{""kind"": ""tensor"", ""shape"": [8, 128, 40, 40], ""dtype"": ""float32""}","[{""shape"": [8, 128, 40, 40], ""dtype"": ""float32""}]",147584,8.4.148,2026-09-14T04:11:55+00:00
yolo26l,fp32,8,640,leaf,66,6,m.1.m.0.cv2,Conv,6,087d65f61eafd323,"Conv[128->128,k3,s1]@8x128x40x40","{""kind"": ""tensor"", ""shape"": [8, 128, 40, 40], ""dtype"": ""float32""}","[{""shape"": [8, 128, 40, 40], ""dtype"": ""float32""}]",147584,8.4.148,2026-09-14T04:11:55+00:00
yolo26l,fp32,8,640,leaf,67,6,op:add,op:add,6,2f2aaf05378c5de5,op:add[]@8x128x40x40+8x128x40x40,"{""kind"": ""list"", ""items"": [{""shape"": [8, 128, 40, 40], ""dtype"": ""float32""}, {""shape"": [8, 128, 40, 40], ""dtype"": ""float32""}]}","[{""shape"": [8, 128, 40, 40], ""dtype"": ""float32""}]",0,8.4.148,2026-09-14T04:11:55+00:00
yolo26l,fp32,8,640,leaf,68,6,m.1.m.1.cv1,Conv,6,087d65f61eafd323,"Conv[128->128,k3,s1]@8x128x40x40","{""kind"": ""tensor"", ""shape"": [8, 128, 40, 40], ""dtype"": ""float32""}","[{""shape"": [8, 128, 40, 40], ""dtype"": ""float32""}]",147584,8.4.148,2026-09-14T04:11:55+00:00
yolo26l,fp32,8,640,leaf,69,6,m.1.m.1.cv2,Conv,6,087d65f61eafd323,"Conv[128->128,k3,s1]@8x128x40x40","{""kind"": ""tensor"", ""shape"": [8, 128, 40, 40], ""dtype"": ""float32""}","[{""shape"": [8, 128, 40, 40], ""dtype"": ""float32""}]",147584,8.4.148,2026-09-14T04:11:55+00:00
yolo26l,fp32,8,640,leaf,70,6,op:add,op:add,6,2f2aaf05378c5de5,op:add[]@8x128x40x40+8x128x40x40,"{""kind"": ""list"", ""items"": [{""shape"": [8, 128, 40, 40], ""dtype"": ""float32""}, {""shape"": [8, 128, 40, 40], ""dtype"": ""float32""}]}","[{""shape"": [8, 128, 40, 40], ""dtype"": ""float32""}]",0,8.4.148,2026-09-14T04:11:55+00:00
yolo26l,fp32,8,640,leaf,71,6,m.1.cv2,Conv,6,c4a18823f9209ad6,"Conv[256->128,k1,s1]@8x256x40x40","{""kind"": ""tensor"", ""shape"": [8, 256, 40, 40], ""dtype"": ""float32""}","[{""shape"": [8, 128, 40, 40], ""dtype"": ""float32""}]",32896,8.4.148,2026-09-14T04:11:55+00:00
yolo26l,fp32,8,640,leaf,72,6,op:cat,op:cat,6,4a3a32d10523282a,op:cat[1]@8x128x40x40+8x128x40x40,"{""kind"": ""list"", ""items"": [{""shape"": [8, 128, 40, 40], ""dtype"": ""float32""}, {""shape"": [8, 128, 40, 40], ""dtype"": ""float32""}]}","[{""shape"": [8, 256, 40, 40], ""dtype"": ""float32""}]",0,8.4.148,2026-09-14T04:11:55+00:00
yolo26l,fp32,8,640,leaf,73,6,m.1.cv3,Conv,6,11e62c61d8271a9e,"Conv[256->256,k1,s1]@8x256x40x40","{""kind"": ""tensor"", ""shape"": [8, 256, 40, 40], ""dtype"": ""float32""}","[{""shape"": [8, 256, 40, 40], ""dtype"": ""float32""}]",65792,8.4.148,2026-09-14T04:11:55+00:00
yolo26l,fp32,8,640,leaf,74,6,op:cat,op:cat,6,f7002cbafa778513,op:cat[1]@8x256x40x40+8x256x40x40+8x256x40x40+8x256x40x40,"{""kind"": ""list"", ""items"": [{""shape"": [8, 256, 40, 40], ""dtype"": ""float32""}, {""shape"": [8, 256, 40, 40], ""dtype"": ""float32""}, {""shape"": [8, 256, 40, 40], ""dtype"": ""float32""}, {""shape"": [8, 256, 40, 40], ""dtype"": ""float32""}]}","[{""shape"": [8, 1024, 40, 40], ""dtype"": ""float32""}]",0,8.4.148,2026-09-14T04:11:55+00:00
yolo26l,fp32,8,640,leaf,75,6,cv2,Conv,6,5b63f45570e24657,"Conv[1024->512,k1,s1]@8x1024x40x40","{""kind"": ""tensor"", ""shape"": [8, 1024, 40, 40], ""dtype"": ""float32""}","[{""shape"": [8, 512, 40, 40], ""dtype"": ""float32""}]",524800,8.4.148,2026-09-14T04:11:55+00:00
yolo26l,fp32,8,640,leaf,76,7,,Conv,7,51c5320ffd1d0cd3,"Conv[512->512,k3,s2]@8x512x40x40","{""kind"": ""tensor"", ""shape"": [8, 512, 40, 40], ""dtype"": ""float32""}","[{""shape"": [8, 512, 20, 20], ""dtype"": ""float32""}]",2359808,8.4.148,2026-09-14T04:11:55+00:00
yolo26l,fp32,8,640,leaf,77,8,cv1,Conv,8,9c6e9e5ab1db765c,"Conv[512->512,k1,s1]@8x512x20x20","{""kind"": ""tensor"", ""shape"": [8, 512, 20, 20], ""dtype"": ""float32""}","[{""shape"": [8, 512, 20, 20], ""dtype"": ""float32""}]",262656,8.4.148,2026-09-14T04:11:55+00:00
yolo26l,fp32,8,640,leaf,78,8,op:chunk,op:chunk,8,2c40623f6a4754b9,"op:chunk[2,1]@8x512x20x20","{""kind"": ""list"", ""items"": [{""shape"": [8, 512, 20, 20], ""dtype"": ""float32""}]}","[{""shape"": [8, 256, 20, 20], ""dtype"": ""float32""}, {""shape"": [8, 256, 20, 20], ""dtype"": ""float32""}]",0,8.4.148,2026-09-14T04:11:55+00:00
yolo26l,fp32,8,640,leaf,79,8,m.0.cv1,Conv,8,4df504838841a648,"Conv[256->128,k1,s1]@8x256x20x20","{""kind"": ""tensor"", ""shape"": [8, 256, 20, 20], ""dtype"": ""float32""}","[{""shape"": [8, 128, 20, 20], ""dtype"": ""float32""}]",32896,8.4.148,2026-09-14T04:11:55+00:00
yolo26l,fp32,8,640,leaf,80,8,m.0.m.0.cv1,Conv,8,34a0878a90d98d81,"Conv[128->128,k3,s1]@8x128x20x20","{""kind"": ""tensor"", ""shape"": [8, 128, 20, 20], ""dtype"": ""float32""}","[{""shape"": [8, 128, 20, 20], ""dtype"": ""float32""}]",147584,8.4.148,2026-09-14T04:11:55+00:00
yolo26l,fp32,8,640,leaf,81,8,m.0.m.0.cv2,Conv,8,34a0878a90d98d81,"Conv[128->128,k3,s1]@8x128x20x20","{""kind"": ""tensor"", ""shape"": [8, 128, 20, 20], ""dtype"": ""float32""}","[{""shape"": [8, 128, 20, 20], ""dtype"": ""float32""}]",147584,8.4.148,2026-09-14T04:11:55+00:00
yolo26l,fp32,8,640,leaf,82,8,op:add,op:add,8,3a98736d0a3a3140,op:add[]@8x128x20x20+8x128x20x20,"{""kind"": ""list"", ""items"": [{""shape"": [8, 128, 20, 20], ""dtype"": ""float32""}, {""shape"": [8, 128, 20, 20], ""dtype"": ""float32""}]}","[{""shape"": [8, 128, 20, 20], ""dtype"": ""float32""}]",0,8.4.148,2026-09-14T04:11:55+00:00
yolo26l,fp32,8,640,leaf,83,8,m.0.m.1.cv1,Conv,8,34a0878a90d98d81,"Conv[128->128,k3,s1]@8x128x20x20","{""kind"": ""tensor"", ""shape"": [8, 128, 20, 20], ""dtype"": ""float32""}","[{""shape"": [8, 128, 20, 20], ""dtype"": ""float32""}]",147584,8.4.148,2026-09-14T04:11:55+00:00
yolo26l,fp32,8,640,leaf,84,8,m.0.m.1.cv2,Conv,8,34a0878a90d98d81,"Conv[128->128,k3,s1]@8x128x20x20","{""kind"": ""tensor"", ""shape"": [8, 128, 20, 20], ""dtype"": ""float32""}","[{""shape"": [8, 128, 20, 20], ""dtype"": ""float32""}]",147584,8.4.148,2026-09-14T04:11:55+00:00
yolo26l,fp32,8,640,leaf,85,8,op:add,op:add,8,3a98736d0a3a3140,op:add[]@8x128x20x20+8x128x20x20,"{""kind"": ""list"", ""items"": [{""shape"": [8, 128, 20, 20], ""dtype"": ""float32""}, {""shape"": [8, 128, 20, 20], ""dtype"": ""float32""}]}","[{""shape"": [8, 128, 20, 20], ""dtype"": ""float32""}]",0,8.4.148,2026-09-14T04:11:55+00:00
yolo26l,fp32,8,640,leaf,86,8,m.0.cv2,Conv,8,4df504838841a648,"Conv[256->128,k1,s1]@8x256x20x20","{""kind"": ""tensor"", ""shape"": [8, 256, 20, 20], ""dtype"": ""float32""}","[{""shape"": [8, 128, 20, 20], ""dtype"": ""float32""}]",32896,8.4.148,2026-09-14T04:11:55+00:00
yolo26l,fp32,8,640,leaf,87,8,op:cat,op:cat,8,bb4ed4aca4345dea,op:cat[1]@8x128x20x20+8x128x20x20,"{""kind"": ""list"", ""items"": [{""shape"": [8, 128, 20, 20], ""dtype"": ""float32""}, {""shape"": [8, 128, 20, 20], ""dtype"": ""float32""}]}","[{""shape"": [8, 256, 20, 20], ""dtype"": ""float32""}]",0,8.4.148,2026-09-14T04:11:55+00:00
yolo26l,fp32,8,640,leaf,88,8,m.0.cv3,Conv,8,c1fc73d6286432cd,"Conv[256->256,k1,s1]@8x256x20x20","{""kind"": ""tensor"", ""shape"": [8, 256, 20, 20], ""dtype"": ""float32""}","[{""shape"": [8, 256, 20, 20], ""dtype"": ""float32""}]",65792,8.4.148,2026-09-14T04:11:55+00:00
yolo26l,fp32,8,640,leaf,89,8,m.1.cv1,Conv,8,4df504838841a648,"Conv[256->128,k1,s1]@8x256x20x20","{""kind"": ""tensor"", ""shape"": [8, 256, 20, 20], ""dtype"": ""float32""}","[{""shape"": [8, 128, 20, 20], ""dtype"": ""float32""}]",32896,8.4.148,2026-09-14T04:11:55+00:00
yolo26l,fp32,8,640,leaf,90,8,m.1.m.0.cv1,Conv,8,34a0878a90d98d81,"Conv[128->128,k3,s1]@8x128x20x20","{""kind"": ""tensor"", ""shape"": [8, 128, 20, 20], ""dtype"": ""float32""}","[{""shape"": [8, 128, 20, 20], ""dtype"": ""float32""}]",147584,8.4.148,2026-09-14T04:11:55+00:00
yolo26l,fp32,8,640,leaf,91,8,m.1.m.0.cv2,Conv,8,34a0878a90d98d81,"Conv[128->128,k3,s1]@8x128x20x20","{""kind"": ""tensor"", ""shape"": [8, 128, 20, 20], ""dtype"": ""float32""}","[{""shape"": [8, 128, 20, 20], ""dtype"": ""float32""}]",147584,8.4.148,2026-09-14T04:11:55+00:00
yolo26l,fp32,8,640,leaf,92,8,op:add,op:add,8,3a98736d0a3a3140,op:add[]@8x128x20x20+8x128x20x20,"{""kind"": ""list"", ""items"": [{""shape"": [8, 128, 20, 20], ""dtype"": ""float32""}, {""shape"": [8, 128, 20, 20], ""dtype"": ""float32""}]}","[{""shape"": [8, 128, 20, 20], ""dtype"": ""float32""}]",0,8.4.148,2026-09-14T04:11:55+00:00
yolo26l,fp32,8,640,leaf,93,8,m.1.m.1.cv1,Conv,8,34a0878a90d98d81,"Conv[128->128,k3,s1]@8x128x20x20","{""kind"": ""tensor"", ""shape"": [8, 128, 20, 20], ""dtype"": ""float32""}","[{""shape"": [8, 128, 20, 20], ""dtype"": ""float32""}]",147584,8.4.148,2026-09-14T04:11:55+00:00
yolo26l,fp32,8,640,leaf,94,8,m.1.m.1.cv2,Conv,8,34a0878a90d98d81,"Conv[128->128,k3,s1]@8x128x20x20","{""kind"": ""tensor"", ""shape"": [8, 128, 20, 20], ""dtype"": ""float32""}","[{""shape"": [8, 128, 20, 20], ""dtype"": ""float32""}]",147584,8.4.148,2026-09-14T04:11:55+00:00
yolo26l,fp32,8,640,leaf,95,8,op:add,op:add,8,3a98736d0a3a3140,op:add[]@8x128x20x20+8x128x20x20,"{""kind"": ""list"", ""items"": [{""shape"": [8, 128, 20, 20], ""dtype"": ""float32""}, {""shape"": [8, 128, 20, 20], ""dtype"": ""float32""}]}","[{""shape"": [8, 128, 20, 20], ""dtype"": ""float32""}]",0,8.4.148,2026-09-14T04:11:55+00:00
yolo26l,fp32,8,640,leaf,96,8,m.1.cv2,Conv,8,4df504838841a648,"Conv[256->128,k1,s1]@8x256x20x20","{""kind"": ""tensor"", ""shape"": [8, 256, 20, 20], ""dtype"": ""float32""}","[{""shape"": [8, 128, 20, 20], ""dtype"": ""float32""}]",32896,8.4.148,2026-09-14T04:11:55+00:00
yolo26l,fp32,8,640,leaf,97,8,op:cat,op:cat,8,bb4ed4aca4345dea,op:cat[1]@8x128x20x20+8x128x20x20,"{""kind"": ""list"", ""items"": [{""shape"": [8, 128, 20, 20], ""dtype"": ""float32""}, {""shape"": [8, 128, 20, 20], ""dtype"": ""float32""}]}","[{""shape"": [8, 256, 20, 20], ""dtype"": ""float32""}]",0,8.4.148,2026-09-14T04:11:55+00:00
yolo26l,fp32,8,640,leaf,98,8,m.1.cv3,Conv,8,c1fc73d6286432cd,"Conv[256->256,k1,s1]@8x256x20x20","{""kind"": ""tensor"", ""shape"": [8, 256, 20, 20], ""dtype"": ""float32""}","[{""shape"": [8, 256, 20, 20], ""dtype"": ""float32""}]",65792,8.4.148,2026-09-14T04:11:55+00:00
yolo26l,fp32,8,640,leaf,99,8,op:cat,op:cat,8,82eb47cc23f650c8,op:cat[1]@8x256x20x20+8x256x20x20+8x256x20x20+8x256x20x20,"{""kind"": ""list"", ""items"": [{""shape"": [8, 256, 20, 20], ""dtype"": ""float32""}, {""shape"": [8, 256, 20, 20], ""dtype"": ""float32""}, {""shape"": [8, 256, 20, 20], ""dtype"": ""float32""}, {""shape"": [8, 256, 20, 20], ""dtype"": ""float32""}]}","[{""shape"": [8, 1024, 20, 20], ""dtype"": ""float32""}]",0,8.4.148,2026-09-14T04:11:55+00:00
yolo26l,fp32,8,640,leaf,100,8,cv2,Conv,8,b5bc2b79e089be51,"Conv[1024->512,k1,s1]@8x1024x20x20","{""kind"": ""tensor"", ""shape"": [8, 1024, 20, 20], ""dtype"": ""float32""}","[{""shape"": [8, 512, 20, 20], ""dtype"": ""float32""}]",524800,8.4.148,2026-09-14T04:11:55+00:00
yolo26l,fp32,8,640,leaf,101,9,cv1,Conv,9,0b8f608ca57b30e6,"Conv[512->256,k1,s1]@8x512x20x20","{""kind"": ""tensor"", ""shape"": [8, 512, 20, 20], ""dtype"": ""float32""}","[{""shape"": [8, 256, 20, 20], ""dtype"": ""float32""}]",131328,8.4.148,2026-09-14T04:11:55+00:00
yolo26l,fp32,8,640,leaf,102,9,m,MaxPool2d,9,5193281b61613cb8,MaxPool2d[p=0]@8x256x20x20,"{""kind"": ""tensor"", ""shape"": [8, 256, 20, 20], ""dtype"": ""float32""}","[{""shape"": [8, 256, 20, 20], ""dtype"": ""float32""}]",0,8.4.148,2026-09-14T04:11:55+00:00
yolo26l,fp32,8,640,leaf,103,9,m,MaxPool2d,9,5193281b61613cb8,MaxPool2d[p=0]@8x256x20x20,"{""kind"": ""tensor"", ""shape"": [8, 256, 20, 20], ""dtype"": ""float32""}","[{""shape"": [8, 256, 20, 20], ""dtype"": ""float32""}]",0,8.4.148,2026-09-14T04:11:55+00:00
yolo26l,fp32,8,640,leaf,104,9,m,MaxPool2d,9,5193281b61613cb8,MaxPool2d[p=0]@8x256x20x20,"{""kind"": ""tensor"", ""shape"": [8, 256, 20, 20], ""dtype"": ""float32""}","[{""shape"": [8, 256, 20, 20], ""dtype"": ""float32""}]",0,8.4.148,2026-09-14T04:11:55+00:00
yolo26l,fp32,8,640,leaf,105,9,op:cat,op:cat,9,82eb47cc23f650c8,op:cat[1]@8x256x20x20+8x256x20x20+8x256x20x20+8x256x20x20,"{""kind"": ""list"", ""items"": [{""shape"": [8, 256, 20, 20], ""dtype"": ""float32""}, {""shape"": [8, 256, 20, 20], ""dtype"": ""float32""}, {""shape"": [8, 256, 20, 20], ""dtype"": ""float32""}, {""shape"": [8, 256, 20, 20], ""dtype"": ""float32""}]}","[{""shape"": [8, 1024, 20, 20], ""dtype"": ""float32""}]",0,8.4.148,2026-09-14T04:11:55+00:00
yolo26l,fp32,8,640,leaf,106,9,cv2,Conv,9,b5bc2b79e089be51,"Conv[1024->512,k1,s1]@8x1024x20x20","{""kind"": ""tensor"", ""shape"": [8, 1024, 20, 20], ""dtype"": ""float32""}","[{""shape"": [8, 512, 20, 20], ""dtype"": ""float32""}]",524800,8.4.148,2026-09-14T04:11:55+00:00
yolo26l,fp32,8,640,leaf,107,9,op:add,op:add,9,8be7580441d37266,op:add[]@8x512x20x20+8x512x20x20,"{""kind"": ""list"", ""items"": [{""shape"": [8, 512, 20, 20], ""dtype"": ""float32""}, {""shape"": [8, 512, 20, 20], ""dtype"": ""float32""}]}","[{""shape"": [8, 512, 20, 20], ""dtype"": ""float32""}]",0,8.4.148,2026-09-14T04:11:55+00:00
yolo26l,fp32,8,640,leaf,108,10,cv1,Conv,10,9c6e9e5ab1db765c,"Conv[512->512,k1,s1]@8x512x20x20","{""kind"": ""tensor"", ""shape"": [8, 512, 20, 20], ""dtype"": ""float32""}","[{""shape"": [8, 512, 20, 20], ""dtype"": ""float32""}]",262656,8.4.148,2026-09-14T04:11:55+00:00
yolo26l,fp32,8,640,leaf,109,10,op:split,op:split,10,db6912ff7a969a59,"op:split[[256, 256],dim=1]@8x512x20x20","{""kind"": ""list"", ""items"": [{""shape"": [8, 512, 20, 20], ""dtype"": ""float32""}]}","[{""shape"": [8, 256, 20, 20], ""dtype"": ""float32""}, {""shape"": [8, 256, 20, 20], ""dtype"": ""float32""}]",0,8.4.148,2026-09-14T04:11:55+00:00
yolo26l,fp32,8,640,leaf,110,10,m.0.attn,Attention,10,db16302334894c72,"Attention[256->256,p=199936]@8x256x20x20","{""kind"": ""tensor"", ""shape"": [8, 256, 20, 20], ""dtype"": ""float32""}","[{""shape"": [8, 256, 20, 20], ""dtype"": ""float32""}]",199936,8.4.148,2026-09-14T04:11:55+00:00
yolo26l,fp32,8,640,leaf,111,10,op:add,op:add,10,92d96cfa8127ba1e,op:add[]@8x256x20x20+8x256x20x20,"{""kind"": ""list"", ""items"": [{""shape"": [8, 256, 20, 20], ""dtype"": ""float32""}, {""shape"": [8, 256, 20, 20], ""dtype"": ""float32""}]}","[{""shape"": [8, 256, 20, 20], ""dtype"": ""float32""}]",0,8.4.148,2026-09-14T04:11:55+00:00
yolo26l,fp32,8,640,leaf,112,10,m.0.ffn.0,Conv,10,e8ea82be572f7311,"Conv[256->512,k1,s1]@8x256x20x20","{""kind"": ""tensor"", ""shape"": [8, 256, 20, 20], ""dtype"": ""float32""}","[{""shape"": [8, 512, 20, 20], ""dtype"": ""float32""}]",131584,8.4.148,2026-09-14T04:11:55+00:00
yolo26l,fp32,8,640,leaf,113,10,m.0.ffn.1,Conv,10,0b8f608ca57b30e6,"Conv[512->256,k1,s1]@8x512x20x20","{""kind"": ""tensor"", ""shape"": [8, 512, 20, 20], ""dtype"": ""float32""}","[{""shape"": [8, 256, 20, 20], ""dtype"": ""float32""}]",131328,8.4.148,2026-09-14T04:11:55+00:00
yolo26l,fp32,8,640,leaf,114,10,op:add,op:add,10,92d96cfa8127ba1e,op:add[]@8x256x20x20+8x256x20x20,"{""kind"": ""list"", ""items"": [{""shape"": [8, 256, 20, 20], ""dtype"": ""float32""}, {""shape"": [8, 256, 20, 20], ""dtype"": ""float32""}]}","[{""shape"": [8, 256, 20, 20], ""dtype"": ""float32""}]",0,8.4.148,2026-09-14T04:11:55+00:00
yolo26l,fp32,8,640,leaf,115,10,m.1.attn,Attention,10,db16302334894c72,"Attention[256->256,p=199936]@8x256x20x20","{""kind"": ""tensor"", ""shape"": [8, 256, 20, 20], ""dtype"": ""float32""}","[{""shape"": [8, 256, 20, 20], ""dtype"": ""float32""}]",199936,8.4.148,2026-09-14T04:11:55+00:00
yolo26l,fp32,8,640,leaf,116,10,op:add,op:add,10,92d96cfa8127ba1e,op:add[]@8x256x20x20+8x256x20x20,"{""kind"": ""list"", ""items"": [{""shape"": [8, 256, 20, 20], ""dtype"": ""float32""}, {""shape"": [8, 256, 20, 20], ""dtype"": ""float32""}]}","[{""shape"": [8, 256, 20, 20], ""dtype"": ""float32""}]",0,8.4.148,2026-09-14T04:11:55+00:00
yolo26l,fp32,8,640,leaf,117,10,m.1.ffn.0,Conv,10,e8ea82be572f7311,"Conv[256->512,k1,s1]@8x256x20x20","{""kind"": ""tensor"", ""shape"": [8, 256, 20, 20], ""dtype"": ""float32""}","[{""shape"": [8, 512, 20, 20], ""dtype"": ""float32""}]",131584,8.4.148,2026-09-14T04:11:55+00:00
yolo26l,fp32,8,640,leaf,118,10,m.1.ffn.1,Conv,10,0b8f608ca57b30e6,"Conv[512->256,k1,s1]@8x512x20x20","{""kind"": ""tensor"", ""shape"": [8, 512, 20, 20], ""dtype"": ""float32""}","[{""shape"": [8, 256, 20, 20], ""dtype"": ""float32""}]",131328,8.4.148,2026-09-14T04:11:55+00:00
yolo26l,fp32,8,640,leaf,119,10,op:add,op:add,10,92d96cfa8127ba1e,op:add[]@8x256x20x20+8x256x20x20,"{""kind"": ""list"", ""items"": [{""shape"": [8, 256, 20, 20], ""dtype"": ""float32""}, {""shape"": [8, 256, 20, 20], ""dtype"": ""float32""}]}","[{""shape"": [8, 256, 20, 20], ""dtype"": ""float32""}]",0,8.4.148,2026-09-14T04:11:55+00:00
yolo26l,fp32,8,640,leaf,120,10,op:cat,op:cat,10,a654f0004c662648,op:cat[1]@8x256x20x20+8x256x20x20,"{""kind"": ""list"", ""items"": [{""shape"": [8, 256, 20, 20], ""dtype"": ""float32""}, {""shape"": [8, 256, 20, 20], ""dtype"": ""float32""}]}","[{""shape"": [8, 512, 20, 20], ""dtype"": ""float32""}]",0,8.4.148,2026-09-14T04:11:55+00:00
yolo26l,fp32,8,640,leaf,121,10,cv2,Conv,10,9c6e9e5ab1db765c,"Conv[512->512,k1,s1]@8x512x20x20","{""kind"": ""tensor"", ""shape"": [8, 512, 20, 20], ""dtype"": ""float32""}","[{""shape"": [8, 512, 20, 20], ""dtype"": ""float32""}]",262656,8.4.148,2026-09-14T04:11:55+00:00
yolo26l,fp32,8,640,leaf,122,11,,Upsample,11,caaddfd44b6858be,"Upsample[x2.0,nearest]@8x512x20x20","{""kind"": ""tensor"", ""shape"": [8, 512, 20, 20], ""dtype"": ""float32""}","[{""shape"": [8, 512, 40, 40], ""dtype"": ""float32""}]",0,8.4.148,2026-09-14T04:11:55+00:00
yolo26l,fp32,8,640,leaf,123,12,,Concat,12,6245c0054529cf32,Concat[d=1]@8x512x40x40+8x512x40x40,"{""kind"": ""list"", ""items"": [{""shape"": [8, 512, 40, 40], ""dtype"": ""float32""}, {""shape"": [8, 512, 40, 40], ""dtype"": ""float32""}]}","[{""shape"": [8, 1024, 40, 40], ""dtype"": ""float32""}]",0,8.4.148,2026-09-14T04:11:55+00:00
yolo26l,fp32,8,640,leaf,124,13,cv1,Conv,13,5b63f45570e24657,"Conv[1024->512,k1,s1]@8x1024x40x40","{""kind"": ""tensor"", ""shape"": [8, 1024, 40, 40], ""dtype"": ""float32""}","[{""shape"": [8, 512, 40, 40], ""dtype"": ""float32""}]",524800,8.4.148,2026-09-14T04:11:55+00:00
yolo26l,fp32,8,640,leaf,125,13,op:chunk,op:chunk,13,0b05ed81109ed06a,"op:chunk[2,1]@8x512x40x40","{""kind"": ""list"", ""items"": [{""shape"": [8, 512, 40, 40], ""dtype"": ""float32""}]}","[{""shape"": [8, 256, 40, 40], ""dtype"": ""float32""}, {""shape"": [8, 256, 40, 40], ""dtype"": ""float32""}]",0,8.4.148,2026-09-14T04:11:55+00:00
yolo26l,fp32,8,640,leaf,126,13,m.0.cv1,Conv,13,c4a18823f9209ad6,"Conv[256->128,k1,s1]@8x256x40x40","{""kind"": ""tensor"", ""shape"": [8, 256, 40, 40], ""dtype"": ""float32""}","[{""shape"": [8, 128, 40, 40], ""dtype"": ""float32""}]",32896,8.4.148,2026-09-14T04:11:55+00:00
yolo26l,fp32,8,640,leaf,127,13,m.0.m.0.cv1,Conv,13,087d65f61eafd323,"Conv[128->128,k3,s1]@8x128x40x40","{""kind"": ""tensor"", ""shape"": [8, 128, 40, 40], ""dtype"": ""float32""}","[{""shape"": [8, 128, 40, 40], ""dtype"": ""float32""}]",147584,8.4.148,2026-09-14T04:11:55+00:00
yolo26l,fp32,8,640,leaf,128,13,m.0.m.0.cv2,Conv,13,087d65f61eafd323,"Conv[128->128,k3,s1]@8x128x40x40","{""kind"": ""tensor"", ""shape"": [8, 128, 40, 40], ""dtype"": ""float32""}","[{""shape"": [8, 128, 40, 40], ""dtype"": ""float32""}]",147584,8.4.148,2026-09-14T04:11:55+00:00
yolo26l,fp32,8,640,leaf,129,13,op:add,op:add,13,2f2aaf05378c5de5,op:add[]@8x128x40x40+8x128x40x40,"{""kind"": ""list"", ""items"": [{""shape"": [8, 128, 40, 40], ""dtype"": ""float32""}, {""shape"": [8, 128, 40, 40], ""dtype"": ""float32""}]}","[{""shape"": [8, 128, 40, 40], ""dtype"": ""float32""}]",0,8.4.148,2026-09-14T04:11:55+00:00
yolo26l,fp32,8,640,leaf,130,13,m.0.m.1.cv1,Conv,13,087d65f61eafd323,"Conv[128->128,k3,s1]@8x128x40x40","{""kind"": ""tensor"", ""shape"": [8, 128, 40, 40], ""dtype"": ""float32""}","[{""shape"": [8, 128, 40, 40], ""dtype"": ""float32""}]",147584,8.4.148,2026-09-14T04:11:55+00:00
yolo26l,fp32,8,640,leaf,131,13,m.0.m.1.cv2,Conv,13,087d65f61eafd323,"Conv[128->128,k3,s1]@8x128x40x40","{""kind"": ""tensor"", ""shape"": [8, 128, 40, 40], ""dtype"": ""float32""}","[{""shape"": [8, 128, 40, 40], ""dtype"": ""float32""}]",147584,8.4.148,2026-09-14T04:11:55+00:00
yolo26l,fp32,8,640,leaf,132,13,op:add,op:add,13,2f2aaf05378c5de5,op:add[]@8x128x40x40+8x128x40x40,"{""kind"": ""list"", ""items"": [{""shape"": [8, 128, 40, 40], ""dtype"": ""float32""}, {""shape"": [8, 128, 40, 40], ""dtype"": ""float32""}]}","[{""shape"": [8, 128, 40, 40], ""dtype"": ""float32""}]",0,8.4.148,2026-09-14T04:11:55+00:00
yolo26l,fp32,8,640,leaf,133,13,m.0.cv2,Conv,13,c4a18823f9209ad6,"Conv[256->128,k1,s1]@8x256x40x40","{""kind"": ""tensor"", ""shape"": [8, 256, 40, 40], ""dtype"": ""float32""}","[{""shape"": [8, 128, 40, 40], ""dtype"": ""float32""}]",32896,8.4.148,2026-09-14T04:11:55+00:00
yolo26l,fp32,8,640,leaf,134,13,op:cat,op:cat,13,4a3a32d10523282a,op:cat[1]@8x128x40x40+8x128x40x40,"{""kind"": ""list"", ""items"": [{""shape"": [8, 128, 40, 40], ""dtype"": ""float32""}, {""shape"": [8, 128, 40, 40], ""dtype"": ""float32""}]}","[{""shape"": [8, 256, 40, 40], ""dtype"": ""float32""}]",0,8.4.148,2026-09-14T04:11:55+00:00
yolo26l,fp32,8,640,leaf,135,13,m.0.cv3,Conv,13,11e62c61d8271a9e,"Conv[256->256,k1,s1]@8x256x40x40","{""kind"": ""tensor"", ""shape"": [8, 256, 40, 40], ""dtype"": ""float32""}","[{""shape"": [8, 256, 40, 40], ""dtype"": ""float32""}]",65792,8.4.148,2026-09-14T04:11:55+00:00
yolo26l,fp32,8,640,leaf,136,13,m.1.cv1,Conv,13,c4a18823f9209ad6,"Conv[256->128,k1,s1]@8x256x40x40","{""kind"": ""tensor"", ""shape"": [8, 256, 40, 40], ""dtype"": ""float32""}","[{""shape"": [8, 128, 40, 40], ""dtype"": ""float32""}]",32896,8.4.148,2026-09-14T04:11:55+00:00
yolo26l,fp32,8,640,leaf,137,13,m.1.m.0.cv1,Conv,13,087d65f61eafd323,"Conv[128->128,k3,s1]@8x128x40x40","{""kind"": ""tensor"", ""shape"": [8, 128, 40, 40], ""dtype"": ""float32""}","[{""shape"": [8, 128, 40, 40], ""dtype"": ""float32""}]",147584,8.4.148,2026-09-14T04:11:55+00:00
yolo26l,fp32,8,640,leaf,138,13,m.1.m.0.cv2,Conv,13,087d65f61eafd323,"Conv[128->128,k3,s1]@8x128x40x40","{""kind"": ""tensor"", ""shape"": [8, 128, 40, 40], ""dtype"": ""float32""}","[{""shape"": [8, 128, 40, 40], ""dtype"": ""float32""}]",147584,8.4.148,2026-09-14T04:11:55+00:00
yolo26l,fp32,8,640,leaf,139,13,op:add,op:add,13,2f2aaf05378c5de5,op:add[]@8x128x40x40+8x128x40x40,"{""kind"": ""list"", ""items"": [{""shape"": [8, 128, 40, 40], ""dtype"": ""float32""}, {""shape"": [8, 128, 40, 40], ""dtype"": ""float32""}]}","[{""shape"": [8, 128, 40, 40], ""dtype"": ""float32""}]",0,8.4.148,2026-09-14T04:11:55+00:00
yolo26l,fp32,8,640,leaf,140,13,m.1.m.1.cv1,Conv,13,087d65f61eafd323,"Conv[128->128,k3,s1]@8x128x40x40","{""kind"": ""tensor"", ""shape"": [8, 128, 40, 40], ""dtype"": ""float32""}","[{""shape"": [8, 128, 40, 40], ""dtype"": ""float32""}]",147584,8.4.148,2026-09-14T04:11:55+00:00
yolo26l,fp32,8,640,leaf,141,13,m.1.m.1.cv2,Conv,13,087d65f61eafd323,"Conv[128->128,k3,s1]@8x128x40x40","{""kind"": ""tensor"", ""shape"": [8, 128, 40, 40], ""dtype"": ""float32""}","[{""shape"": [8, 128, 40, 40], ""dtype"": ""float32""}]",147584,8.4.148,2026-09-14T04:11:55+00:00
yolo26l,fp32,8,640,leaf,142,13,op:add,op:add,13,2f2aaf05378c5de5,op:add[]@8x128x40x40+8x128x40x40,"{""kind"": ""list"", ""items"": [{""shape"": [8, 128, 40, 40], ""dtype"": ""float32""}, {""shape"": [8, 128, 40, 40], ""dtype"": ""float32""}]}","[{""shape"": [8, 128, 40, 40], ""dtype"": ""float32""}]",0,8.4.148,2026-09-14T04:11:55+00:00
yolo26l,fp32,8,640,leaf,143,13,m.1.cv2,Conv,13,c4a18823f9209ad6,"Conv[256->128,k1,s1]@8x256x40x40","{""kind"": ""tensor"", ""shape"": [8, 256, 40, 40], ""dtype"": ""float32""}","[{""shape"": [8, 128, 40, 40], ""dtype"": ""float32""}]",32896,8.4.148,2026-09-14T04:11:55+00:00
yolo26l,fp32,8,640,leaf,144,13,op:cat,op:cat,13,4a3a32d10523282a,op:cat[1]@8x128x40x40+8x128x40x40,"{""kind"": ""list"", ""items"": [{""shape"": [8, 128, 40, 40], ""dtype"": ""float32""}, {""shape"": [8, 128, 40, 40], ""dtype"": ""float32""}]}","[{""shape"": [8, 256, 40, 40], ""dtype"": ""float32""}]",0,8.4.148,2026-09-14T04:11:55+00:00
yolo26l,fp32,8,640,leaf,145,13,m.1.cv3,Conv,13,11e62c61d8271a9e,"Conv[256->256,k1,s1]@8x256x40x40","{""kind"": ""tensor"", ""shape"": [8, 256, 40, 40], ""dtype"": ""float32""}","[{""shape"": [8, 256, 40, 40], ""dtype"": ""float32""}]",65792,8.4.148,2026-09-14T04:11:55+00:00
yolo26l,fp32,8,640,leaf,146,13,op:cat,op:cat,13,f7002cbafa778513,op:cat[1]@8x256x40x40+8x256x40x40+8x256x40x40+8x256x40x40,"{""kind"": ""list"", ""items"": [{""shape"": [8, 256, 40, 40], ""dtype"": ""float32""}, {""shape"": [8, 256, 40, 40], ""dtype"": ""float32""}, {""shape"": [8, 256, 40, 40], ""dtype"": ""float32""}, {""shape"": [8, 256, 40, 40], ""dtype"": ""float32""}]}","[{""shape"": [8, 1024, 40, 40], ""dtype"": ""float32""}]",0,8.4.148,2026-09-14T04:11:55+00:00
yolo26l,fp32,8,640,leaf,147,13,cv2,Conv,13,5b63f45570e24657,"Conv[1024->512,k1,s1]@8x1024x40x40","{""kind"": ""tensor"", ""shape"": [8, 1024, 40, 40], ""dtype"": ""float32""}","[{""shape"": [8, 512, 40, 40], ""dtype"": ""float32""}]",524800,8.4.148,2026-09-14T04:11:55+00:00
yolo26l,fp32,8,640,leaf,148,14,,Upsample,14,89da20597acec760,"Upsample[x2.0,nearest]@8x512x40x40","{""kind"": ""tensor"", ""shape"": [8, 512, 40, 40], ""dtype"": ""float32""}","[{""shape"": [8, 512, 80, 80], ""dtype"": ""float32""}]",0,8.4.148,2026-09-14T04:11:55+00:00
yolo26l,fp32,8,640,leaf,149,15,,Concat,15,d2e1cac532e7f50d,Concat[d=1]@8x512x80x80+8x512x80x80,"{""kind"": ""list"", ""items"": [{""shape"": [8, 512, 80, 80], ""dtype"": ""float32""}, {""shape"": [8, 512, 80, 80], ""dtype"": ""float32""}]}","[{""shape"": [8, 1024, 80, 80], ""dtype"": ""float32""}]",0,8.4.148,2026-09-14T04:11:55+00:00
yolo26l,fp32,8,640,leaf,150,16,cv1,Conv,16,6bee4d6a1abd45d6,"Conv[1024->256,k1,s1]@8x1024x80x80","{""kind"": ""tensor"", ""shape"": [8, 1024, 80, 80], ""dtype"": ""float32""}","[{""shape"": [8, 256, 80, 80], ""dtype"": ""float32""}]",262400,8.4.148,2026-09-14T04:11:55+00:00
yolo26l,fp32,8,640,leaf,151,16,op:chunk,op:chunk,16,bc3aee341641241b,"op:chunk[2,1]@8x256x80x80","{""kind"": ""list"", ""items"": [{""shape"": [8, 256, 80, 80], ""dtype"": ""float32""}]}","[{""shape"": [8, 128, 80, 80], ""dtype"": ""float32""}, {""shape"": [8, 128, 80, 80], ""dtype"": ""float32""}]",0,8.4.148,2026-09-14T04:11:55+00:00
yolo26l,fp32,8,640,leaf,152,16,m.0.cv1,Conv,16,0e9acf54b9174796,"Conv[128->64,k1,s1]@8x128x80x80","{""kind"": ""tensor"", ""shape"": [8, 128, 80, 80], ""dtype"": ""float32""}","[{""shape"": [8, 64, 80, 80], ""dtype"": ""float32""}]",8256,8.4.148,2026-09-14T04:11:55+00:00
yolo26l,fp32,8,640,leaf,153,16,m.0.m.0.cv1,Conv,16,fd00da5016903e6b,"Conv[64->64,k3,s1]@8x64x80x80","{""kind"": ""tensor"", ""shape"": [8, 64, 80, 80], ""dtype"": ""float32""}","[{""shape"": [8, 64, 80, 80], ""dtype"": ""float32""}]",36928,8.4.148,2026-09-14T04:11:55+00:00
yolo26l,fp32,8,640,leaf,154,16,m.0.m.0.cv2,Conv,16,fd00da5016903e6b,"Conv[64->64,k3,s1]@8x64x80x80","{""kind"": ""tensor"", ""shape"": [8, 64, 80, 80], ""dtype"": ""float32""}","[{""shape"": [8, 64, 80, 80], ""dtype"": ""float32""}]",36928,8.4.148,2026-09-14T04:11:55+00:00
yolo26l,fp32,8,640,leaf,155,16,op:add,op:add,16,cec2cea73f8ecdfb,op:add[]@8x64x80x80+8x64x80x80,"{""kind"": ""list"", ""items"": [{""shape"": [8, 64, 80, 80], ""dtype"": ""float32""}, {""shape"": [8, 64, 80, 80], ""dtype"": ""float32""}]}","[{""shape"": [8, 64, 80, 80], ""dtype"": ""float32""}]",0,8.4.148,2026-09-14T04:11:55+00:00
yolo26l,fp32,8,640,leaf,156,16,m.0.m.1.cv1,Conv,16,fd00da5016903e6b,"Conv[64->64,k3,s1]@8x64x80x80","{""kind"": ""tensor"", ""shape"": [8, 64, 80, 80], ""dtype"": ""float32""}","[{""shape"": [8, 64, 80, 80], ""dtype"": ""float32""}]",36928,8.4.148,2026-09-14T04:11:55+00:00
yolo26l,fp32,8,640,leaf,157,16,m.0.m.1.cv2,Conv,16,fd00da5016903e6b,"Conv[64->64,k3,s1]@8x64x80x80","{""kind"": ""tensor"", ""shape"": [8, 64, 80, 80], ""dtype"": ""float32""}","[{""shape"": [8, 64, 80, 80], ""dtype"": ""float32""}]",36928,8.4.148,2026-09-14T04:11:55+00:00
yolo26l,fp32,8,640,leaf,158,16,op:add,op:add,16,cec2cea73f8ecdfb,op:add[]@8x64x80x80+8x64x80x80,"{""kind"": ""list"", ""items"": [{""shape"": [8, 64, 80, 80], ""dtype"": ""float32""}, {""shape"": [8, 64, 80, 80], ""dtype"": ""float32""}]}","[{""shape"": [8, 64, 80, 80], ""dtype"": ""float32""}]",0,8.4.148,2026-09-14T04:11:55+00:00
yolo26l,fp32,8,640,leaf,159,16,m.0.cv2,Conv,16,0e9acf54b9174796,"Conv[128->64,k1,s1]@8x128x80x80","{""kind"": ""tensor"", ""shape"": [8, 128, 80, 80], ""dtype"": ""float32""}","[{""shape"": [8, 64, 80, 80], ""dtype"": ""float32""}]",8256,8.4.148,2026-09-14T04:11:55+00:00
yolo26l,fp32,8,640,leaf,160,16,op:cat,op:cat,16,07c4af67a484965b,op:cat[1]@8x64x80x80+8x64x80x80,"{""kind"": ""list"", ""items"": [{""shape"": [8, 64, 80, 80], ""dtype"": ""float32""}, {""shape"": [8, 64, 80, 80], ""dtype"": ""float32""}]}","[{""shape"": [8, 128, 80, 80], ""dtype"": ""float32""}]",0,8.4.148,2026-09-14T04:11:55+00:00
yolo26l,fp32,8,640,leaf,161,16,m.0.cv3,Conv,16,7581abc56c54a219,"Conv[128->128,k1,s1]@8x128x80x80","{""kind"": ""tensor"", ""shape"": [8, 128, 80, 80], ""dtype"": ""float32""}","[{""shape"": [8, 128, 80, 80], ""dtype"": ""float32""}]",16512,8.4.148,2026-09-14T04:11:55+00:00
yolo26l,fp32,8,640,leaf,162,16,m.1.cv1,Conv,16,0e9acf54b9174796,"Conv[128->64,k1,s1]@8x128x80x80","{""kind"": ""tensor"", ""shape"": [8, 128, 80, 80], ""dtype"": ""float32""}","[{""shape"": [8, 64, 80, 80], ""dtype"": ""float32""}]",8256,8.4.148,2026-09-14T04:11:55+00:00
yolo26l,fp32,8,640,leaf,163,16,m.1.m.0.cv1,Conv,16,fd00da5016903e6b,"Conv[64->64,k3,s1]@8x64x80x80","{""kind"": ""tensor"", ""shape"": [8, 64, 80, 80], ""dtype"": ""float32""}","[{""shape"": [8, 64, 80, 80], ""dtype"": ""float32""}]",36928,8.4.148,2026-09-14T04:11:55+00:00
yolo26l,fp32,8,640,leaf,164,16,m.1.m.0.cv2,Conv,16,fd00da5016903e6b,"Conv[64->64,k3,s1]@8x64x80x80","{""kind"": ""tensor"", ""shape"": [8, 64, 80, 80], ""dtype"": ""float32""}","[{""shape"": [8, 64, 80, 80], ""dtype"": ""float32""}]",36928,8.4.148,2026-09-14T04:11:55+00:00
yolo26l,fp32,8,640,leaf,165,16,op:add,op:add,16,cec2cea73f8ecdfb,op:add[]@8x64x80x80+8x64x80x80,"{""kind"": ""list"", ""items"": [{""shape"": [8, 64, 80, 80], ""dtype"": ""float32""}, {""shape"": [8, 64, 80, 80], ""dtype"": ""float32""}]}","[{""shape"": [8, 64, 80, 80], ""dtype"": ""float32""}]",0,8.4.148,2026-09-14T04:11:55+00:00
yolo26l,fp32,8,640,leaf,166,16,m.1.m.1.cv1,Conv,16,fd00da5016903e6b,"Conv[64->64,k3,s1]@8x64x80x80","{""kind"": ""tensor"", ""shape"": [8, 64, 80, 80], ""dtype"": ""float32""}","[{""shape"": [8, 64, 80, 80], ""dtype"": ""float32""}]",36928,8.4.148,2026-09-14T04:11:55+00:00
yolo26l,fp32,8,640,leaf,167,16,m.1.m.1.cv2,Conv,16,fd00da5016903e6b,"Conv[64->64,k3,s1]@8x64x80x80","{""kind"": ""tensor"", ""shape"": [8, 64, 80, 80], ""dtype"": ""float32""}","[{""shape"": [8, 64, 80, 80], ""dtype"": ""float32""}]",36928,8.4.148,2026-09-14T04:11:55+00:00
yolo26l,fp32,8,640,leaf,168,16,op:add,op:add,16,cec2cea73f8ecdfb,op:add[]@8x64x80x80+8x64x80x80,"{""kind"": ""list"", ""items"": [{""shape"": [8, 64, 80, 80], ""dtype"": ""float32""}, {""shape"": [8, 64, 80, 80], ""dtype"": ""float32""}]}","[{""shape"": [8, 64, 80, 80], ""dtype"": ""float32""}]",0,8.4.148,2026-09-14T04:11:55+00:00
yolo26l,fp32,8,640,leaf,169,16,m.1.cv2,Conv,16,0e9acf54b9174796,"Conv[128->64,k1,s1]@8x128x80x80","{""kind"": ""tensor"", ""shape"": [8, 128, 80, 80], ""dtype"": ""float32""}","[{""shape"": [8, 64, 80, 80], ""dtype"": ""float32""}]",8256,8.4.148,2026-09-14T04:11:55+00:00
yolo26l,fp32,8,640,leaf,170,16,op:cat,op:cat,16,07c4af67a484965b,op:cat[1]@8x64x80x80+8x64x80x80,"{""kind"": ""list"", ""items"": [{""shape"": [8, 64, 80, 80], ""dtype"": ""float32""}, {""shape"": [8, 64, 80, 80], ""dtype"": ""float32""}]}","[{""shape"": [8, 128, 80, 80], ""dtype"": ""float32""}]",0,8.4.148,2026-09-14T04:11:55+00:00
yolo26l,fp32,8,640,leaf,171,16,m.1.cv3,Conv,16,7581abc56c54a219,"Conv[128->128,k1,s1]@8x128x80x80","{""kind"": ""tensor"", ""shape"": [8, 128, 80, 80], ""dtype"": ""float32""}","[{""shape"": [8, 128, 80, 80], ""dtype"": ""float32""}]",16512,8.4.148,2026-09-14T04:11:55+00:00
yolo26l,fp32,8,640,leaf,172,16,op:cat,op:cat,16,da563f29b3500383,op:cat[1]@8x128x80x80+8x128x80x80+8x128x80x80+8x128x80x80,"{""kind"": ""list"", ""items"": [{""shape"": [8, 128, 80, 80], ""dtype"": ""float32""}, {""shape"": [8, 128, 80, 80], ""dtype"": ""float32""}, {""shape"": [8, 128, 80, 80], ""dtype"": ""float32""}, {""shape"": [8, 128, 80, 80], ""dtype"": ""float32""}]}","[{""shape"": [8, 512, 80, 80], ""dtype"": ""float32""}]",0,8.4.148,2026-09-14T04:11:55+00:00
yolo26l,fp32,8,640,leaf,173,16,cv2,Conv,16,dfc05b6f3e556920,"Conv[512->256,k1,s1]@8x512x80x80","{""kind"": ""tensor"", ""shape"": [8, 512, 80, 80], ""dtype"": ""float32""}","[{""shape"": [8, 256, 80, 80], ""dtype"": ""float32""}]",131328,8.4.148,2026-09-14T04:11:55+00:00
yolo26l,fp32,8,640,leaf,174,17,,Conv,17,634500bb0efebbd0,"Conv[256->256,k3,s2]@8x256x80x80","{""kind"": ""tensor"", ""shape"": [8, 256, 80, 80], ""dtype"": ""float32""}","[{""shape"": [8, 256, 40, 40], ""dtype"": ""float32""}]",590080,8.4.148,2026-09-14T04:11:55+00:00
yolo26l,fp32,8,640,leaf,175,18,,Concat,18,83ca0a492b02a8b9,Concat[d=1]@8x256x40x40+8x512x40x40,"{""kind"": ""list"", ""items"": [{""shape"": [8, 256, 40, 40], ""dtype"": ""float32""}, {""shape"": [8, 512, 40, 40], ""dtype"": ""float32""}]}","[{""shape"": [8, 768, 40, 40], ""dtype"": ""float32""}]",0,8.4.148,2026-09-14T04:11:55+00:00
yolo26l,fp32,8,640,leaf,176,19,cv1,Conv,19,8e49cb70137f957c,"Conv[768->512,k1,s1]@8x768x40x40","{""kind"": ""tensor"", ""shape"": [8, 768, 40, 40], ""dtype"": ""float32""}","[{""shape"": [8, 512, 40, 40], ""dtype"": ""float32""}]",393728,8.4.148,2026-09-14T04:11:55+00:00
yolo26l,fp32,8,640,leaf,177,19,op:chunk,op:chunk,19,0b05ed81109ed06a,"op:chunk[2,1]@8x512x40x40","{""kind"": ""list"", ""items"": [{""shape"": [8, 512, 40, 40], ""dtype"": ""float32""}]}","[{""shape"": [8, 256, 40, 40], ""dtype"": ""float32""}, {""shape"": [8, 256, 40, 40], ""dtype"": ""float32""}]",0,8.4.148,2026-09-14T04:11:55+00:00
yolo26l,fp32,8,640,leaf,178,19,m.0.cv1,Conv,19,c4a18823f9209ad6,"Conv[256->128,k1,s1]@8x256x40x40","{""kind"": ""tensor"", ""shape"": [8, 256, 40, 40], ""dtype"": ""float32""}","[{""shape"": [8, 128, 40, 40], ""dtype"": ""float32""}]",32896,8.4.148,2026-09-14T04:11:55+00:00
yolo26l,fp32,8,640,leaf,179,19,m.0.m.0.cv1,Conv,19,087d65f61eafd323,"Conv[128->128,k3,s1]@8x128x40x40","{""kind"": ""tensor"", ""shape"": [8, 128, 40, 40], ""dtype"": ""float32""}","[{""shape"": [8, 128, 40, 40], ""dtype"": ""float32""}]",147584,8.4.148,2026-09-14T04:11:55+00:00
yolo26l,fp32,8,640,leaf,180,19,m.0.m.0.cv2,Conv,19,087d65f61eafd323,"Conv[128->128,k3,s1]@8x128x40x40","{""kind"": ""tensor"", ""shape"": [8, 128, 40, 40], ""dtype"": ""float32""}","[{""shape"": [8, 128, 40, 40], ""dtype"": ""float32""}]",147584,8.4.148,2026-09-14T04:11:55+00:00
yolo26l,fp32,8,640,leaf,181,19,op:add,op:add,19,2f2aaf05378c5de5,op:add[]@8x128x40x40+8x128x40x40,"{""kind"": ""list"", ""items"": [{""shape"": [8, 128, 40, 40], ""dtype"": ""float32""}, {""shape"": [8, 128, 40, 40], ""dtype"": ""float32""}]}","[{""shape"": [8, 128, 40, 40], ""dtype"": ""float32""}]",0,8.4.148,2026-09-14T04:11:55+00:00
yolo26l,fp32,8,640,leaf,182,19,m.0.m.1.cv1,Conv,19,087d65f61eafd323,"Conv[128->128,k3,s1]@8x128x40x40","{""kind"": ""tensor"", ""shape"": [8, 128, 40, 40], ""dtype"": ""float32""}","[{""shape"": [8, 128, 40, 40], ""dtype"": ""float32""}]",147584,8.4.148,2026-09-14T04:11:55+00:00
yolo26l,fp32,8,640,leaf,183,19,m.0.m.1.cv2,Conv,19,087d65f61eafd323,"Conv[128->128,k3,s1]@8x128x40x40","{""kind"": ""tensor"", ""shape"": [8, 128, 40, 40], ""dtype"": ""float32""}","[{""shape"": [8, 128, 40, 40], ""dtype"": ""float32""}]",147584,8.4.148,2026-09-14T04:11:55+00:00
yolo26l,fp32,8,640,leaf,184,19,op:add,op:add,19,2f2aaf05378c5de5,op:add[]@8x128x40x40+8x128x40x40,"{""kind"": ""list"", ""items"": [{""shape"": [8, 128, 40, 40], ""dtype"": ""float32""}, {""shape"": [8, 128, 40, 40], ""dtype"": ""float32""}]}","[{""shape"": [8, 128, 40, 40], ""dtype"": ""float32""}]",0,8.4.148,2026-09-14T04:11:55+00:00
yolo26l,fp32,8,640,leaf,185,19,m.0.cv2,Conv,19,c4a18823f9209ad6,"Conv[256->128,k1,s1]@8x256x40x40","{""kind"": ""tensor"", ""shape"": [8, 256, 40, 40], ""dtype"": ""float32""}","[{""shape"": [8, 128, 40, 40], ""dtype"": ""float32""}]",32896,8.4.148,2026-09-14T04:11:55+00:00
yolo26l,fp32,8,640,leaf,186,19,op:cat,op:cat,19,4a3a32d10523282a,op:cat[1]@8x128x40x40+8x128x40x40,"{""kind"": ""list"", ""items"": [{""shape"": [8, 128, 40, 40], ""dtype"": ""float32""}, {""shape"": [8, 128, 40, 40], ""dtype"": ""float32""}]}","[{""shape"": [8, 256, 40, 40], ""dtype"": ""float32""}]",0,8.4.148,2026-09-14T04:11:55+00:00
yolo26l,fp32,8,640,leaf,187,19,m.0.cv3,Conv,19,11e62c61d8271a9e,"Conv[256->256,k1,s1]@8x256x40x40","{""kind"": ""tensor"", ""shape"": [8, 256, 40, 40], ""dtype"": ""float32""}","[{""shape"": [8, 256, 40, 40], ""dtype"": ""float32""}]",65792,8.4.148,2026-09-14T04:11:55+00:00
yolo26l,fp32,8,640,leaf,188,19,m.1.cv1,Conv,19,c4a18823f9209ad6,"Conv[256->128,k1,s1]@8x256x40x40","{""kind"": ""tensor"", ""shape"": [8, 256, 40, 40], ""dtype"": ""float32""}","[{""shape"": [8, 128, 40, 40], ""dtype"": ""float32""}]",32896,8.4.148,2026-09-14T04:11:55+00:00
yolo26l,fp32,8,640,leaf,189,19,m.1.m.0.cv1,Conv,19,087d65f61eafd323,"Conv[128->128,k3,s1]@8x128x40x40","{""kind"": ""tensor"", ""shape"": [8, 128, 40, 40], ""dtype"": ""float32""}","[{""shape"": [8, 128, 40, 40], ""dtype"": ""float32""}]",147584,8.4.148,2026-09-14T04:11:55+00:00
yolo26l,fp32,8,640,leaf,190,19,m.1.m.0.cv2,Conv,19,087d65f61eafd323,"Conv[128->128,k3,s1]@8x128x40x40","{""kind"": ""tensor"", ""shape"": [8, 128, 40, 40], ""dtype"": ""float32""}","[{""shape"": [8, 128, 40, 40], ""dtype"": ""float32""}]",147584,8.4.148,2026-09-14T04:11:55+00:00
yolo26l,fp32,8,640,leaf,191,19,op:add,op:add,19,2f2aaf05378c5de5,op:add[]@8x128x40x40+8x128x40x40,"{""kind"": ""list"", ""items"": [{""shape"": [8, 128, 40, 40], ""dtype"": ""float32""}, {""shape"": [8, 128, 40, 40], ""dtype"": ""float32""}]}","[{""shape"": [8, 128, 40, 40], ""dtype"": ""float32""}]",0,8.4.148,2026-09-14T04:11:55+00:00
yolo26l,fp32,8,640,leaf,192,19,m.1.m.1.cv1,Conv,19,087d65f61eafd323,"Conv[128->128,k3,s1]@8x128x40x40","{""kind"": ""tensor"", ""shape"": [8, 128, 40, 40], ""dtype"": ""float32""}","[{""shape"": [8, 128, 40, 40], ""dtype"": ""float32""}]",147584,8.4.148,2026-09-14T04:11:55+00:00
yolo26l,fp32,8,640,leaf,193,19,m.1.m.1.cv2,Conv,19,087d65f61eafd323,"Conv[128->128,k3,s1]@8x128x40x40","{""kind"": ""tensor"", ""shape"": [8, 128, 40, 40], ""dtype"": ""float32""}","[{""shape"": [8, 128, 40, 40], ""dtype"": ""float32""}]",147584,8.4.148,2026-09-14T04:11:55+00:00
yolo26l,fp32,8,640,leaf,194,19,op:add,op:add,19,2f2aaf05378c5de5,op:add[]@8x128x40x40+8x128x40x40,"{""kind"": ""list"", ""items"": [{""shape"": [8, 128, 40, 40], ""dtype"": ""float32""}, {""shape"": [8, 128, 40, 40], ""dtype"": ""float32""}]}","[{""shape"": [8, 128, 40, 40], ""dtype"": ""float32""}]",0,8.4.148,2026-09-14T04:11:55+00:00
yolo26l,fp32,8,640,leaf,195,19,m.1.cv2,Conv,19,c4a18823f9209ad6,"Conv[256->128,k1,s1]@8x256x40x40","{""kind"": ""tensor"", ""shape"": [8, 256, 40, 40], ""dtype"": ""float32""}","[{""shape"": [8, 128, 40, 40], ""dtype"": ""float32""}]",32896,8.4.148,2026-09-14T04:11:55+00:00
yolo26l,fp32,8,640,leaf,196,19,op:cat,op:cat,19,4a3a32d10523282a,op:cat[1]@8x128x40x40+8x128x40x40,"{""kind"": ""list"", ""items"": [{""shape"": [8, 128, 40, 40], ""dtype"": ""float32""}, {""shape"": [8, 128, 40, 40], ""dtype"": ""float32""}]}","[{""shape"": [8, 256, 40, 40], ""dtype"": ""float32""}]",0,8.4.148,2026-09-14T04:11:55+00:00
yolo26l,fp32,8,640,leaf,197,19,m.1.cv3,Conv,19,11e62c61d8271a9e,"Conv[256->256,k1,s1]@8x256x40x40","{""kind"": ""tensor"", ""shape"": [8, 256, 40, 40], ""dtype"": ""float32""}","[{""shape"": [8, 256, 40, 40], ""dtype"": ""float32""}]",65792,8.4.148,2026-09-14T04:11:55+00:00
yolo26l,fp32,8,640,leaf,198,19,op:cat,op:cat,19,f7002cbafa778513,op:cat[1]@8x256x40x40+8x256x40x40+8x256x40x40+8x256x40x40,"{""kind"": ""list"", ""items"": [{""shape"": [8, 256, 40, 40], ""dtype"": ""float32""}, {""shape"": [8, 256, 40, 40], ""dtype"": ""float32""}, {""shape"": [8, 256, 40, 40], ""dtype"": ""float32""}, {""shape"": [8, 256, 40, 40], ""dtype"": ""float32""}]}","[{""shape"": [8, 1024, 40, 40], ""dtype"": ""float32""}]",0,8.4.148,2026-09-14T04:11:55+00:00
yolo26l,fp32,8,640,leaf,199,19,cv2,Conv,19,5b63f45570e24657,"Conv[1024->512,k1,s1]@8x1024x40x40","{""kind"": ""tensor"", ""shape"": [8, 1024, 40, 40], ""dtype"": ""float32""}","[{""shape"": [8, 512, 40, 40], ""dtype"": ""float32""}]",524800,8.4.148,2026-09-14T04:11:55+00:00
yolo26l,fp32,8,640,leaf,200,20,,Conv,20,51c5320ffd1d0cd3,"Conv[512->512,k3,s2]@8x512x40x40","{""kind"": ""tensor"", ""shape"": [8, 512, 40, 40], ""dtype"": ""float32""}","[{""shape"": [8, 512, 20, 20], ""dtype"": ""float32""}]",2359808,8.4.148,2026-09-14T04:11:55+00:00
yolo26l,fp32,8,640,leaf,201,21,,Concat,21,55469bff886f0757,Concat[d=1]@8x512x20x20+8x512x20x20,"{""kind"": ""list"", ""items"": [{""shape"": [8, 512, 20, 20], ""dtype"": ""float32""}, {""shape"": [8, 512, 20, 20], ""dtype"": ""float32""}]}","[{""shape"": [8, 1024, 20, 20], ""dtype"": ""float32""}]",0,8.4.148,2026-09-14T04:11:55+00:00
yolo26l,fp32,8,640,leaf,202,22,cv1,Conv,22,b5bc2b79e089be51,"Conv[1024->512,k1,s1]@8x1024x20x20","{""kind"": ""tensor"", ""shape"": [8, 1024, 20, 20], ""dtype"": ""float32""}","[{""shape"": [8, 512, 20, 20], ""dtype"": ""float32""}]",524800,8.4.148,2026-09-14T04:11:55+00:00
yolo26l,fp32,8,640,leaf,203,22,op:chunk,op:chunk,22,2c40623f6a4754b9,"op:chunk[2,1]@8x512x20x20","{""kind"": ""list"", ""items"": [{""shape"": [8, 512, 20, 20], ""dtype"": ""float32""}]}","[{""shape"": [8, 256, 20, 20], ""dtype"": ""float32""}, {""shape"": [8, 256, 20, 20], ""dtype"": ""float32""}]",0,8.4.148,2026-09-14T04:11:55+00:00
yolo26l,fp32,8,640,leaf,204,22,m.0.0.cv1,Conv,22,44fc1ce70d1c2a9d,"Conv[256->128,k3,s1]@8x256x20x20","{""kind"": ""tensor"", ""shape"": [8, 256, 20, 20], ""dtype"": ""float32""}","[{""shape"": [8, 128, 20, 20], ""dtype"": ""float32""}]",295040,8.4.148,2026-09-14T04:11:55+00:00
yolo26l,fp32,8,640,leaf,205,22,m.0.0.cv2,Conv,22,fde98d0c407e8e25,"Conv[128->256,k3,s1]@8x128x20x20","{""kind"": ""tensor"", ""shape"": [8, 128, 20, 20], ""dtype"": ""float32""}","[{""shape"": [8, 256, 20, 20], ""dtype"": ""float32""}]",295168,8.4.148,2026-09-14T04:11:55+00:00
yolo26l,fp32,8,640,leaf,206,22,op:add,op:add,22,92d96cfa8127ba1e,op:add[]@8x256x20x20+8x256x20x20,"{""kind"": ""list"", ""items"": [{""shape"": [8, 256, 20, 20], ""dtype"": ""float32""}, {""shape"": [8, 256, 20, 20], ""dtype"": ""float32""}]}","[{""shape"": [8, 256, 20, 20], ""dtype"": ""float32""}]",0,8.4.148,2026-09-14T04:11:55+00:00
yolo26l,fp32,8,640,leaf,207,22,m.0.1.attn,Attention,22,db16302334894c72,"Attention[256->256,p=199936]@8x256x20x20","{""kind"": ""tensor"", ""shape"": [8, 256, 20, 20], ""dtype"": ""float32""}","[{""shape"": [8, 256, 20, 20], ""dtype"": ""float32""}]",199936,8.4.148,2026-09-14T04:11:55+00:00
yolo26l,fp32,8,640,leaf,208,22,op:add,op:add,22,92d96cfa8127ba1e,op:add[]@8x256x20x20+8x256x20x20,"{""kind"": ""list"", ""items"": [{""shape"": [8, 256, 20, 20], ""dtype"": ""float32""}, {""shape"": [8, 256, 20, 20], ""dtype"": ""float32""}]}","[{""shape"": [8, 256, 20, 20], ""dtype"": ""float32""}]",0,8.4.148,2026-09-14T04:11:55+00:00
yolo26l,fp32,8,640,leaf,209,22,m.0.1.ffn.0,Conv,22,e8ea82be572f7311,"Conv[256->512,k1,s1]@8x256x20x20","{""kind"": ""tensor"", ""shape"": [8, 256, 20, 20], ""dtype"": ""float32""}","[{""shape"": [8, 512, 20, 20], ""dtype"": ""float32""}]",131584,8.4.148,2026-09-14T04:11:55+00:00
yolo26l,fp32,8,640,leaf,210,22,m.0.1.ffn.1,Conv,22,0b8f608ca57b30e6,"Conv[512->256,k1,s1]@8x512x20x20","{""kind"": ""tensor"", ""shape"": [8, 512, 20, 20], ""dtype"": ""float32""}","[{""shape"": [8, 256, 20, 20], ""dtype"": ""float32""}]",131328,8.4.148,2026-09-14T04:11:55+00:00
yolo26l,fp32,8,640,leaf,211,22,op:add,op:add,22,92d96cfa8127ba1e,op:add[]@8x256x20x20+8x256x20x20,"{""kind"": ""list"", ""items"": [{""shape"": [8, 256, 20, 20], ""dtype"": ""float32""}, {""shape"": [8, 256, 20, 20], ""dtype"": ""float32""}]}","[{""shape"": [8, 256, 20, 20], ""dtype"": ""float32""}]",0,8.4.148,2026-09-14T04:11:55+00:00
yolo26l,fp32,8,640,leaf,212,22,op:cat,op:cat,22,f5703a252a2f0d1d,op:cat[1]@8x256x20x20+8x256x20x20+8x256x20x20,"{""kind"": ""list"", ""items"": [{""shape"": [8, 256, 20, 20], ""dtype"": ""float32""}, {""shape"": [8, 256, 20, 20], ""dtype"": ""float32""}, {""shape"": [8, 256, 20, 20], ""dtype"": ""float32""}]}","[{""shape"": [8, 768, 20, 20], ""dtype"": ""float32""}]",0,8.4.148,2026-09-14T04:11:55+00:00
yolo26l,fp32,8,640,leaf,213,22,cv2,Conv,22,db03e6ad10d04d30,"Conv[768->512,k1,s1]@8x768x20x20","{""kind"": ""tensor"", ""shape"": [8, 768, 20, 20], ""dtype"": ""float32""}","[{""shape"": [8, 512, 20, 20], ""dtype"": ""float32""}]",393728,8.4.148,2026-09-14T04:11:55+00:00
yolo26l,fp32,8,640,leaf,214,23,,Detect,23,3c3af01ca27760d5,"Detect[nc=80,e2e]@8x256x80x80+8x512x40x40+8x512x20x20","{""kind"": ""list"", ""items"": [{""shape"": [8, 256, 80, 80], ""dtype"": ""float32""}, {""shape"": [8, 512, 40, 40], ""dtype"": ""float32""}, {""shape"": [8, 512, 20, 20], ""dtype"": ""float32""}]}","[{""shape"": [8, 300, 6], ""dtype"": ""float32""}, {""shape"": [8, 4, 8400], ""dtype"": ""float32""}, {""shape"": [8, 80, 8400], ""dtype"": ""float32""}, {""shape"": [8, 256, 80, 80], ""dtype"": ""float32""}, {""shape"": [8, 512, 40, 40], ""dtype"": ""float32""}, {""shape"": [8, 512, 20, 20], ""dtype"": ""float32""}]",1457020,8.4.148,2026-09-14T04:11:55+00:00
yolo26x,fp32,8,640,leaf,0,0,,Conv,0,d8e22a8f1f26a72b,"Conv[3->96,k3,s2]@8x3x640x640","{""kind"": ""tensor"", ""shape"": [8, 3, 640, 640], ""dtype"": ""float32""}","[{""shape"": [8, 96, 320, 320], ""dtype"": ""float32""}]",2688,8.4.148,2026-09-14T04:12:50+00:00
yolo26x,fp32,8,640,leaf,1,1,,Conv,1,a1a3a635bc10136d,"Conv[96->192,k3,s2]@8x96x320x320","{""kind"": ""tensor"", ""shape"": [8, 96, 320, 320], ""dtype"": ""float32""}","[{""shape"": [8, 192, 160, 160], ""dtype"": ""float32""}]",166080,8.4.148,2026-09-14T04:12:50+00:00
yolo26x,fp32,8,640,leaf,2,2,cv1,Conv,2,80ef528cf0ecd9e9,"Conv[192->192,k1,s1]@8x192x160x160","{""kind"": ""tensor"", ""shape"": [8, 192, 160, 160], ""dtype"": ""float32""}","[{""shape"": [8, 192, 160, 160], ""dtype"": ""float32""}]",37056,8.4.148,2026-09-14T04:12:50+00:00
yolo26x,fp32,8,640,leaf,3,2,op:chunk,op:chunk,2,7c1a7b4e5dbbe172,"op:chunk[2,1]@8x192x160x160","{""kind"": ""list"", ""items"": [{""shape"": [8, 192, 160, 160], ""dtype"": ""float32""}]}","[{""shape"": [8, 96, 160, 160], ""dtype"": ""float32""}, {""shape"": [8, 96, 160, 160], ""dtype"": ""float32""}]",0,8.4.148,2026-09-14T04:12:50+00:00
yolo26x,fp32,8,640,leaf,4,2,m.0.cv1,Conv,2,bf7d979124e5aa3c,"Conv[96->48,k1,s1]@8x96x160x160","{""kind"": ""tensor"", ""shape"": [8, 96, 160, 160], ""dtype"": ""float32""}","[{""shape"": [8, 48, 160, 160], ""dtype"": ""float32""}]",4656,8.4.148,2026-09-14T04:12:50+00:00
yolo26x,fp32,8,640,leaf,5,2,m.0.m.0.cv1,Conv,2,bd663d910a45bf20,"Conv[48->48,k3,s1]@8x48x160x160","{""kind"": ""tensor"", ""shape"": [8, 48, 160, 160], ""dtype"": ""float32""}","[{""shape"": [8, 48, 160, 160], ""dtype"": ""float32""}]",20784,8.4.148,2026-09-14T04:12:50+00:00
yolo26x,fp32,8,640,leaf,6,2,m.0.m.0.cv2,Conv,2,bd663d910a45bf20,"Conv[48->48,k3,s1]@8x48x160x160","{""kind"": ""tensor"", ""shape"": [8, 48, 160, 160], ""dtype"": ""float32""}","[{""shape"": [8, 48, 160, 160], ""dtype"": ""float32""}]",20784,8.4.148,2026-09-14T04:12:50+00:00
yolo26x,fp32,8,640,leaf,7,2,op:add,op:add,2,690a657dae53f7d6,op:add[]@8x48x160x160+8x48x160x160,"{""kind"": ""list"", ""items"": [{""shape"": [8, 48, 160, 160], ""dtype"": ""float32""}, {""shape"": [8, 48, 160, 160], ""dtype"": ""float32""}]}","[{""shape"": [8, 48, 160, 160], ""dtype"": ""float32""}]",0,8.4.148,2026-09-14T04:12:50+00:00
yolo26x,fp32,8,640,leaf,8,2,m.0.m.1.cv1,Conv,2,bd663d910a45bf20,"Conv[48->48,k3,s1]@8x48x160x160","{""kind"": ""tensor"", ""shape"": [8, 48, 160, 160], ""dtype"": ""float32""}","[{""shape"": [8, 48, 160, 160], ""dtype"": ""float32""}]",20784,8.4.148,2026-09-14T04:12:50+00:00
yolo26x,fp32,8,640,leaf,9,2,m.0.m.1.cv2,Conv,2,bd663d910a45bf20,"Conv[48->48,k3,s1]@8x48x160x160","{""kind"": ""tensor"", ""shape"": [8, 48, 160, 160], ""dtype"": ""float32""}","[{""shape"": [8, 48, 160, 160], ""dtype"": ""float32""}]",20784,8.4.148,2026-09-14T04:12:50+00:00
yolo26x,fp32,8,640,leaf,10,2,op:add,op:add,2,690a657dae53f7d6,op:add[]@8x48x160x160+8x48x160x160,"{""kind"": ""list"", ""items"": [{""shape"": [8, 48, 160, 160], ""dtype"": ""float32""}, {""shape"": [8, 48, 160, 160], ""dtype"": ""float32""}]}","[{""shape"": [8, 48, 160, 160], ""dtype"": ""float32""}]",0,8.4.148,2026-09-14T04:12:50+00:00
yolo26x,fp32,8,640,leaf,11,2,m.0.cv2,Conv,2,bf7d979124e5aa3c,"Conv[96->48,k1,s1]@8x96x160x160","{""kind"": ""tensor"", ""shape"": [8, 96, 160, 160], ""dtype"": ""float32""}","[{""shape"": [8, 48, 160, 160], ""dtype"": ""float32""}]",4656,8.4.148,2026-09-14T04:12:50+00:00
yolo26x,fp32,8,640,leaf,12,2,op:cat,op:cat,2,d27ff23a40301baf,op:cat[1]@8x48x160x160+8x48x160x160,"{""kind"": ""list"", ""items"": [{""shape"": [8, 48, 160, 160], ""dtype"": ""float32""}, {""shape"": [8, 48, 160, 160], ""dtype"": ""float32""}]}","[{""shape"": [8, 96, 160, 160], ""dtype"": ""float32""}]",0,8.4.148,2026-09-14T04:12:50+00:00
yolo26x,fp32,8,640,leaf,13,2,m.0.cv3,Conv,2,70b86408da7b4cc6,"Conv[96->96,k1,s1]@8x96x160x160","{""kind"": ""tensor"", ""shape"": [8, 96, 160, 160], ""dtype"": ""float32""}","[{""shape"": [8, 96, 160, 160], ""dtype"": ""float32""}]",9312,8.4.148,2026-09-14T04:12:50+00:00
yolo26x,fp32,8,640,leaf,14,2,m.1.cv1,Conv,2,bf7d979124e5aa3c,"Conv[96->48,k1,s1]@8x96x160x160","{""kind"": ""tensor"", ""shape"": [8, 96, 160, 160], ""dtype"": ""float32""}","[{""shape"": [8, 48, 160, 160], ""dtype"": ""float32""}]",4656,8.4.148,2026-09-14T04:12:50+00:00
yolo26x,fp32,8,640,leaf,15,2,m.1.m.0.cv1,Conv,2,bd663d910a45bf20,"Conv[48->48,k3,s1]@8x48x160x160","{""kind"": ""tensor"", ""shape"": [8, 48, 160, 160], ""dtype"": ""float32""}","[{""shape"": [8, 48, 160, 160], ""dtype"": ""float32""}]",20784,8.4.148,2026-09-14T04:12:50+00:00
yolo26x,fp32,8,640,leaf,16,2,m.1.m.0.cv2,Conv,2,bd663d910a45bf20,"Conv[48->48,k3,s1]@8x48x160x160","{""kind"": ""tensor"", ""shape"": [8, 48, 160, 160], ""dtype"": ""float32""}","[{""shape"": [8, 48, 160, 160], ""dtype"": ""float32""}]",20784,8.4.148,2026-09-14T04:12:50+00:00
yolo26x,fp32,8,640,leaf,17,2,op:add,op:add,2,690a657dae53f7d6,op:add[]@8x48x160x160+8x48x160x160,"{""kind"": ""list"", ""items"": [{""shape"": [8, 48, 160, 160], ""dtype"": ""float32""}, {""shape"": [8, 48, 160, 160], ""dtype"": ""float32""}]}","[{""shape"": [8, 48, 160, 160], ""dtype"": ""float32""}]",0,8.4.148,2026-09-14T04:12:50+00:00
yolo26x,fp32,8,640,leaf,18,2,m.1.m.1.cv1,Conv,2,bd663d910a45bf20,"Conv[48->48,k3,s1]@8x48x160x160","{""kind"": ""tensor"", ""shape"": [8, 48, 160, 160], ""dtype"": ""float32""}","[{""shape"": [8, 48, 160, 160], ""dtype"": ""float32""}]",20784,8.4.148,2026-09-14T04:12:50+00:00
yolo26x,fp32,8,640,leaf,19,2,m.1.m.1.cv2,Conv,2,bd663d910a45bf20,"Conv[48->48,k3,s1]@8x48x160x160","{""kind"": ""tensor"", ""shape"": [8, 48, 160, 160], ""dtype"": ""float32""}","[{""shape"": [8, 48, 160, 160], ""dtype"": ""float32""}]",20784,8.4.148,2026-09-14T04:12:50+00:00
yolo26x,fp32,8,640,leaf,20,2,op:add,op:add,2,690a657dae53f7d6,op:add[]@8x48x160x160+8x48x160x160,"{""kind"": ""list"", ""items"": [{""shape"": [8, 48, 160, 160], ""dtype"": ""float32""}, {""shape"": [8, 48, 160, 160], ""dtype"": ""float32""}]}","[{""shape"": [8, 48, 160, 160], ""dtype"": ""float32""}]",0,8.4.148,2026-09-14T04:12:50+00:00
yolo26x,fp32,8,640,leaf,21,2,m.1.cv2,Conv,2,bf7d979124e5aa3c,"Conv[96->48,k1,s1]@8x96x160x160","{""kind"": ""tensor"", ""shape"": [8, 96, 160, 160], ""dtype"": ""float32""}","[{""shape"": [8, 48, 160, 160], ""dtype"": ""float32""}]",4656,8.4.148,2026-09-14T04:12:50+00:00
yolo26x,fp32,8,640,leaf,22,2,op:cat,op:cat,2,d27ff23a40301baf,op:cat[1]@8x48x160x160+8x48x160x160,"{""kind"": ""list"", ""items"": [{""shape"": [8, 48, 160, 160], ""dtype"": ""float32""}, {""shape"": [8, 48, 160, 160], ""dtype"": ""float32""}]}","[{""shape"": [8, 96, 160, 160], ""dtype"": ""float32""}]",0,8.4.148,2026-09-14T04:12:50+00:00
yolo26x,fp32,8,640,leaf,23,2,m.1.cv3,Conv,2,70b86408da7b4cc6,"Conv[96->96,k1,s1]@8x96x160x160","{""kind"": ""tensor"", ""shape"": [8, 96, 160, 160], ""dtype"": ""float32""}","[{""shape"": [8, 96, 160, 160], ""dtype"": ""float32""}]",9312,8.4.148,2026-09-14T04:12:50+00:00
yolo26x,fp32,8,640,leaf,24,2,op:cat,op:cat,2,8352f001b10997eb,op:cat[1]@8x96x160x160+8x96x160x160+8x96x160x160+8x96x160x160,"{""kind"": ""list"", ""items"": [{""shape"": [8, 96, 160, 160], ""dtype"": ""float32""}, {""shape"": [8, 96, 160, 160], ""dtype"": ""float32""}, {""shape"": [8, 96, 160, 160], ""dtype"": ""float32""}, {""shape"": [8, 96, 160, 160], ""dtype"": ""float32""}]}","[{""shape"": [8, 384, 160, 160], ""dtype"": ""float32""}]",0,8.4.148,2026-09-14T04:12:50+00:00
yolo26x,fp32,8,640,leaf,25,2,cv2,Conv,2,1ed471f307cc3379,"Conv[384->384,k1,s1]@8x384x160x160","{""kind"": ""tensor"", ""shape"": [8, 384, 160, 160], ""dtype"": ""float32""}","[{""shape"": [8, 384, 160, 160], ""dtype"": ""float32""}]",147840,8.4.148,2026-09-14T04:12:50+00:00
yolo26x,fp32,8,640,leaf,26,3,,Conv,3,875f26d0ac4825ea,"Conv[384->384,k3,s2]@8x384x160x160","{""kind"": ""tensor"", ""shape"": [8, 384, 160, 160], ""dtype"": ""float32""}","[{""shape"": [8, 384, 80, 80], ""dtype"": ""float32""}]",1327488,8.4.148,2026-09-14T04:12:50+00:00
yolo26x,fp32,8,640,leaf,27,4,cv1,Conv,4,59b025970cff30a3,"Conv[384->384,k1,s1]@8x384x80x80","{""kind"": ""tensor"", ""shape"": [8, 384, 80, 80], ""dtype"": ""float32""}","[{""shape"": [8, 384, 80, 80], ""dtype"": ""float32""}]",147840,8.4.148,2026-09-14T04:12:50+00:00
yolo26x,fp32,8,640,leaf,28,4,op:chunk,op:chunk,4,56ca63c6628f8146,"op:chunk[2,1]@8x384x80x80","{""kind"": ""list"", ""items"": [{""shape"": [8, 384, 80, 80], ""dtype"": ""float32""}]}","[{""shape"": [8, 192, 80, 80], ""dtype"": ""float32""}, {""shape"": [8, 192, 80, 80], ""dtype"": ""float32""}]",0,8.4.148,2026-09-14T04:12:50+00:00
yolo26x,fp32,8,640,leaf,29,4,m.0.cv1,Conv,4,5d60a3dec5546382,"Conv[192->96,k1,s1]@8x192x80x80","{""kind"": ""tensor"", ""shape"": [8, 192, 80, 80], ""dtype"": ""float32""}","[{""shape"": [8, 96, 80, 80], ""dtype"": ""float32""}]",18528,8.4.148,2026-09-14T04:12:50+00:00
yolo26x,fp32,8,640,leaf,30,4,m.0.m.0.cv1,Conv,4,e43110717192bb87,"Conv[96->96,k3,s1]@8x96x80x80","{""kind"": ""tensor"", ""shape"": [8, 96, 80, 80], ""dtype"": ""float32""}","[{""shape"": [8, 96, 80, 80], ""dtype"": ""float32""}]",83040,8.4.148,2026-09-14T04:12:50+00:00
yolo26x,fp32,8,640,leaf,31,4,m.0.m.0.cv2,Conv,4,e43110717192bb87,"Conv[96->96,k3,s1]@8x96x80x80","{""kind"": ""tensor"", ""shape"": [8, 96, 80, 80], ""dtype"": ""float32""}","[{""shape"": [8, 96, 80, 80], ""dtype"": ""float32""}]",83040,8.4.148,2026-09-14T04:12:50+00:00
yolo26x,fp32,8,640,leaf,32,4,op:add,op:add,4,e2333fa709ec29b3,op:add[]@8x96x80x80+8x96x80x80,"{""kind"": ""list"", ""items"": [{""shape"": [8, 96, 80, 80], ""dtype"": ""float32""}, {""shape"": [8, 96, 80, 80], ""dtype"": ""float32""}]}","[{""shape"": [8, 96, 80, 80], ""dtype"": ""float32""}]",0,8.4.148,2026-09-14T04:12:50+00:00
yolo26x,fp32,8,640,leaf,33,4,m.0.m.1.cv1,Conv,4,e43110717192bb87,"Conv[96->96,k3,s1]@8x96x80x80","{""kind"": ""tensor"", ""shape"": [8, 96, 80, 80], ""dtype"": ""float32""}","[{""shape"": [8, 96, 80, 80], ""dtype"": ""float32""}]",83040,8.4.148,2026-09-14T04:12:50+00:00
yolo26x,fp32,8,640,leaf,34,4,m.0.m.1.cv2,Conv,4,e43110717192bb87,"Conv[96->96,k3,s1]@8x96x80x80","{""kind"": ""tensor"", ""shape"": [8, 96, 80, 80], ""dtype"": ""float32""}","[{""shape"": [8, 96, 80, 80], ""dtype"": ""float32""}]",83040,8.4.148,2026-09-14T04:12:50+00:00
yolo26x,fp32,8,640,leaf,35,4,op:add,op:add,4,e2333fa709ec29b3,op:add[]@8x96x80x80+8x96x80x80,"{""kind"": ""list"", ""items"": [{""shape"": [8, 96, 80, 80], ""dtype"": ""float32""}, {""shape"": [8, 96, 80, 80], ""dtype"": ""float32""}]}","[{""shape"": [8, 96, 80, 80], ""dtype"": ""float32""}]",0,8.4.148,2026-09-14T04:12:50+00:00
yolo26x,fp32,8,640,leaf,36,4,m.0.cv2,Conv,4,5d60a3dec5546382,"Conv[192->96,k1,s1]@8x192x80x80","{""kind"": ""tensor"", ""shape"": [8, 192, 80, 80], ""dtype"": ""float32""}","[{""shape"": [8, 96, 80, 80], ""dtype"": ""float32""}]",18528,8.4.148,2026-09-14T04:12:50+00:00
yolo26x,fp32,8,640,leaf,37,4,op:cat,op:cat,4,16d0927d446727d1,op:cat[1]@8x96x80x80+8x96x80x80,"{""kind"": ""list"", ""items"": [{""shape"": [8, 96, 80, 80], ""dtype"": ""float32""}, {""shape"": [8, 96, 80, 80], ""dtype"": ""float32""}]}","[{""shape"": [8, 192, 80, 80], ""dtype"": ""float32""}]",0,8.4.148,2026-09-14T04:12:50+00:00
yolo26x,fp32,8,640,leaf,38,4,m.0.cv3,Conv,4,16cc881448c7e099,"Conv[192->192,k1,s1]@8x192x80x80","{""kind"": ""tensor"", ""shape"": [8, 192, 80, 80], ""dtype"": ""float32""}","[{""shape"": [8, 192, 80, 80], ""dtype"": ""float32""}]",37056,8.4.148,2026-09-14T04:12:50+00:00
yolo26x,fp32,8,640,leaf,39,4,m.1.cv1,Conv,4,5d60a3dec5546382,"Conv[192->96,k1,s1]@8x192x80x80","{""kind"": ""tensor"", ""shape"": [8, 192, 80, 80], ""dtype"": ""float32""}","[{""shape"": [8, 96, 80, 80], ""dtype"": ""float32""}]",18528,8.4.148,2026-09-14T04:12:50+00:00
yolo26x,fp32,8,640,leaf,40,4,m.1.m.0.cv1,Conv,4,e43110717192bb87,"Conv[96->96,k3,s1]@8x96x80x80","{""kind"": ""tensor"", ""shape"": [8, 96, 80, 80], ""dtype"": ""float32""}","[{""shape"": [8, 96, 80, 80], ""dtype"": ""float32""}]",83040,8.4.148,2026-09-14T04:12:50+00:00
yolo26x,fp32,8,640,leaf,41,4,m.1.m.0.cv2,Conv,4,e43110717192bb87,"Conv[96->96,k3,s1]@8x96x80x80","{""kind"": ""tensor"", ""shape"": [8, 96, 80, 80], ""dtype"": ""float32""}","[{""shape"": [8, 96, 80, 80], ""dtype"": ""float32""}]",83040,8.4.148,2026-09-14T04:12:50+00:00
yolo26x,fp32,8,640,leaf,42,4,op:add,op:add,4,e2333fa709ec29b3,op:add[]@8x96x80x80+8x96x80x80,"{""kind"": ""list"", ""items"": [{""shape"": [8, 96, 80, 80], ""dtype"": ""float32""}, {""shape"": [8, 96, 80, 80], ""dtype"": ""float32""}]}","[{""shape"": [8, 96, 80, 80], ""dtype"": ""float32""}]",0,8.4.148,2026-09-14T04:12:50+00:00
yolo26x,fp32,8,640,leaf,43,4,m.1.m.1.cv1,Conv,4,e43110717192bb87,"Conv[96->96,k3,s1]@8x96x80x80","{""kind"": ""tensor"", ""shape"": [8, 96, 80, 80], ""dtype"": ""float32""}","[{""shape"": [8, 96, 80, 80], ""dtype"": ""float32""}]",83040,8.4.148,2026-09-14T04:12:50+00:00
yolo26x,fp32,8,640,leaf,44,4,m.1.m.1.cv2,Conv,4,e43110717192bb87,"Conv[96->96,k3,s1]@8x96x80x80","{""kind"": ""tensor"", ""shape"": [8, 96, 80, 80], ""dtype"": ""float32""}","[{""shape"": [8, 96, 80, 80], ""dtype"": ""float32""}]",83040,8.4.148,2026-09-14T04:12:50+00:00
yolo26x,fp32,8,640,leaf,45,4,op:add,op:add,4,e2333fa709ec29b3,op:add[]@8x96x80x80+8x96x80x80,"{""kind"": ""list"", ""items"": [{""shape"": [8, 96, 80, 80], ""dtype"": ""float32""}, {""shape"": [8, 96, 80, 80], ""dtype"": ""float32""}]}","[{""shape"": [8, 96, 80, 80], ""dtype"": ""float32""}]",0,8.4.148,2026-09-14T04:12:50+00:00
yolo26x,fp32,8,640,leaf,46,4,m.1.cv2,Conv,4,5d60a3dec5546382,"Conv[192->96,k1,s1]@8x192x80x80","{""kind"": ""tensor"", ""shape"": [8, 192, 80, 80], ""dtype"": ""float32""}","[{""shape"": [8, 96, 80, 80], ""dtype"": ""float32""}]",18528,8.4.148,2026-09-14T04:12:50+00:00
yolo26x,fp32,8,640,leaf,47,4,op:cat,op:cat,4,16d0927d446727d1,op:cat[1]@8x96x80x80+8x96x80x80,"{""kind"": ""list"", ""items"": [{""shape"": [8, 96, 80, 80], ""dtype"": ""float32""}, {""shape"": [8, 96, 80, 80], ""dtype"": ""float32""}]}","[{""shape"": [8, 192, 80, 80], ""dtype"": ""float32""}]",0,8.4.148,2026-09-14T04:12:50+00:00
yolo26x,fp32,8,640,leaf,48,4,m.1.cv3,Conv,4,16cc881448c7e099,"Conv[192->192,k1,s1]@8x192x80x80","{""kind"": ""tensor"", ""shape"": [8, 192, 80, 80], ""dtype"": ""float32""}","[{""shape"": [8, 192, 80, 80], ""dtype"": ""float32""}]",37056,8.4.148,2026-09-14T04:12:50+00:00
yolo26x,fp32,8,640,leaf,49,4,op:cat,op:cat,4,a7408b09af525f9a,op:cat[1]@8x192x80x80+8x192x80x80+8x192x80x80+8x192x80x80,"{""kind"": ""list"", ""items"": [{""shape"": [8, 192, 80, 80], ""dtype"": ""float32""}, {""shape"": [8, 192, 80, 80], ""dtype"": ""float32""}, {""shape"": [8, 192, 80, 80], ""dtype"": ""float32""}, {""shape"": [8, 192, 80, 80], ""dtype"": ""float32""}]}","[{""shape"": [8, 768, 80, 80], ""dtype"": ""float32""}]",0,8.4.148,2026-09-14T04:12:50+00:00
yolo26x,fp32,8,640,leaf,50,4,cv2,Conv,4,f4fabadc6486ec04,"Conv[768->768,k1,s1]@8x768x80x80","{""kind"": ""tensor"", ""shape"": [8, 768, 80, 80], ""dtype"": ""float32""}","[{""shape"": [8, 768, 80, 80], ""dtype"": ""float32""}]",590592,8.4.148,2026-09-14T04:12:50+00:00
yolo26x,fp32,8,640,leaf,51,5,,Conv,5,5b43d6f33e1b7d66,"Conv[768->768,k3,s2]@8x768x80x80","{""kind"": ""tensor"", ""shape"": [8, 768, 80, 80], ""dtype"": ""float32""}","[{""shape"": [8, 768, 40, 40], ""dtype"": ""float32""}]",5309184,8.4.148,2026-09-14T04:12:50+00:00
yolo26x,fp32,8,640,leaf,52,6,cv1,Conv,6,0fe8156a5a5b9225,"Conv[768->768,k1,s1]@8x768x40x40","{""kind"": ""tensor"", ""shape"": [8, 768, 40, 40], ""dtype"": ""float32""}","[{""shape"": [8, 768, 40, 40], ""dtype"": ""float32""}]",590592,8.4.148,2026-09-14T04:12:50+00:00
yolo26x,fp32,8,640,leaf,53,6,op:chunk,op:chunk,6,873551c6915c4829,"op:chunk[2,1]@8x768x40x40","{""kind"": ""list"", ""items"": [{""shape"": [8, 768, 40, 40], ""dtype"": ""float32""}]}","[{""shape"": [8, 384, 40, 40], ""dtype"": ""float32""}, {""shape"": [8, 384, 40, 40], ""dtype"": ""float32""}]",0,8.4.148,2026-09-14T04:12:50+00:00
yolo26x,fp32,8,640,leaf,54,6,m.0.cv1,Conv,6,0ce8afac5d1cb14f,"Conv[384->192,k1,s1]@8x384x40x40","{""kind"": ""tensor"", ""shape"": [8, 384, 40, 40], ""dtype"": ""float32""}","[{""shape"": [8, 192, 40, 40], ""dtype"": ""float32""}]",73920,8.4.148,2026-09-14T04:12:50+00:00
yolo26x,fp32,8,640,leaf,55,6,m.0.m.0.cv1,Conv,6,b72d49766820946c,"Conv[192->192,k3,s1]@8x192x40x40","{""kind"": ""tensor"", ""shape"": [8, 192, 40, 40], ""dtype"": ""float32""}","[{""shape"": [8, 192, 40, 40], ""dtype"": ""float32""}]",331968,8.4.148,2026-09-14T04:12:50+00:00
yolo26x,fp32,8,640,leaf,56,6,m.0.m.0.cv2,Conv,6,b72d49766820946c,"Conv[192->192,k3,s1]@8x192x40x40","{""kind"": ""tensor"", ""shape"": [8, 192, 40, 40], ""dtype"": ""float32""}","[{""shape"": [8, 192, 40, 40], ""dtype"": ""float32""}]",331968,8.4.148,2026-09-14T04:12:50+00:00
yolo26x,fp32,8,640,leaf,57,6,op:add,op:add,6,5c2cd1ee74aa08cd,op:add[]@8x192x40x40+8x192x40x40,"{""kind"": ""list"", ""items"": [{""shape"": [8, 192, 40, 40], ""dtype"": ""float32""}, {""shape"": [8, 192, 40, 40], ""dtype"": ""float32""}]}","[{""shape"": [8, 192, 40, 40], ""dtype"": ""float32""}]",0,8.4.148,2026-09-14T04:12:50+00:00
yolo26x,fp32,8,640,leaf,58,6,m.0.m.1.cv1,Conv,6,b72d49766820946c,"Conv[192->192,k3,s1]@8x192x40x40","{""kind"": ""tensor"", ""shape"": [8, 192, 40, 40], ""dtype"": ""float32""}","[{""shape"": [8, 192, 40, 40], ""dtype"": ""float32""}]",331968,8.4.148,2026-09-14T04:12:50+00:00
yolo26x,fp32,8,640,leaf,59,6,m.0.m.1.cv2,Conv,6,b72d49766820946c,"Conv[192->192,k3,s1]@8x192x40x40","{""kind"": ""tensor"", ""shape"": [8, 192, 40, 40], ""dtype"": ""float32""}","[{""shape"": [8, 192, 40, 40], ""dtype"": ""float32""}]",331968,8.4.148,2026-09-14T04:12:50+00:00
yolo26x,fp32,8,640,leaf,60,6,op:add,op:add,6,5c2cd1ee74aa08cd,op:add[]@8x192x40x40+8x192x40x40,"{""kind"": ""list"", ""items"": [{""shape"": [8, 192, 40, 40], ""dtype"": ""float32""}, {""shape"": [8, 192, 40, 40], ""dtype"": ""float32""}]}","[{""shape"": [8, 192, 40, 40], ""dtype"": ""float32""}]",0,8.4.148,2026-09-14T04:12:50+00:00
yolo26x,fp32,8,640,leaf,61,6,m.0.cv2,Conv,6,0ce8afac5d1cb14f,"Conv[384->192,k1,s1]@8x384x40x40","{""kind"": ""tensor"", ""shape"": [8, 384, 40, 40], ""dtype"": ""float32""}","[{""shape"": [8, 192, 40, 40], ""dtype"": ""float32""}]",73920,8.4.148,2026-09-14T04:12:50+00:00
yolo26x,fp32,8,640,leaf,62,6,op:cat,op:cat,6,5d1f8ed3b6f42a7b,op:cat[1]@8x192x40x40+8x192x40x40,"{""kind"": ""list"", ""items"": [{""shape"": [8, 192, 40, 40], ""dtype"": ""float32""}, {""shape"": [8, 192, 40, 40], ""dtype"": ""float32""}]}","[{""shape"": [8, 384, 40, 40], ""dtype"": ""float32""}]",0,8.4.148,2026-09-14T04:12:50+00:00
yolo26x,fp32,8,640,leaf,63,6,m.0.cv3,Conv,6,a086da0f4115858c,"Conv[384->384,k1,s1]@8x384x40x40","{""kind"": ""tensor"", ""shape"": [8, 384, 40, 40], ""dtype"": ""float32""}","[{""shape"": [8, 384, 40, 40], ""dtype"": ""float32""}]",147840,8.4.148,2026-09-14T04:12:50+00:00
yolo26x,fp32,8,640,leaf,64,6,m.1.cv1,Conv,6,0ce8afac5d1cb14f,"Conv[384->192,k1,s1]@8x384x40x40","{""kind"": ""tensor"", ""shape"": [8, 384, 40, 40], ""dtype"": ""float32""}","[{""shape"": [8, 192, 40, 40], ""dtype"": ""float32""}]",73920,8.4.148,2026-09-14T04:12:50+00:00
yolo26x,fp32,8,640,leaf,65,6,m.1.m.0.cv1,Conv,6,b72d49766820946c,"Conv[192->192,k3,s1]@8x192x40x40","{""kind"": ""tensor"", ""shape"": [8, 192, 40, 40], ""dtype"": ""float32""}","[{""shape"": [8, 192, 40, 40], ""dtype"": ""float32""}]",331968,8.4.148,2026-09-14T04:12:50+00:00
yolo26x,fp32,8,640,leaf,66,6,m.1.m.0.cv2,Conv,6,b72d49766820946c,"Conv[192->192,k3,s1]@8x192x40x40","{""kind"": ""tensor"", ""shape"": [8, 192, 40, 40], ""dtype"": ""float32""}","[{""shape"": [8, 192, 40, 40], ""dtype"": ""float32""}]",331968,8.4.148,2026-09-14T04:12:50+00:00
yolo26x,fp32,8,640,leaf,67,6,op:add,op:add,6,5c2cd1ee74aa08cd,op:add[]@8x192x40x40+8x192x40x40,"{""kind"": ""list"", ""items"": [{""shape"": [8, 192, 40, 40], ""dtype"": ""float32""}, {""shape"": [8, 192, 40, 40], ""dtype"": ""float32""}]}","[{""shape"": [8, 192, 40, 40], ""dtype"": ""float32""}]",0,8.4.148,2026-09-14T04:12:50+00:00
yolo26x,fp32,8,640,leaf,68,6,m.1.m.1.cv1,Conv,6,b72d49766820946c,"Conv[192->192,k3,s1]@8x192x40x40","{""kind"": ""tensor"", ""shape"": [8, 192, 40, 40], ""dtype"": ""float32""}","[{""shape"": [8, 192, 40, 40], ""dtype"": ""float32""}]",331968,8.4.148,2026-09-14T04:12:50+00:00
yolo26x,fp32,8,640,leaf,69,6,m.1.m.1.cv2,Conv,6,b72d49766820946c,"Conv[192->192,k3,s1]@8x192x40x40","{""kind"": ""tensor"", ""shape"": [8, 192, 40, 40], ""dtype"": ""float32""}","[{""shape"": [8, 192, 40, 40], ""dtype"": ""float32""}]",331968,8.4.148,2026-09-14T04:12:50+00:00
yolo26x,fp32,8,640,leaf,70,6,op:add,op:add,6,5c2cd1ee74aa08cd,op:add[]@8x192x40x40+8x192x40x40,"{""kind"": ""list"", ""items"": [{""shape"": [8, 192, 40, 40], ""dtype"": ""float32""}, {""shape"": [8, 192, 40, 40], ""dtype"": ""float32""}]}","[{""shape"": [8, 192, 40, 40], ""dtype"": ""float32""}]",0,8.4.148,2026-09-14T04:12:50+00:00
yolo26x,fp32,8,640,leaf,71,6,m.1.cv2,Conv,6,0ce8afac5d1cb14f,"Conv[384->192,k1,s1]@8x384x40x40","{""kind"": ""tensor"", ""shape"": [8, 384, 40, 40], ""dtype"": ""float32""}","[{""shape"": [8, 192, 40, 40], ""dtype"": ""float32""}]",73920,8.4.148,2026-09-14T04:12:50+00:00
yolo26x,fp32,8,640,leaf,72,6,op:cat,op:cat,6,5d1f8ed3b6f42a7b,op:cat[1]@8x192x40x40+8x192x40x40,"{""kind"": ""list"", ""items"": [{""shape"": [8, 192, 40, 40], ""dtype"": ""float32""}, {""shape"": [8, 192, 40, 40], ""dtype"": ""float32""}]}","[{""shape"": [8, 384, 40, 40], ""dtype"": ""float32""}]",0,8.4.148,2026-09-14T04:12:50+00:00
yolo26x,fp32,8,640,leaf,73,6,m.1.cv3,Conv,6,a086da0f4115858c,"Conv[384->384,k1,s1]@8x384x40x40","{""kind"": ""tensor"", ""shape"": [8, 384, 40, 40], ""dtype"": ""float32""}","[{""shape"": [8, 384, 40, 40], ""dtype"": ""float32""}]",147840,8.4.148,2026-09-14T04:12:50+00:00
yolo26x,fp32,8,640,leaf,74,6,op:cat,op:cat,6,e686b75002fcb71f,op:cat[1]@8x384x40x40+8x384x40x40+8x384x40x40+8x384x40x40,"{""kind"": ""list"", ""items"": [{""shape"": [8, 384, 40, 40], ""dtype"": ""float32""}, {""shape"": [8, 384, 40, 40], ""dtype"": ""float32""}, {""shape"": [8, 384, 40, 40], ""dtype"": ""float32""}, {""shape"": [8, 384, 40, 40], ""dtype"": ""float32""}]}","[{""shape"": [8, 1536, 40, 40], ""dtype"": ""float32""}]",0,8.4.148,2026-09-14T04:12:50+00:00
yolo26x,fp32,8,640,leaf,75,6,cv2,Conv,6,dfa5583b27981368,"Conv[1536->768,k1,s1]@8x1536x40x40","{""kind"": ""tensor"", ""shape"": [8, 1536, 40, 40], ""dtype"": ""float32""}","[{""shape"": [8, 768, 40, 40], ""dtype"": ""float32""}]",1180416,8.4.148,2026-09-14T04:12:50+00:00
yolo26x,fp32,8,640,leaf,76,7,,Conv,7,7d8eae6ea0331061,"Conv[768->768,k3,s2]@8x768x40x40","{""kind"": ""tensor"", ""shape"": [8, 768, 40, 40], ""dtype"": ""float32""}","[{""shape"": [8, 768, 20, 20], ""dtype"": ""float32""}]",5309184,8.4.148,2026-09-14T04:12:50+00:00
yolo26x,fp32,8,640,leaf,77,8,cv1,Conv,8,3357c496fd644939,"Conv[768->768,k1,s1]@8x768x20x20","{""kind"": ""tensor"", ""shape"": [8, 768, 20, 20], ""dtype"": ""float32""}","[{""shape"": [8, 768, 20, 20], ""dtype"": ""float32""}]",590592,8.4.148,2026-09-14T04:12:50+00:00
yolo26x,fp32,8,640,leaf,78,8,op:chunk,op:chunk,8,6850cb550b65db8b,"op:chunk[2,1]@8x768x20x20","{""kind"": ""list"", ""items"": [{""shape"": [8, 768, 20, 20], ""dtype"": ""float32""}]}","[{""shape"": [8, 384, 20, 20], ""dtype"": ""float32""}, {""shape"": [8, 384, 20, 20], ""dtype"": ""float32""}]",0,8.4.148,2026-09-14T04:12:50+00:00
yolo26x,fp32,8,640,leaf,79,8,m.0.cv1,Conv,8,81d7ab74644f6bb0,"Conv[384->192,k1,s1]@8x384x20x20","{""kind"": ""tensor"", ""shape"": [8, 384, 20, 20], ""dtype"": ""float32""}","[{""shape"": [8, 192, 20, 20], ""dtype"": ""float32""}]",73920,8.4.148,2026-09-14T04:12:50+00:00
yolo26x,fp32,8,640,leaf,80,8,m.0.m.0.cv1,Conv,8,dd14200a1f7381d8,"Conv[192->192,k3,s1]@8x192x20x20","{""kind"": ""tensor"", ""shape"": [8, 192, 20, 20], ""dtype"": ""float32""}","[{""shape"": [8, 192, 20, 20], ""dtype"": ""float32""}]",331968,8.4.148,2026-09-14T04:12:50+00:00
yolo26x,fp32,8,640,leaf,81,8,m.0.m.0.cv2,Conv,8,dd14200a1f7381d8,"Conv[192->192,k3,s1]@8x192x20x20","{""kind"": ""tensor"", ""shape"": [8, 192, 20, 20], ""dtype"": ""float32""}","[{""shape"": [8, 192, 20, 20], ""dtype"": ""float32""}]",331968,8.4.148,2026-09-14T04:12:50+00:00
yolo26x,fp32,8,640,leaf,82,8,op:add,op:add,8,b3a4ee69110a3cdc,op:add[]@8x192x20x20+8x192x20x20,"{""kind"": ""list"", ""items"": [{""shape"": [8, 192, 20, 20], ""dtype"": ""float32""}, {""shape"": [8, 192, 20, 20], ""dtype"": ""float32""}]}","[{""shape"": [8, 192, 20, 20], ""dtype"": ""float32""}]",0,8.4.148,2026-09-14T04:12:50+00:00
yolo26x,fp32,8,640,leaf,83,8,m.0.m.1.cv1,Conv,8,dd14200a1f7381d8,"Conv[192->192,k3,s1]@8x192x20x20","{""kind"": ""tensor"", ""shape"": [8, 192, 20, 20], ""dtype"": ""float32""}","[{""shape"": [8, 192, 20, 20], ""dtype"": ""float32""}]",331968,8.4.148,2026-09-14T04:12:50+00:00
yolo26x,fp32,8,640,leaf,84,8,m.0.m.1.cv2,Conv,8,dd14200a1f7381d8,"Conv[192->192,k3,s1]@8x192x20x20","{""kind"": ""tensor"", ""shape"": [8, 192, 20, 20], ""dtype"": ""float32""}","[{""shape"": [8, 192, 20, 20], ""dtype"": ""float32""}]",331968,8.4.148,2026-09-14T04:12:50+00:00
yolo26x,fp32,8,640,leaf,85,8,op:add,op:add,8,b3a4ee69110a3cdc,op:add[]@8x192x20x20+8x192x20x20,"{""kind"": ""list"", ""items"": [{""shape"": [8, 192, 20, 20], ""dtype"": ""float32""}, {""shape"": [8, 192, 20, 20], ""dtype"": ""float32""}]}","[{""shape"": [8, 192, 20, 20], ""dtype"": ""float32""}]",0,8.4.148,2026-09-14T04:12:50+00:00
yolo26x,fp32,8,640,leaf,86,8,m.0.cv2,Conv,8,81d7ab74644f6bb0,"Conv[384->192,k1,s1]@8x384x20x20","{""kind"": ""tensor"", ""shape"": [8, 384, 20, 20], ""dtype"": ""float32""}","[{""shape"": [8, 192, 20, 20], ""dtype"": ""float32""}]",73920,8.4.148,2026-09-14T04:12:50+00:00
yolo26x,fp32,8,640,leaf,87,8,op:cat,op:cat,8,c6da2dc0e8be8ba7,op:cat[1]@8x192x20x20+8x192x20x20,"{""kind"": ""list"", ""items"": [{""shape"": [8, 192, 20, 20], ""dtype"": ""float32""}, {""shape"": [8, 192, 20, 20], ""dtype"": ""float32""}]}","[{""shape"": [8, 384, 20, 20], ""dtype"": ""float32""}]",0,8.4.148,2026-09-14T04:12:50+00:00
yolo26x,fp32,8,640,leaf,88,8,m.0.cv3,Conv,8,22fd34f842a03744,"Conv[384->384,k1,s1]@8x384x20x20","{""kind"": ""tensor"", ""shape"": [8, 384, 20, 20], ""dtype"": ""float32""}","[{""shape"": [8, 384, 20, 20], ""dtype"": ""float32""}]",147840,8.4.148,2026-09-14T04:12:50+00:00
yolo26x,fp32,8,640,leaf,89,8,m.1.cv1,Conv,8,81d7ab74644f6bb0,"Conv[384->192,k1,s1]@8x384x20x20","{""kind"": ""tensor"", ""shape"": [8, 384, 20, 20], ""dtype"": ""float32""}","[{""shape"": [8, 192, 20, 20], ""dtype"": ""float32""}]",73920,8.4.148,2026-09-14T04:12:50+00:00
yolo26x,fp32,8,640,leaf,90,8,m.1.m.0.cv1,Conv,8,dd14200a1f7381d8,"Conv[192->192,k3,s1]@8x192x20x20","{""kind"": ""tensor"", ""shape"": [8, 192, 20, 20], ""dtype"": ""float32""}","[{""shape"": [8, 192, 20, 20], ""dtype"": ""float32""}]",331968,8.4.148,2026-09-14T04:12:50+00:00
yolo26x,fp32,8,640,leaf,91,8,m.1.m.0.cv2,Conv,8,dd14200a1f7381d8,"Conv[192->192,k3,s1]@8x192x20x20","{""kind"": ""tensor"", ""shape"": [8, 192, 20, 20], ""dtype"": ""float32""}","[{""shape"": [8, 192, 20, 20], ""dtype"": ""float32""}]",331968,8.4.148,2026-09-14T04:12:50+00:00
yolo26x,fp32,8,640,leaf,92,8,op:add,op:add,8,b3a4ee69110a3cdc,op:add[]@8x192x20x20+8x192x20x20,"{""kind"": ""list"", ""items"": [{""shape"": [8, 192, 20, 20], ""dtype"": ""float32""}, {""shape"": [8, 192, 20, 20], ""dtype"": ""float32""}]}","[{""shape"": [8, 192, 20, 20], ""dtype"": ""float32""}]",0,8.4.148,2026-09-14T04:12:50+00:00
yolo26x,fp32,8,640,leaf,93,8,m.1.m.1.cv1,Conv,8,dd14200a1f7381d8,"Conv[192->192,k3,s1]@8x192x20x20","{""kind"": ""tensor"", ""shape"": [8, 192, 20, 20], ""dtype"": ""float32""}","[{""shape"": [8, 192, 20, 20], ""dtype"": ""float32""}]",331968,8.4.148,2026-09-14T04:12:50+00:00
yolo26x,fp32,8,640,leaf,94,8,m.1.m.1.cv2,Conv,8,dd14200a1f7381d8,"Conv[192->192,k3,s1]@8x192x20x20","{""kind"": ""tensor"", ""shape"": [8, 192, 20, 20], ""dtype"": ""float32""}","[{""shape"": [8, 192, 20, 20], ""dtype"": ""float32""}]",331968,8.4.148,2026-09-14T04:12:50+00:00
yolo26x,fp32,8,640,leaf,95,8,op:add,op:add,8,b3a4ee69110a3cdc,op:add[]@8x192x20x20+8x192x20x20,"{""kind"": ""list"", ""items"": [{""shape"": [8, 192, 20, 20], ""dtype"": ""float32""}, {""shape"": [8, 192, 20, 20], ""dtype"": ""float32""}]}","[{""shape"": [8, 192, 20, 20], ""dtype"": ""float32""}]",0,8.4.148,2026-09-14T04:12:50+00:00
yolo26x,fp32,8,640,leaf,96,8,m.1.cv2,Conv,8,81d7ab74644f6bb0,"Conv[384->192,k1,s1]@8x384x20x20","{""kind"": ""tensor"", ""shape"": [8, 384, 20, 20], ""dtype"": ""float32""}","[{""shape"": [8, 192, 20, 20], ""dtype"": ""float32""}]",73920,8.4.148,2026-09-14T04:12:50+00:00
yolo26x,fp32,8,640,leaf,97,8,op:cat,op:cat,8,c6da2dc0e8be8ba7,op:cat[1]@8x192x20x20+8x192x20x20,"{""kind"": ""list"", ""items"": [{""shape"": [8, 192, 20, 20], ""dtype"": ""float32""}, {""shape"": [8, 192, 20, 20], ""dtype"": ""float32""}]}","[{""shape"": [8, 384, 20, 20], ""dtype"": ""float32""}]",0,8.4.148,2026-09-14T04:12:50+00:00
yolo26x,fp32,8,640,leaf,98,8,m.1.cv3,Conv,8,22fd34f842a03744,"Conv[384->384,k1,s1]@8x384x20x20","{""kind"": ""tensor"", ""shape"": [8, 384, 20, 20], ""dtype"": ""float32""}","[{""shape"": [8, 384, 20, 20], ""dtype"": ""float32""}]",147840,8.4.148,2026-09-14T04:12:50+00:00
yolo26x,fp32,8,640,leaf,99,8,op:cat,op:cat,8,c41e5d155278a986,op:cat[1]@8x384x20x20+8x384x20x20+8x384x20x20+8x384x20x20,"{""kind"": ""list"", ""items"": [{""shape"": [8, 384, 20, 20], ""dtype"": ""float32""}, {""shape"": [8, 384, 20, 20], ""dtype"": ""float32""}, {""shape"": [8, 384, 20, 20], ""dtype"": ""float32""}, {""shape"": [8, 384, 20, 20], ""dtype"": ""float32""}]}","[{""shape"": [8, 1536, 20, 20], ""dtype"": ""float32""}]",0,8.4.148,2026-09-14T04:12:50+00:00
yolo26x,fp32,8,640,leaf,100,8,cv2,Conv,8,fa419221ffca8dd3,"Conv[1536->768,k1,s1]@8x1536x20x20","{""kind"": ""tensor"", ""shape"": [8, 1536, 20, 20], ""dtype"": ""float32""}","[{""shape"": [8, 768, 20, 20], ""dtype"": ""float32""}]",1180416,8.4.148,2026-09-14T04:12:50+00:00
yolo26x,fp32,8,640,leaf,101,9,cv1,Conv,9,674ce11d58c448b1,"Conv[768->384,k1,s1]@8x768x20x20","{""kind"": ""tensor"", ""shape"": [8, 768, 20, 20], ""dtype"": ""float32""}","[{""shape"": [8, 384, 20, 20], ""dtype"": ""float32""}]",295296,8.4.148,2026-09-14T04:12:50+00:00
yolo26x,fp32,8,640,leaf,102,9,m,MaxPool2d,9,e6198e1c8fc54fef,MaxPool2d[p=0]@8x384x20x20,"{""kind"": ""tensor"", ""shape"": [8, 384, 20, 20], ""dtype"": ""float32""}","[{""shape"": [8, 384, 20, 20], ""dtype"": ""float32""}]",0,8.4.148,2026-09-14T04:12:50+00:00
yolo26x,fp32,8,640,leaf,103,9,m,MaxPool2d,9,e6198e1c8fc54fef,MaxPool2d[p=0]@8x384x20x20,"{""kind"": ""tensor"", ""shape"": [8, 384, 20, 20], ""dtype"": ""float32""}","[{""shape"": [8, 384, 20, 20], ""dtype"": ""float32""}]",0,8.4.148,2026-09-14T04:12:50+00:00
yolo26x,fp32,8,640,leaf,104,9,m,MaxPool2d,9,e6198e1c8fc54fef,MaxPool2d[p=0]@8x384x20x20,"{""kind"": ""tensor"", ""shape"": [8, 384, 20, 20], ""dtype"": ""float32""}","[{""shape"": [8, 384, 20, 20], ""dtype"": ""float32""}]",0,8.4.148,2026-09-14T04:12:50+00:00
yolo26x,fp32,8,640,leaf,105,9,op:cat,op:cat,9,c41e5d155278a986,op:cat[1]@8x384x20x20+8x384x20x20+8x384x20x20+8x384x20x20,"{""kind"": ""list"", ""items"": [{""shape"": [8, 384, 20, 20], ""dtype"": ""float32""}, {""shape"": [8, 384, 20, 20], ""dtype"": ""float32""}, {""shape"": [8, 384, 20, 20], ""dtype"": ""float32""}, {""shape"": [8, 384, 20, 20], ""dtype"": ""float32""}]}","[{""shape"": [8, 1536, 20, 20], ""dtype"": ""float32""}]",0,8.4.148,2026-09-14T04:12:50+00:00
yolo26x,fp32,8,640,leaf,106,9,cv2,Conv,9,fa419221ffca8dd3,"Conv[1536->768,k1,s1]@8x1536x20x20","{""kind"": ""tensor"", ""shape"": [8, 1536, 20, 20], ""dtype"": ""float32""}","[{""shape"": [8, 768, 20, 20], ""dtype"": ""float32""}]",1180416,8.4.148,2026-09-14T04:12:50+00:00
yolo26x,fp32,8,640,leaf,107,9,op:add,op:add,9,c3b0361ef203362b,op:add[]@8x768x20x20+8x768x20x20,"{""kind"": ""list"", ""items"": [{""shape"": [8, 768, 20, 20], ""dtype"": ""float32""}, {""shape"": [8, 768, 20, 20], ""dtype"": ""float32""}]}","[{""shape"": [8, 768, 20, 20], ""dtype"": ""float32""}]",0,8.4.148,2026-09-14T04:12:50+00:00
yolo26x,fp32,8,640,leaf,108,10,cv1,Conv,10,3357c496fd644939,"Conv[768->768,k1,s1]@8x768x20x20","{""kind"": ""tensor"", ""shape"": [8, 768, 20, 20], ""dtype"": ""float32""}","[{""shape"": [8, 768, 20, 20], ""dtype"": ""float32""}]",590592,8.4.148,2026-09-14T04:12:50+00:00
yolo26x,fp32,8,640,leaf,109,10,op:split,op:split,10,cc674676c6a3a587,"op:split[[384, 384],dim=1]@8x768x20x20","{""kind"": ""list"", ""items"": [{""shape"": [8, 768, 20, 20], ""dtype"": ""float32""}]}","[{""shape"": [8, 384, 20, 20], ""dtype"": ""float32""}, {""shape"": [8, 384, 20, 20], ""dtype"": ""float32""}]",0,8.4.148,2026-09-14T04:12:50+00:00
yolo26x,fp32,8,640,leaf,110,10,m.0.attn,Attention,10,6adb771b7ae5c741,"Attention[384->384,p=447360]@8x384x20x20","{""kind"": ""tensor"", ""shape"": [8, 384, 20, 20], ""dtype"": ""float32""}","[{""shape"": [8, 384, 20, 20], ""dtype"": ""float32""}]",447360,8.4.148,2026-09-14T04:12:50+00:00
yolo26x,fp32,8,640,leaf,111,10,op:add,op:add,10,0e7b751b4d9600d6,op:add[]@8x384x20x20+8x384x20x20,"{""kind"": ""list"", ""items"": [{""shape"": [8, 384, 20, 20], ""dtype"": ""float32""}, {""shape"": [8, 384, 20, 20], ""dtype"": ""float32""}]}","[{""shape"": [8, 384, 20, 20], ""dtype"": ""float32""}]",0,8.4.148,2026-09-14T04:12:50+00:00
yolo26x,fp32,8,640,leaf,112,10,m.0.ffn.0,Conv,10,e8b4ca9999122692,"Conv[384->768,k1,s1]@8x384x20x20","{""kind"": ""tensor"", ""shape"": [8, 384, 20, 20], ""dtype"": ""float32""}","[{""shape"": [8, 768, 20, 20], ""dtype"": ""float32""}]",295680,8.4.148,2026-09-14T04:12:50+00:00
yolo26x,fp32,8,640,leaf,113,10,m.0.ffn.1,Conv,10,674ce11d58c448b1,"Conv[768->384,k1,s1]@8x768x20x20","{""kind"": ""tensor"", ""shape"": [8, 768, 20, 20], ""dtype"": ""float32""}","[{""shape"": [8, 384, 20, 20], ""dtype"": ""float32""}]",295296,8.4.148,2026-09-14T04:12:50+00:00
yolo26x,fp32,8,640,leaf,114,10,op:add,op:add,10,0e7b751b4d9600d6,op:add[]@8x384x20x20+8x384x20x20,"{""kind"": ""list"", ""items"": [{""shape"": [8, 384, 20, 20], ""dtype"": ""float32""}, {""shape"": [8, 384, 20, 20], ""dtype"": ""float32""}]}","[{""shape"": [8, 384, 20, 20], ""dtype"": ""float32""}]",0,8.4.148,2026-09-14T04:12:50+00:00
yolo26x,fp32,8,640,leaf,115,10,m.1.attn,Attention,10,6adb771b7ae5c741,"Attention[384->384,p=447360]@8x384x20x20","{""kind"": ""tensor"", ""shape"": [8, 384, 20, 20], ""dtype"": ""float32""}","[{""shape"": [8, 384, 20, 20], ""dtype"": ""float32""}]",447360,8.4.148,2026-09-14T04:12:50+00:00
yolo26x,fp32,8,640,leaf,116,10,op:add,op:add,10,0e7b751b4d9600d6,op:add[]@8x384x20x20+8x384x20x20,"{""kind"": ""list"", ""items"": [{""shape"": [8, 384, 20, 20], ""dtype"": ""float32""}, {""shape"": [8, 384, 20, 20], ""dtype"": ""float32""}]}","[{""shape"": [8, 384, 20, 20], ""dtype"": ""float32""}]",0,8.4.148,2026-09-14T04:12:50+00:00
yolo26x,fp32,8,640,leaf,117,10,m.1.ffn.0,Conv,10,e8b4ca9999122692,"Conv[384->768,k1,s1]@8x384x20x20","{""kind"": ""tensor"", ""shape"": [8, 384, 20, 20], ""dtype"": ""float32""}","[{""shape"": [8, 768, 20, 20], ""dtype"": ""float32""}]",295680,8.4.148,2026-09-14T04:12:50+00:00
yolo26x,fp32,8,640,leaf,118,10,m.1.ffn.1,Conv,10,674ce11d58c448b1,"Conv[768->384,k1,s1]@8x768x20x20","{""kind"": ""tensor"", ""shape"": [8, 768, 20, 20], ""dtype"": ""float32""}","[{""shape"": [8, 384, 20, 20], ""dtype"": ""float32""}]",295296,8.4.148,2026-09-14T04:12:50+00:00
yolo26x,fp32,8,640,leaf,119,10,op:add,op:add,10,0e7b751b4d9600d6,op:add[]@8x384x20x20+8x384x20x20,"{""kind"": ""list"", ""items"": [{""shape"": [8, 384, 20, 20], ""dtype"": ""float32""}, {""shape"": [8, 384, 20, 20], ""dtype"": ""float32""}]}","[{""shape"": [8, 384, 20, 20], ""dtype"": ""float32""}]",0,8.4.148,2026-09-14T04:12:50+00:00
yolo26x,fp32,8,640,leaf,120,10,op:cat,op:cat,10,5752b1ee84ad83d8,op:cat[1]@8x384x20x20+8x384x20x20,"{""kind"": ""list"", ""items"": [{""shape"": [8, 384, 20, 20], ""dtype"": ""float32""}, {""shape"": [8, 384, 20, 20], ""dtype"": ""float32""}]}","[{""shape"": [8, 768, 20, 20], ""dtype"": ""float32""}]",0,8.4.148,2026-09-14T04:12:50+00:00
yolo26x,fp32,8,640,leaf,121,10,cv2,Conv,10,3357c496fd644939,"Conv[768->768,k1,s1]@8x768x20x20","{""kind"": ""tensor"", ""shape"": [8, 768, 20, 20], ""dtype"": ""float32""}","[{""shape"": [8, 768, 20, 20], ""dtype"": ""float32""}]",590592,8.4.148,2026-09-14T04:12:50+00:00
yolo26x,fp32,8,640,leaf,122,11,,Upsample,11,2f0a0ba3dc7ccddf,"Upsample[x2.0,nearest]@8x768x20x20","{""kind"": ""tensor"", ""shape"": [8, 768, 20, 20], ""dtype"": ""float32""}","[{""shape"": [8, 768, 40, 40], ""dtype"": ""float32""}]",0,8.4.148,2026-09-14T04:12:50+00:00
yolo26x,fp32,8,640,leaf,123,12,,Concat,12,644ec4fa9312a521,Concat[d=1]@8x768x40x40+8x768x40x40,"{""kind"": ""list"", ""items"": [{""shape"": [8, 768, 40, 40], ""dtype"": ""float32""}, {""shape"": [8, 768, 40, 40], ""dtype"": ""float32""}]}","[{""shape"": [8, 1536, 40, 40], ""dtype"": ""float32""}]",0,8.4.148,2026-09-14T04:12:50+00:00
yolo26x,fp32,8,640,leaf,124,13,cv1,Conv,13,dfa5583b27981368,"Conv[1536->768,k1,s1]@8x1536x40x40","{""kind"": ""tensor"", ""shape"": [8, 1536, 40, 40], ""dtype"": ""float32""}","[{""shape"": [8, 768, 40, 40], ""dtype"": ""float32""}]",1180416,8.4.148,2026-09-14T04:12:50+00:00
yolo26x,fp32,8,640,leaf,125,13,op:chunk,op:chunk,13,873551c6915c4829,"op:chunk[2,1]@8x768x40x40","{""kind"": ""list"", ""items"": [{""shape"": [8, 768, 40, 40], ""dtype"": ""float32""}]}","[{""shape"": [8, 384, 40, 40], ""dtype"": ""float32""}, {""shape"": [8, 384, 40, 40], ""dtype"": ""float32""}]",0,8.4.148,2026-09-14T04:12:50+00:00
yolo26x,fp32,8,640,leaf,126,13,m.0.cv1,Conv,13,0ce8afac5d1cb14f,"Conv[384->192,k1,s1]@8x384x40x40","{""kind"": ""tensor"", ""shape"": [8, 384, 40, 40], ""dtype"": ""float32""}","[{""shape"": [8, 192, 40, 40], ""dtype"": ""float32""}]",73920,8.4.148,2026-09-14T04:12:50+00:00
yolo26x,fp32,8,640,leaf,127,13,m.0.m.0.cv1,Conv,13,b72d49766820946c,"Conv[192->192,k3,s1]@8x192x40x40","{""kind"": ""tensor"", ""shape"": [8, 192, 40, 40], ""dtype"": ""float32""}","[{""shape"": [8, 192, 40, 40], ""dtype"": ""float32""}]",331968,8.4.148,2026-09-14T04:12:50+00:00
yolo26x,fp32,8,640,leaf,128,13,m.0.m.0.cv2,Conv,13,b72d49766820946c,"Conv[192->192,k3,s1]@8x192x40x40","{""kind"": ""tensor"", ""shape"": [8, 192, 40, 40], ""dtype"": ""float32""}","[{""shape"": [8, 192, 40, 40], ""dtype"": ""float32""}]",331968,8.4.148,2026-09-14T04:12:50+00:00
yolo26x,fp32,8,640,leaf,129,13,op:add,op:add,13,5c2cd1ee74aa08cd,op:add[]@8x192x40x40+8x192x40x40,"{""kind"": ""list"", ""items"": [{""shape"": [8, 192, 40, 40], ""dtype"": ""float32""}, {""shape"": [8, 192, 40, 40], ""dtype"": ""float32""}]}","[{""shape"": [8, 192, 40, 40], ""dtype"": ""float32""}]",0,8.4.148,2026-09-14T04:12:50+00:00
yolo26x,fp32,8,640,leaf,130,13,m.0.m.1.cv1,Conv,13,b72d49766820946c,"Conv[192->192,k3,s1]@8x192x40x40","{""kind"": ""tensor"", ""shape"": [8, 192, 40, 40], ""dtype"": ""float32""}","[{""shape"": [8, 192, 40, 40], ""dtype"": ""float32""}]",331968,8.4.148,2026-09-14T04:12:50+00:00
yolo26x,fp32,8,640,leaf,131,13,m.0.m.1.cv2,Conv,13,b72d49766820946c,"Conv[192->192,k3,s1]@8x192x40x40","{""kind"": ""tensor"", ""shape"": [8, 192, 40, 40], ""dtype"": ""float32""}","[{""shape"": [8, 192, 40, 40], ""dtype"": ""float32""}]",331968,8.4.148,2026-09-14T04:12:50+00:00
yolo26x,fp32,8,640,leaf,132,13,op:add,op:add,13,5c2cd1ee74aa08cd,op:add[]@8x192x40x40+8x192x40x40,"{""kind"": ""list"", ""items"": [{""shape"": [8, 192, 40, 40], ""dtype"": ""float32""}, {""shape"": [8, 192, 40, 40], ""dtype"": ""float32""}]}","[{""shape"": [8, 192, 40, 40], ""dtype"": ""float32""}]",0,8.4.148,2026-09-14T04:12:50+00:00
yolo26x,fp32,8,640,leaf,133,13,m.0.cv2,Conv,13,0ce8afac5d1cb14f,"Conv[384->192,k1,s1]@8x384x40x40","{""kind"": ""tensor"", ""shape"": [8, 384, 40, 40], ""dtype"": ""float32""}","[{""shape"": [8, 192, 40, 40], ""dtype"": ""float32""}]",73920,8.4.148,2026-09-14T04:12:50+00:00
yolo26x,fp32,8,640,leaf,134,13,op:cat,op:cat,13,5d1f8ed3b6f42a7b,op:cat[1]@8x192x40x40+8x192x40x40,"{""kind"": ""list"", ""items"": [{""shape"": [8, 192, 40, 40], ""dtype"": ""float32""}, {""shape"": [8, 192, 40, 40], ""dtype"": ""float32""}]}","[{""shape"": [8, 384, 40, 40], ""dtype"": ""float32""}]",0,8.4.148,2026-09-14T04:12:50+00:00
yolo26x,fp32,8,640,leaf,135,13,m.0.cv3,Conv,13,a086da0f4115858c,"Conv[384->384,k1,s1]@8x384x40x40","{""kind"": ""tensor"", ""shape"": [8, 384, 40, 40], ""dtype"": ""float32""}","[{""shape"": [8, 384, 40, 40], ""dtype"": ""float32""}]",147840,8.4.148,2026-09-14T04:12:50+00:00
yolo26x,fp32,8,640,leaf,136,13,m.1.cv1,Conv,13,0ce8afac5d1cb14f,"Conv[384->192,k1,s1]@8x384x40x40","{""kind"": ""tensor"", ""shape"": [8, 384, 40, 40], ""dtype"": ""float32""}","[{""shape"": [8, 192, 40, 40], ""dtype"": ""float32""}]",73920,8.4.148,2026-09-14T04:12:50+00:00
yolo26x,fp32,8,640,leaf,137,13,m.1.m.0.cv1,Conv,13,b72d49766820946c,"Conv[192->192,k3,s1]@8x192x40x40","{""kind"": ""tensor"", ""shape"": [8, 192, 40, 40], ""dtype"": ""float32""}","[{""shape"": [8, 192, 40, 40], ""dtype"": ""float32""}]",331968,8.4.148,2026-09-14T04:12:50+00:00
yolo26x,fp32,8,640,leaf,138,13,m.1.m.0.cv2,Conv,13,b72d49766820946c,"Conv[192->192,k3,s1]@8x192x40x40","{""kind"": ""tensor"", ""shape"": [8, 192, 40, 40], ""dtype"": ""float32""}","[{""shape"": [8, 192, 40, 40], ""dtype"": ""float32""}]",331968,8.4.148,2026-09-14T04:12:50+00:00
yolo26x,fp32,8,640,leaf,139,13,op:add,op:add,13,5c2cd1ee74aa08cd,op:add[]@8x192x40x40+8x192x40x40,"{""kind"": ""list"", ""items"": [{""shape"": [8, 192, 40, 40], ""dtype"": ""float32""}, {""shape"": [8, 192, 40, 40], ""dtype"": ""float32""}]}","[{""shape"": [8, 192, 40, 40], ""dtype"": ""float32""}]",0,8.4.148,2026-09-14T04:12:50+00:00
yolo26x,fp32,8,640,leaf,140,13,m.1.m.1.cv1,Conv,13,b72d49766820946c,"Conv[192->192,k3,s1]@8x192x40x40","{""kind"": ""tensor"", ""shape"": [8, 192, 40, 40], ""dtype"": ""float32""}","[{""shape"": [8, 192, 40, 40], ""dtype"": ""float32""}]",331968,8.4.148,2026-09-14T04:12:50+00:00
yolo26x,fp32,8,640,leaf,141,13,m.1.m.1.cv2,Conv,13,b72d49766820946c,"Conv[192->192,k3,s1]@8x192x40x40","{""kind"": ""tensor"", ""shape"": [8, 192, 40, 40], ""dtype"": ""float32""}","[{""shape"": [8, 192, 40, 40], ""dtype"": ""float32""}]",331968,8.4.148,2026-09-14T04:12:50+00:00
yolo26x,fp32,8,640,leaf,142,13,op:add,op:add,13,5c2cd1ee74aa08cd,op:add[]@8x192x40x40+8x192x40x40,"{""kind"": ""list"", ""items"": [{""shape"": [8, 192, 40, 40], ""dtype"": ""float32""}, {""shape"": [8, 192, 40, 40], ""dtype"": ""float32""}]}","[{""shape"": [8, 192, 40, 40], ""dtype"": ""float32""}]",0,8.4.148,2026-09-14T04:12:50+00:00
yolo26x,fp32,8,640,leaf,143,13,m.1.cv2,Conv,13,0ce8afac5d1cb14f,"Conv[384->192,k1,s1]@8x384x40x40","{""kind"": ""tensor"", ""shape"": [8, 384, 40, 40], ""dtype"": ""float32""}","[{""shape"": [8, 192, 40, 40], ""dtype"": ""float32""}]",73920,8.4.148,2026-09-14T04:12:50+00:00
yolo26x,fp32,8,640,leaf,144,13,op:cat,op:cat,13,5d1f8ed3b6f42a7b,op:cat[1]@8x192x40x40+8x192x40x40,"{""kind"": ""list"", ""items"": [{""shape"": [8, 192, 40, 40], ""dtype"": ""float32""}, {""shape"": [8, 192, 40, 40], ""dtype"": ""float32""}]}","[{""shape"": [8, 384, 40, 40], ""dtype"": ""float32""}]",0,8.4.148,2026-09-14T04:12:50+00:00
yolo26x,fp32,8,640,leaf,145,13,m.1.cv3,Conv,13,a086da0f4115858c,"Conv[384->384,k1,s1]@8x384x40x40","{""kind"": ""tensor"", ""shape"": [8, 384, 40, 40], ""dtype"": ""float32""}","[{""shape"": [8, 384, 40, 40], ""dtype"": ""float32""}]",147840,8.4.148,2026-09-14T04:12:50+00:00
yolo26x,fp32,8,640,leaf,146,13,op:cat,op:cat,13,e686b75002fcb71f,op:cat[1]@8x384x40x40+8x384x40x40+8x384x40x40+8x384x40x40,"{""kind"": ""list"", ""items"": [{""shape"": [8, 384, 40, 40], ""dtype"": ""float32""}, {""shape"": [8, 384, 40, 40], ""dtype"": ""float32""}, {""shape"": [8, 384, 40, 40], ""dtype"": ""float32""}, {""shape"": [8, 384, 40, 40], ""dtype"": ""float32""}]}","[{""shape"": [8, 1536, 40, 40], ""dtype"": ""float32""}]",0,8.4.148,2026-09-14T04:12:50+00:00
yolo26x,fp32,8,640,leaf,147,13,cv2,Conv,13,dfa5583b27981368,"Conv[1536->768,k1,s1]@8x1536x40x40","{""kind"": ""tensor"", ""shape"": [8, 1536, 40, 40], ""dtype"": ""float32""}","[{""shape"": [8, 768, 40, 40], ""dtype"": ""float32""}]",1180416,8.4.148,2026-09-14T04:12:50+00:00
yolo26x,fp32,8,640,leaf,148,14,,Upsample,14,79e3604cc810f9bd,"Upsample[x2.0,nearest]@8x768x40x40","{""kind"": ""tensor"", ""shape"": [8, 768, 40, 40], ""dtype"": ""float32""}","[{""shape"": [8, 768, 80, 80], ""dtype"": ""float32""}]",0,8.4.148,2026-09-14T04:12:50+00:00
yolo26x,fp32,8,640,leaf,149,15,,Concat,15,7291a4d75ba845c1,Concat[d=1]@8x768x80x80+8x768x80x80,"{""kind"": ""list"", ""items"": [{""shape"": [8, 768, 80, 80], ""dtype"": ""float32""}, {""shape"": [8, 768, 80, 80], ""dtype"": ""float32""}]}","[{""shape"": [8, 1536, 80, 80], ""dtype"": ""float32""}]",0,8.4.148,2026-09-14T04:12:50+00:00
yolo26x,fp32,8,640,leaf,150,16,cv1,Conv,16,ecc600bd546c5b19,"Conv[1536->384,k1,s1]@8x1536x80x80","{""kind"": ""tensor"", ""shape"": [8, 1536, 80, 80], ""dtype"": ""float32""}","[{""shape"": [8, 384, 80, 80], ""dtype"": ""float32""}]",590208,8.4.148,2026-09-14T04:12:50+00:00
yolo26x,fp32,8,640,leaf,151,16,op:chunk,op:chunk,16,56ca63c6628f8146,"op:chunk[2,1]@8x384x80x80","{""kind"": ""list"", ""items"": [{""shape"": [8, 384, 80, 80], ""dtype"": ""float32""}]}","[{""shape"": [8, 192, 80, 80], ""dtype"": ""float32""}, {""shape"": [8, 192, 80, 80], ""dtype"": ""float32""}]",0,8.4.148,2026-09-14T04:12:50+00:00
yolo26x,fp32,8,640,leaf,152,16,m.0.cv1,Conv,16,5d60a3dec5546382,"Conv[192->96,k1,s1]@8x192x80x80","{""kind"": ""tensor"", ""shape"": [8, 192, 80, 80], ""dtype"": ""float32""}","[{""shape"": [8, 96, 80, 80], ""dtype"": ""float32""}]",18528,8.4.148,2026-09-14T04:12:50+00:00
yolo26x,fp32,8,640,leaf,153,16,m.0.m.0.cv1,Conv,16,e43110717192bb87,"Conv[96->96,k3,s1]@8x96x80x80","{""kind"": ""tensor"", ""shape"": [8, 96, 80, 80], ""dtype"": ""float32""}","[{""shape"": [8, 96, 80, 80], ""dtype"": ""float32""}]",83040,8.4.148,2026-09-14T04:12:50+00:00
yolo26x,fp32,8,640,leaf,154,16,m.0.m.0.cv2,Conv,16,e43110717192bb87,"Conv[96->96,k3,s1]@8x96x80x80","{""kind"": ""tensor"", ""shape"": [8, 96, 80, 80], ""dtype"": ""float32""}","[{""shape"": [8, 96, 80, 80], ""dtype"": ""float32""}]",83040,8.4.148,2026-09-14T04:12:50+00:00
yolo26x,fp32,8,640,leaf,155,16,op:add,op:add,16,e2333fa709ec29b3,op:add[]@8x96x80x80+8x96x80x80,"{""kind"": ""list"", ""items"": [{""shape"": [8, 96, 80, 80], ""dtype"": ""float32""}, {""shape"": [8, 96, 80, 80], ""dtype"": ""float32""}]}","[{""shape"": [8, 96, 80, 80], ""dtype"": ""float32""}]",0,8.4.148,2026-09-14T04:12:50+00:00
yolo26x,fp32,8,640,leaf,156,16,m.0.m.1.cv1,Conv,16,e43110717192bb87,"Conv[96->96,k3,s1]@8x96x80x80","{""kind"": ""tensor"", ""shape"": [8, 96, 80, 80], ""dtype"": ""float32""}","[{""shape"": [8, 96, 80, 80], ""dtype"": ""float32""}]",83040,8.4.148,2026-09-14T04:12:50+00:00
yolo26x,fp32,8,640,leaf,157,16,m.0.m.1.cv2,Conv,16,e43110717192bb87,"Conv[96->96,k3,s1]@8x96x80x80","{""kind"": ""tensor"", ""shape"": [8, 96, 80, 80], ""dtype"": ""float32""}","[{""shape"": [8, 96, 80, 80], ""dtype"": ""float32""}]",83040,8.4.148,2026-09-14T04:12:50+00:00
yolo26x,fp32,8,640,leaf,158,16,op:add,op:add,16,e2333fa709ec29b3,op:add[]@8x96x80x80+8x96x80x80,"{""kind"": ""list"", ""items"": [{""shape"": [8, 96, 80, 80], ""dtype"": ""float32""}, {""shape"": [8, 96, 80, 80], ""dtype"": ""float32""}]}","[{""shape"": [8, 96, 80, 80], ""dtype"": ""float32""}]",0,8.4.148,2026-09-14T04:12:50+00:00
yolo26x,fp32,8,640,leaf,159,16,m.0.cv2,Conv,16,5d60a3dec5546382,"Conv[192->96,k1,s1]@8x192x80x80","{""kind"": ""tensor"", ""shape"": [8, 192, 80, 80], ""dtype"": ""float32""}","[{""shape"": [8, 96, 80, 80], ""dtype"": ""float32""}]",18528,8.4.148,2026-09-14T04:12:50+00:00
yolo26x,fp32,8,640,leaf,160,16,op:cat,op:cat,16,16d0927d446727d1,op:cat[1]@8x96x80x80+8x96x80x80,"{""kind"": ""list"", ""items"": [{""shape"": [8, 96, 80, 80], ""dtype"": ""float32""}, {""shape"": [8, 96, 80, 80], ""dtype"": ""float32""}]}","[{""shape"": [8, 192, 80, 80], ""dtype"": ""float32""}]",0,8.4.148,2026-09-14T04:12:50+00:00
yolo26x,fp32,8,640,leaf,161,16,m.0.cv3,Conv,16,16cc881448c7e099,"Conv[192->192,k1,s1]@8x192x80x80","{""kind"": ""tensor"", ""shape"": [8, 192, 80, 80], ""dtype"": ""float32""}","[{""shape"": [8, 192, 80, 80], ""dtype"": ""float32""}]",37056,8.4.148,2026-09-14T04:12:50+00:00
yolo26x,fp32,8,640,leaf,162,16,m.1.cv1,Conv,16,5d60a3dec5546382,"Conv[192->96,k1,s1]@8x192x80x80","{""kind"": ""tensor"", ""shape"": [8, 192, 80, 80], ""dtype"": ""float32""}","[{""shape"": [8, 96, 80, 80], ""dtype"": ""float32""}]",18528,8.4.148,2026-09-14T04:12:50+00:00
yolo26x,fp32,8,640,leaf,163,16,m.1.m.0.cv1,Conv,16,e43110717192bb87,"Conv[96->96,k3,s1]@8x96x80x80","{""kind"": ""tensor"", ""shape"": [8, 96, 80, 80], ""dtype"": ""float32""}","[{""shape"": [8, 96, 80, 80], ""dtype"": ""float32""}]",83040,8.4.148,2026-09-14T04:12:50+00:00
yolo26x,fp32,8,640,leaf,164,16,m.1.m.0.cv2,Conv,16,e43110717192bb87,"Conv[96->96,k3,s1]@8x96x80x80","{""kind"": ""tensor"", ""shape"": [8, 96, 80, 80], ""dtype"": ""float32""}","[{""shape"": [8, 96, 80, 80], ""dtype"": ""float32""}]",83040,8.4.148,2026-09-14T04:12:50+00:00
yolo26x,fp32,8,640,leaf,165,16,op:add,op:add,16,e2333fa709ec29b3,op:add[]@8x96x80x80+8x96x80x80,"{""kind"": ""list"", ""items"": [{""shape"": [8, 96, 80, 80], ""dtype"": ""float32""}, {""shape"": [8, 96, 80, 80], ""dtype"": ""float32""}]}","[{""shape"": [8, 96, 80, 80], ""dtype"": ""float32""}]",0,8.4.148,2026-09-14T04:12:50+00:00
yolo26x,fp32,8,640,leaf,166,16,m.1.m.1.cv1,Conv,16,e43110717192bb87,"Conv[96->96,k3,s1]@8x96x80x80","{""kind"": ""tensor"", ""shape"": [8, 96, 80, 80], ""dtype"": ""float32""}","[{""shape"": [8, 96, 80, 80], ""dtype"": ""float32""}]",83040,8.4.148,2026-09-14T04:12:50+00:00
yolo26x,fp32,8,640,leaf,167,16,m.1.m.1.cv2,Conv,16,e43110717192bb87,"Conv[96->96,k3,s1]@8x96x80x80","{""kind"": ""tensor"", ""shape"": [8, 96, 80, 80], ""dtype"": ""float32""}","[{""shape"": [8, 96, 80, 80], ""dtype"": ""float32""}]",83040,8.4.148,2026-09-14T04:12:50+00:00
yolo26x,fp32,8,640,leaf,168,16,op:add,op:add,16,e2333fa709ec29b3,op:add[]@8x96x80x80+8x96x80x80,"{""kind"": ""list"", ""items"": [{""shape"": [8, 96, 80, 80], ""dtype"": ""float32""}, {""shape"": [8, 96, 80, 80], ""dtype"": ""float32""}]}","[{""shape"": [8, 96, 80, 80], ""dtype"": ""float32""}]",0,8.4.148,2026-09-14T04:12:50+00:00
yolo26x,fp32,8,640,leaf,169,16,m.1.cv2,Conv,16,5d60a3dec5546382,"Conv[192->96,k1,s1]@8x192x80x80","{""kind"": ""tensor"", ""shape"": [8, 192, 80, 80], ""dtype"": ""float32""}","[{""shape"": [8, 96, 80, 80], ""dtype"": ""float32""}]",18528,8.4.148,2026-09-14T04:12:50+00:00
yolo26x,fp32,8,640,leaf,170,16,op:cat,op:cat,16,16d0927d446727d1,op:cat[1]@8x96x80x80+8x96x80x80,"{""kind"": ""list"", ""items"": [{""shape"": [8, 96, 80, 80], ""dtype"": ""float32""}, {""shape"": [8, 96, 80, 80], ""dtype"": ""float32""}]}","[{""shape"": [8, 192, 80, 80], ""dtype"": ""float32""}]",0,8.4.148,2026-09-14T04:12:50+00:00
yolo26x,fp32,8,640,leaf,171,16,m.1.cv3,Conv,16,16cc881448c7e099,"Conv[192->192,k1,s1]@8x192x80x80","{""kind"": ""tensor"", ""shape"": [8, 192, 80, 80], ""dtype"": ""float32""}","[{""shape"": [8, 192, 80, 80], ""dtype"": ""float32""}]",37056,8.4.148,2026-09-14T04:12:50+00:00
yolo26x,fp32,8,640,leaf,172,16,op:cat,op:cat,16,a7408b09af525f9a,op:cat[1]@8x192x80x80+8x192x80x80+8x192x80x80+8x192x80x80,"{""kind"": ""list"", ""items"": [{""shape"": [8, 192, 80, 80], ""dtype"": ""float32""}, {""shape"": [8, 192, 80, 80], ""dtype"": ""float32""}, {""shape"": [8, 192, 80, 80], ""dtype"": ""float32""}, {""shape"": [8, 192, 80, 80], ""dtype"": ""float32""}]}","[{""shape"": [8, 768, 80, 80], ""dtype"": ""float32""}]",0,8.4.148,2026-09-14T04:12:50+00:00
yolo26x,fp32,8,640,leaf,173,16,cv2,Conv,16,4f81d5d2be79b812,"Conv[768->384,k1,s1]@8x768x80x80","{""kind"": ""tensor"", ""shape"": [8, 768, 80, 80], ""dtype"": ""float32""}","[{""shape"": [8, 384, 80, 80], ""dtype"": ""float32""}]",295296,8.4.148,2026-09-14T04:12:50+00:00
yolo26x,fp32,8,640,leaf,174,17,,Conv,17,21e8eefcf06ce9f7,"Conv[384->384,k3,s2]@8x384x80x80","{""kind"": ""tensor"", ""shape"": [8, 384, 80, 80], ""dtype"": ""float32""}","[{""shape"": [8, 384, 40, 40], ""dtype"": ""float32""}]",1327488,8.4.148,2026-09-14T04:12:50+00:00
yolo26x,fp32,8,640,leaf,175,18,,Concat,18,6ac5193ce082c13a,Concat[d=1]@8x384x40x40+8x768x40x40,"{""kind"": ""list"", ""items"": [{""shape"": [8, 384, 40, 40], ""dtype"": ""float32""}, {""shape"": [8, 768, 40, 40], ""dtype"": ""float32""}]}","[{""shape"": [8, 1152, 40, 40], ""dtype"": ""float32""}]",0,8.4.148,2026-09-14T04:12:50+00:00
yolo26x,fp32,8,640,leaf,176,19,cv1,Conv,19,92189b2f7574760a,"Conv[1152->768,k1,s1]@8x1152x40x40","{""kind"": ""tensor"", ""shape"": [8, 1152, 40, 40], ""dtype"": ""float32""}","[{""shape"": [8, 768, 40, 40], ""dtype"": ""float32""}]",885504,8.4.148,2026-09-14T04:12:50+00:00
yolo26x,fp32,8,640,leaf,177,19,op:chunk,op:chunk,19,873551c6915c4829,"op:chunk[2,1]@8x768x40x40","{""kind"": ""list"", ""items"": [{""shape"": [8, 768, 40, 40], ""dtype"": ""float32""}]}","[{""shape"": [8, 384, 40, 40], ""dtype"": ""float32""}, {""shape"": [8, 384, 40, 40], ""dtype"": ""float32""}]",0,8.4.148,2026-09-14T04:12:50+00:00
yolo26x,fp32,8,640,leaf,178,19,m.0.cv1,Conv,19,0ce8afac5d1cb14f,"Conv[384->192,k1,s1]@8x384x40x40","{""kind"": ""tensor"", ""shape"": [8, 384, 40, 40], ""dtype"": ""float32""}","[{""shape"": [8, 192, 40, 40], ""dtype"": ""float32""}]",73920,8.4.148,2026-09-14T04:12:50+00:00
yolo26x,fp32,8,640,leaf,179,19,m.0.m.0.cv1,Conv,19,b72d49766820946c,"Conv[192->192,k3,s1]@8x192x40x40","{""kind"": ""tensor"", ""shape"": [8, 192, 40, 40], ""dtype"": ""float32""}","[{""shape"": [8, 192, 40, 40], ""dtype"": ""float32""}]",331968,8.4.148,2026-09-14T04:12:50+00:00
yolo26x,fp32,8,640,leaf,180,19,m.0.m.0.cv2,Conv,19,b72d49766820946c,"Conv[192->192,k3,s1]@8x192x40x40","{""kind"": ""tensor"", ""shape"": [8, 192, 40, 40], ""dtype"": ""float32""}","[{""shape"": [8, 192, 40, 40], ""dtype"": ""float32""}]",331968,8.4.148,2026-09-14T04:12:50+00:00
yolo26x,fp32,8,640,leaf,181,19,op:add,op:add,19,5c2cd1ee74aa08cd,op:add[]@8x192x40x40+8x192x40x40,"{""kind"": ""list"", ""items"": [{""shape"": [8, 192, 40, 40], ""dtype"": ""float32""}, {""shape"": [8, 192, 40, 40], ""dtype"": ""float32""}]}","[{""shape"": [8, 192, 40, 40], ""dtype"": ""float32""}]",0,8.4.148,2026-09-14T04:12:50+00:00
yolo26x,fp32,8,640,leaf,182,19,m.0.m.1.cv1,Conv,19,b72d49766820946c,"Conv[192->192,k3,s1]@8x192x40x40","{""kind"": ""tensor"", ""shape"": [8, 192, 40, 40], ""dtype"": ""float32""}","[{""shape"": [8, 192, 40, 40], ""dtype"": ""float32""}]",331968,8.4.148,2026-09-14T04:12:50+00:00
yolo26x,fp32,8,640,leaf,183,19,m.0.m.1.cv2,Conv,19,b72d49766820946c,"Conv[192->192,k3,s1]@8x192x40x40","{""kind"": ""tensor"", ""shape"": [8, 192, 40, 40], ""dtype"": ""float32""}","[{""shape"": [8, 192, 40, 40], ""dtype"": ""float32""}]",331968,8.4.148,2026-09-14T04:12:50+00:00
yolo26x,fp32,8,640,leaf,184,19,op:add,op:add,19,5c2cd1ee74aa08cd,op:add[]@8x192x40x40+8x192x40x40,"{""kind"": ""list"", ""items"": [{""shape"": [8, 192, 40, 40], ""dtype"": ""float32""}, {""shape"": [8, 192, 40, 40], ""dtype"": ""float32""}]}","[{""shape"": [8, 192, 40, 40], ""dtype"": ""float32""}]",0,8.4.148,2026-09-14T04:12:50+00:00
yolo26x,fp32,8,640,leaf,185,19,m.0.cv2,Conv,19,0ce8afac5d1cb14f,"Conv[384->192,k1,s1]@8x384x40x40","{""kind"": ""tensor"", ""shape"": [8, 384, 40, 40], ""dtype"": ""float32""}","[{""shape"": [8, 192, 40, 40], ""dtype"": ""float32""}]",73920,8.4.148,2026-09-14T04:12:50+00:00
yolo26x,fp32,8,640,leaf,186,19,op:cat,op:cat,19,5d1f8ed3b6f42a7b,op:cat[1]@8x192x40x40+8x192x40x40,"{""kind"": ""list"", ""items"": [{""shape"": [8, 192, 40, 40], ""dtype"": ""float32""}, {""shape"": [8, 192, 40, 40], ""dtype"": ""float32""}]}","[{""shape"": [8, 384, 40, 40], ""dtype"": ""float32""}]",0,8.4.148,2026-09-14T04:12:50+00:00
yolo26x,fp32,8,640,leaf,187,19,m.0.cv3,Conv,19,a086da0f4115858c,"Conv[384->384,k1,s1]@8x384x40x40","{""kind"": ""tensor"", ""shape"": [8, 384, 40, 40], ""dtype"": ""float32""}","[{""shape"": [8, 384, 40, 40], ""dtype"": ""float32""}]",147840,8.4.148,2026-09-14T04:12:50+00:00
yolo26x,fp32,8,640,leaf,188,19,m.1.cv1,Conv,19,0ce8afac5d1cb14f,"Conv[384->192,k1,s1]@8x384x40x40","{""kind"": ""tensor"", ""shape"": [8, 384, 40, 40], ""dtype"": ""float32""}","[{""shape"": [8, 192, 40, 40], ""dtype"": ""float32""}]",73920,8.4.148,2026-09-14T04:12:50+00:00
yolo26x,fp32,8,640,leaf,189,19,m.1.m.0.cv1,Conv,19,b72d49766820946c,"Conv[192->192,k3,s1]@8x192x40x40","{""kind"": ""tensor"", ""shape"": [8, 192, 40, 40], ""dtype"": ""float32""}","[{""shape"": [8, 192, 40, 40], ""dtype"": ""float32""}]",331968,8.4.148,2026-09-14T04:12:50+00:00
yolo26x,fp32,8,640,leaf,190,19,m.1.m.0.cv2,Conv,19,b72d49766820946c,"Conv[192->192,k3,s1]@8x192x40x40","{""kind"": ""tensor"", ""shape"": [8, 192, 40, 40], ""dtype"": ""float32""}","[{""shape"": [8, 192, 40, 40], ""dtype"": ""float32""}]",331968,8.4.148,2026-09-14T04:12:50+00:00
yolo26x,fp32,8,640,leaf,191,19,op:add,op:add,19,5c2cd1ee74aa08cd,op:add[]@8x192x40x40+8x192x40x40,"{""kind"": ""list"", ""items"": [{""shape"": [8, 192, 40, 40], ""dtype"": ""float32""}, {""shape"": [8, 192, 40, 40], ""dtype"": ""float32""}]}","[{""shape"": [8, 192, 40, 40], ""dtype"": ""float32""}]",0,8.4.148,2026-09-14T04:12:50+00:00
yolo26x,fp32,8,640,leaf,192,19,m.1.m.1.cv1,Conv,19,b72d49766820946c,"Conv[192->192,k3,s1]@8x192x40x40","{""kind"": ""tensor"", ""shape"": [8, 192, 40, 40], ""dtype"": ""float32""}","[{""shape"": [8, 192, 40, 40], ""dtype"": ""float32""}]",331968,8.4.148,2026-09-14T04:12:50+00:00
yolo26x,fp32,8,640,leaf,193,19,m.1.m.1.cv2,Conv,19,b72d49766820946c,"Conv[192->192,k3,s1]@8x192x40x40","{""kind"": ""tensor"", ""shape"": [8, 192, 40, 40], ""dtype"": ""float32""}","[{""shape"": [8, 192, 40, 40], ""dtype"": ""float32""}]",331968,8.4.148,2026-09-14T04:12:50+00:00
yolo26x,fp32,8,640,leaf,194,19,op:add,op:add,19,5c2cd1ee74aa08cd,op:add[]@8x192x40x40+8x192x40x40,"{""kind"": ""list"", ""items"": [{""shape"": [8, 192, 40, 40], ""dtype"": ""float32""}, {""shape"": [8, 192, 40, 40], ""dtype"": ""float32""}]}","[{""shape"": [8, 192, 40, 40], ""dtype"": ""float32""}]",0,8.4.148,2026-09-14T04:12:50+00:00
yolo26x,fp32,8,640,leaf,195,19,m.1.cv2,Conv,19,0ce8afac5d1cb14f,"Conv[384->192,k1,s1]@8x384x40x40","{""kind"": ""tensor"", ""shape"": [8, 384, 40, 40], ""dtype"": ""float32""}","[{""shape"": [8, 192, 40, 40], ""dtype"": ""float32""}]",73920,8.4.148,2026-09-14T04:12:50+00:00
yolo26x,fp32,8,640,leaf,196,19,op:cat,op:cat,19,5d1f8ed3b6f42a7b,op:cat[1]@8x192x40x40+8x192x40x40,"{""kind"": ""list"", ""items"": [{""shape"": [8, 192, 40, 40], ""dtype"": ""float32""}, {""shape"": [8, 192, 40, 40], ""dtype"": ""float32""}]}","[{""shape"": [8, 384, 40, 40], ""dtype"": ""float32""}]",0,8.4.148,2026-09-14T04:12:50+00:00
yolo26x,fp32,8,640,leaf,197,19,m.1.cv3,Conv,19,a086da0f4115858c,"Conv[384->384,k1,s1]@8x384x40x40","{""kind"": ""tensor"", ""shape"": [8, 384, 40, 40], ""dtype"": ""float32""}","[{""shape"": [8, 384, 40, 40], ""dtype"": ""float32""}]",147840,8.4.148,2026-09-14T04:12:50+00:00
yolo26x,fp32,8,640,leaf,198,19,op:cat,op:cat,19,e686b75002fcb71f,op:cat[1]@8x384x40x40+8x384x40x40+8x384x40x40+8x384x40x40,"{""kind"": ""list"", ""items"": [{""shape"": [8, 384, 40, 40], ""dtype"": ""float32""}, {""shape"": [8, 384, 40, 40], ""dtype"": ""float32""}, {""shape"": [8, 384, 40, 40], ""dtype"": ""float32""}, {""shape"": [8, 384, 40, 40], ""dtype"": ""float32""}]}","[{""shape"": [8, 1536, 40, 40], ""dtype"": ""float32""}]",0,8.4.148,2026-09-14T04:12:50+00:00
yolo26x,fp32,8,640,leaf,199,19,cv2,Conv,19,dfa5583b27981368,"Conv[1536->768,k1,s1]@8x1536x40x40","{""kind"": ""tensor"", ""shape"": [8, 1536, 40, 40], ""dtype"": ""float32""}","[{""shape"": [8, 768, 40, 40], ""dtype"": ""float32""}]",1180416,8.4.148,2026-09-14T04:12:50+00:00
yolo26x,fp32,8,640,leaf,200,20,,Conv,20,7d8eae6ea0331061,"Conv[768->768,k3,s2]@8x768x40x40","{""kind"": ""tensor"", ""shape"": [8, 768, 40, 40], ""dtype"": ""float32""}","[{""shape"": [8, 768, 20, 20], ""dtype"": ""float32""}]",5309184,8.4.148,2026-09-14T04:12:50+00:00
yolo26x,fp32,8,640,leaf,201,21,,Concat,21,501c827f2750d7a5,Concat[d=1]@8x768x20x20+8x768x20x20,"{""kind"": ""list"", ""items"": [{""shape"": [8, 768, 20, 20], ""dtype"": ""float32""}, {""shape"": [8, 768, 20, 20], ""dtype"": ""float32""}]}","[{""shape"": [8, 1536, 20, 20], ""dtype"": ""float32""}]",0,8.4.148,2026-09-14T04:12:50+00:00
yolo26x,fp32,8,640,leaf,202,22,cv1,Conv,22,fa419221ffca8dd3,"Conv[1536->768,k1,s1]@8x1536x20x20","{""kind"": ""tensor"", ""shape"": [8, 1536, 20, 20], ""dtype"": ""float32""}","[{""shape"": [8, 768, 20, 20], ""dtype"": ""float32""}]",1180416,8.4.148,2026-09-14T04:12:50+00:00
yolo26x,fp32,8,640,leaf,203,22,op:chunk,op:chunk,22,6850cb550b65db8b,"op:chunk[2,1]@8x768x20x20","{""kind"": ""list"", ""items"": [{""shape"": [8, 768, 20, 20], ""dtype"": ""float32""}]}","[{""shape"": [8, 384, 20, 20], ""dtype"": ""float32""}, {""shape"": [8, 384, 20, 20], ""dtype"": ""float32""}]",0,8.4.148,2026-09-14T04:12:50+00:00
yolo26x,fp32,8,640,leaf,204,22,m.0.0.cv1,Conv,22,b60c085463b5307f,"Conv[384->192,k3,s1]@8x384x20x20","{""kind"": ""tensor"", ""shape"": [8, 384, 20, 20], ""dtype"": ""float32""}","[{""shape"": [8, 192, 20, 20], ""dtype"": ""float32""}]",663744,8.4.148,2026-09-14T04:12:50+00:00
yolo26x,fp32,8,640,leaf,205,22,m.0.0.cv2,Conv,22,74d60c183a694564,"Conv[192->384,k3,s1]@8x192x20x20","{""kind"": ""tensor"", ""shape"": [8, 192, 20, 20], ""dtype"": ""float32""}","[{""shape"": [8, 384, 20, 20], ""dtype"": ""float32""}]",663936,8.4.148,2026-09-14T04:12:50+00:00
yolo26x,fp32,8,640,leaf,206,22,op:add,op:add,22,0e7b751b4d9600d6,op:add[]@8x384x20x20+8x384x20x20,"{""kind"": ""list"", ""items"": [{""shape"": [8, 384, 20, 20], ""dtype"": ""float32""}, {""shape"": [8, 384, 20, 20], ""dtype"": ""float32""}]}","[{""shape"": [8, 384, 20, 20], ""dtype"": ""float32""}]",0,8.4.148,2026-09-14T04:12:50+00:00
yolo26x,fp32,8,640,leaf,207,22,m.0.1.attn,Attention,22,6adb771b7ae5c741,"Attention[384->384,p=447360]@8x384x20x20","{""kind"": ""tensor"", ""shape"": [8, 384, 20, 20], ""dtype"": ""float32""}","[{""shape"": [8, 384, 20, 20], ""dtype"": ""float32""}]",447360,8.4.148,2026-09-14T04:12:50+00:00
yolo26x,fp32,8,640,leaf,208,22,op:add,op:add,22,0e7b751b4d9600d6,op:add[]@8x384x20x20+8x384x20x20,"{""kind"": ""list"", ""items"": [{""shape"": [8, 384, 20, 20], ""dtype"": ""float32""}, {""shape"": [8, 384, 20, 20], ""dtype"": ""float32""}]}","[{""shape"": [8, 384, 20, 20], ""dtype"": ""float32""}]",0,8.4.148,2026-09-14T04:12:50+00:00
yolo26x,fp32,8,640,leaf,209,22,m.0.1.ffn.0,Conv,22,e8b4ca9999122692,"Conv[384->768,k1,s1]@8x384x20x20","{""kind"": ""tensor"", ""shape"": [8, 384, 20, 20], ""dtype"": ""float32""}","[{""shape"": [8, 768, 20, 20], ""dtype"": ""float32""}]",295680,8.4.148,2026-09-14T04:12:50+00:00
yolo26x,fp32,8,640,leaf,210,22,m.0.1.ffn.1,Conv,22,674ce11d58c448b1,"Conv[768->384,k1,s1]@8x768x20x20","{""kind"": ""tensor"", ""shape"": [8, 768, 20, 20], ""dtype"": ""float32""}","[{""shape"": [8, 384, 20, 20], ""dtype"": ""float32""}]",295296,8.4.148,2026-09-14T04:12:50+00:00
yolo26x,fp32,8,640,leaf,211,22,op:add,op:add,22,0e7b751b4d9600d6,op:add[]@8x384x20x20+8x384x20x20,"{""kind"": ""list"", ""items"": [{""shape"": [8, 384, 20, 20], ""dtype"": ""float32""}, {""shape"": [8, 384, 20, 20], ""dtype"": ""float32""}]}","[{""shape"": [8, 384, 20, 20], ""dtype"": ""float32""}]",0,8.4.148,2026-09-14T04:12:50+00:00
yolo26x,fp32,8,640,leaf,212,22,op:cat,op:cat,22,223436206b52285e,op:cat[1]@8x384x20x20+8x384x20x20+8x384x20x20,"{""kind"": ""list"", ""items"": [{""shape"": [8, 384, 20, 20], ""dtype"": ""float32""}, {""shape"": [8, 384, 20, 20], ""dtype"": ""float32""}, {""shape"": [8, 384, 20, 20], ""dtype"": ""float32""}]}","[{""shape"": [8, 1152, 20, 20], ""dtype"": ""float32""}]",0,8.4.148,2026-09-14T04:12:50+00:00
yolo26x,fp32,8,640,leaf,213,22,cv2,Conv,22,3c39876910bce41d,"Conv[1152->768,k1,s1]@8x1152x20x20","{""kind"": ""tensor"", ""shape"": [8, 1152, 20, 20], ""dtype"": ""float32""}","[{""shape"": [8, 768, 20, 20], ""dtype"": ""float32""}]",885504,8.4.148,2026-09-14T04:12:50+00:00
yolo26x,fp32,8,640,leaf,214,23,,Detect,23,f58a477c3a27431e,"Detect[nc=80,e2e]@8x384x80x80+8x768x40x40+8x768x20x20","{""kind"": ""list"", ""items"": [{""shape"": [8, 384, 80, 80], ""dtype"": ""float32""}, {""shape"": [8, 768, 40, 40], ""dtype"": ""float32""}, {""shape"": [8, 768, 20, 20], ""dtype"": ""float32""}]}","[{""shape"": [8, 300, 6], ""dtype"": ""float32""}, {""shape"": [8, 4, 8400], ""dtype"": ""float32""}, {""shape"": [8, 80, 8400], ""dtype"": ""float32""}, {""shape"": [8, 384, 80, 80], ""dtype"": ""float32""}, {""shape"": [8, 768, 40, 40], ""dtype"": ""float32""}, {""shape"": [8, 768, 20, 20], ""dtype"": ""float32""}]",3214524,8.4.148,2026-09-14T04:12:50+00:00
