model,level,layer_idx,parent_layer_idx,path,layer_type,kernel_key,short_desc,hit,time_s,energy_j,dyn_energy_j,static_energy_j,power_w,energy_share,shared_with
yolo26n,leaf,0,0,,Conv,0c0af8019704a4df,"Conv[3->16,k3,s2]@8x3x640x640",1,0.0005807287041785186,0.15933905778607074,0.10724880865188322,0.05209024913418753,274.37778887039343,0.0601531659190679,
yolo26n,leaf,1,1,,Conv,97040e09e2ec10bf,"Conv[16->32,k3,s2]@8x16x320x320",1,0.00035692318210869605,0.10580471812442553,0.07378939436992135,0.03201532375450419,296.43554531631446,0.0399430550976633,
yolo26n,leaf,2,2,cv1,Conv,542575d847a431bb,"Conv[32->32,k1,s1]@8x32x160x160",1,0.00029296763042800845,0.07472615492686614,0.04844752129391193,0.026278633632954216,255.0662502123379,0.028210376402782407,
yolo26n,leaf,3,2,op:chunk,op:chunk,1ef58be9dbb1a227,"op:chunk[2,1]@8x32x160x160",1,4.6338299693913455e-06,0.0004277548672020153,1.2109220940212362e-05,0.00041564564626180294,92.31129972992967,0.00016148463444561075,
yolo26n,leaf,4,2,m.0.cv1,Conv,9d782635dec04160,"Conv[16->8,k3,s1]@8x16x160x160",1,0.00016002335941530277,0.04716719901353259,0.03281341109284745,0.01435378792068514,294.7519611253835,0.017806408470219734,
yolo26n,leaf,5,2,m.0.cv2,Conv,99d956e8188d3185,"Conv[8->16,k3,s1]@8x8x160x160",1,0.000176672801890306,0.05302320104039322,0.03717599011473528,0.01584721092565794,300.12090414072156,0.020017147421727072,
yolo26n,leaf,6,2,op:add,op:add,6b085b75b53e3b6b,op:add[]@8x16x160x160+8x16x160x160,1,7.217018463668774e-05,0.01757119608279944,0.011097669166124539,0.006473526916674904,243.46890854242207,0.006633421133845247,
yolo26n,leaf,7,2,op:cat,op:cat,01dbcc3669a95f57,op:cat[1]@8x16x160x160+8x16x160x160+8x16x160x160,1,0.00014287955714602127,0.03470454221031874,0.02188852041844476,0.012816021791873978,242.89368544760464,0.013101546568233148,
yolo26n,leaf,8,2,cv2,Conv,41d73225299af29d,"Conv[48->64,k1,s1]@8x48x160x160",1,0.0005565264672256346,0.16533225842369526,0.11541290344956776,0.04991935497412751,297.07887793351614,0.06241569964651916,
yolo26n,leaf,9,3,,Conv,6bc457c858fda289,"Conv[64->64,k3,s2]@8x64x160x160",1,0.0003443232943164632,0.10227002743503848,0.07138488941001127,0.030885138025027212,297.01745168900305,0.038608650096996405,
yolo26n,leaf,10,4,cv1,Conv,9d8a21ff50d35c42,"Conv[64->64,k1,s1]@8x64x80x80",1,0.0001519482202652822,0.03893592115240263,0.025306457700425854,0.013629463451976775,256.24466732433905,0.014698963065520062,yolo26s
yolo26n,leaf,11,4,op:chunk,op:chunk,a23c6333990c4093,"op:chunk[2,1]@8x64x80x80",1,4.6114061860825245e-06,0.0004224036417814342,8.769365804383797e-06,0.0004136342759770504,91.59974739511593,0.00015946445712645827,
yolo26n,leaf,12,4,m.0.cv1,Conv,b988ae5be32f5c0f,"Conv[32->16,k3,s1]@8x32x80x80",1,9.370621043242974e-05,0.0279325809708122,0.01952731391284812,0.008405267057964077,298.08676332028176,0.010545017656254456,
yolo26n,leaf,13,4,m.0.cv2,Conv,efd9d4978c572db8,"Conv[16->32,k3,s1]@8x16x80x80",1,7.282261805560069e-05,0.021670715936125566,0.015138666995155824,0.006532048940969742,297.58221435515804,0.0081810586142722,
yolo26n,leaf,14,4,op:add,op:add,ba9465c82154aa84,op:add[]@8x32x80x80+8x32x80x80,1,3.6681056376692096e-05,0.00840981923508416,0.005119598945611945,0.0032902202894722144,229.26873066905273,0.0031748477669334466,yolo26s
yolo26n,leaf,15,4,op:cat,op:cat,362d816621cafae7,op:cat[1]@8x32x80x80+8x32x80x80+8x32x80x80,1,7.287706850041988e-05,0.017447497232221068,0.01091056419095511,0.006536933041265957,239.4099761589689,0.006586722743719024,
yolo26n,leaf,16,4,cv2,Conv,8a361decfc89e58f,"Conv[96->128,k1,s1]@8x96x80x80",1,0.0002810310510266243,0.07765369715364528,0.052445751761782344,0.025207945391862944,276.3171431411988,0.02931557267888288,
yolo26n,leaf,17,5,,Conv,3e73f7e780669aea,"Conv[128->128,k3,s2]@8x128x80x80",1,0.00024750014986391647,0.07365772011516897,0.051457432141807494,0.02220028797336147,297.60676975617326,0.027807024347142557,yolo26s
yolo26n,leaf,18,6,cv1,Conv,4abb475c05a2c84c,"Conv[128->128,k1,s1]@8x128x40x40",1,7.024238645443827e-05,0.02046350503304564,0.014162897909849618,0.006300607123196021,291.32701871282524,0.007725316257305516,yolo26s
yolo26n,leaf,19,6,op:chunk,op:chunk,b42bbc9dc658a45a,"op:chunk[2,1]@8x128x40x40",1,4.609745985581401e-06,0.0004478475387383184,3.436217955682841e-05,0.00041348535918149,97.15232469188516,0.0001690699548402079,
yolo26n,leaf,20,6,m.0.cv1,Conv,7a7d17644bc01c3d,"Conv[64->32,k1,s1]@8x64x40x40",1,4.2075160346072784e-05,0.005907969899145542,0.002133908846165321,0.003774061052980221,140.41467342136892,0.0022303576946293945,
yolo26n,leaf,21,6,m.0.m.0.cv1,Conv,eacc723220bf70ed,"Conv[32->32,k3,s1]@8x32x40x40",1,4.3484773813094214e-05,0.008018443718158423,0.004117943045177121,0.003900500672981302,184.39658333335737,0.003027096947182128,
yolo26n,leaf,22,6,m.0.m.0.cv2,Conv,eacc723220bf70ed,"Conv[32->32,k3,s1]@8x32x40x40",1,4.3484773813094214e-05,0.008018443718158423,0.004117943045177121,0.003900500672981302,184.39658333335737,0.003027096947182128,
yolo26n,leaf,23,6,op:add,op:add,4410586e9b6b4062,op:add[]@8x32x40x40+8x32x40x40,1,9.388434536607282e-06,0.0012290458509832032,0.0003869213090532956,0.0008421245419299076,130.91062691984706,0.00046398541590219944,
yolo26n,leaf,24,6,m.0.m.1.cv1,Conv,eacc723220bf70ed,"Conv[32->32,k3,s1]@8x32x40x40",1,4.3484773813094214e-05,0.008018443718158423,0.004117943045177121,0.003900500672981302,184.39658333335737,0.003027096947182128,
yolo26n,leaf,25,6,m.0.m.1.cv2,Conv,eacc723220bf70ed,"Conv[32->32,k3,s1]@8x32x40x40",1,4.3484773813094214e-05,0.008018443718158423,0.004117943045177121,0.003900500672981302,184.39658333335737,0.003027096947182128,
yolo26n,leaf,26,6,op:add,op:add,4410586e9b6b4062,op:add[]@8x32x40x40+8x32x40x40,1,9.388434536607282e-06,0.0012290458509832032,0.0003869213090532956,0.0008421245419299076,130.91062691984706,0.00046398541590219944,
yolo26n,leaf,27,6,m.0.cv2,Conv,7a7d17644bc01c3d,"Conv[64->32,k1,s1]@8x64x40x40",1,4.2075160346072784e-05,0.005907969899145542,0.002133908846165321,0.003774061052980221,140.41467342136892,0.0022303576946293945,
yolo26n,leaf,28,6,op:cat,op:cat,01d33970c0d196b9,op:cat[1]@8x32x40x40+8x32x40x40,1,1.0777329298154984e-05,0.0020294920594763496,0.0010627863256239094,0.0009667057338524403,188.31122287631933,0.000766167280523381,
yolo26n,leaf,29,6,m.0.cv3,Conv,bc9623952c96478f,"Conv[64->64,k1,s1]@8x64x40x40",1,4.2607843148498184e-05,0.007948987691785252,0.004127146014757719,0.003821841677027533,186.56160707504466,0.0030008761326715135,
yolo26n,leaf,30,6,op:cat,op:cat,2ee7af077dd27231,op:cat[1]@8x64x40x40+8x64x40x40+8x64x40x40,1,3.8008571556968745e-05,0.008932244817358865,0.0055229489664885886,0.0034092958508702767,235.00606446024588,0.0033720721836431786,
yolo26n,leaf,31,6,cv2,Conv,c14bd75be4995d5c,"Conv[192->128,k1,s1]@8x192x40x40",1,7.718681769840992e-05,0.023174904182156262,0.016251394917235696,0.006923509264920566,300.24432763515364,0.008748914897560115,
yolo26n,leaf,32,7,,Conv,aeea203bba692bca,"Conv[128->256,k3,s2]@8x128x40x40",1,9.7299713541113e-05,0.027789328408862286,0.019061731025483045,0.00872759738337924,285.6054493636324,0.010490937412232466,
yolo26n,leaf,33,8,cv1,Conv,c1fc73d6286432cd,"Conv[256->256,k1,s1]@8x256x20x20",1,4.243720761283687e-05,0.011587834658194386,0.007781298660909887,0.003806535997284499,273.0583681167837,0.004374601874280867,yolo26l;yolo26m;yolo26s
yolo26n,leaf,34,8,op:chunk,op:chunk,6fa30f7007c850e8,"op:chunk[2,1]@8x256x20x20",1,4.625988657124806e-06,0.00045054371263751267,3.560141702217169e-05,0.000414942295615341,97.39403747642118,0.00017008780569334047,
yolo26n,leaf,35,8,m.0.cv1,Conv,f8998e63a3d1d48a,"Conv[128->64,k1,s1]@8x128x20x20",1,4.213694115275044e-05,0.005110996044270222,0.0013313933716173473,0.0037796026726528743,121.29489954532706,0.001929486701719173,
yolo26n,leaf,36,8,m.0.m.0.cv1,Conv,71f01e2c436a1585,"Conv[64->64,k3,s1]@8x64x20x20",1,4.3308787091229845e-05,0.008694673536586534,0.004809958534470583,0.003884715002115951,200.76003325309543,0.003282385041843393,
yolo26n,leaf,37,8,m.0.m.0.cv2,Conv,71f01e2c436a1585,"Conv[64->64,k3,s1]@8x64x20x20",1,4.3308787091229845e-05,0.008694673536586534,0.004809958534470583,0.003884715002115951,200.76003325309543,0.003282385041843393,
yolo26n,leaf,38,8,op:add,op:add,9ec5a546c32730d0,op:add[]@8x64x20x20+8x64x20x20,1,9.208629616148604e-06,0.0010764934353184419,0.0002504970493327016,0.0008259963859857403,116.90050313573931,0.0004063943211741421,
yolo26n,leaf,39,8,m.0.m.1.cv1,Conv,71f01e2c436a1585,"Conv[64->64,k3,s1]@8x64x20x20",1,4.3308787091229845e-05,0.008694673536586534,0.004809958534470583,0.003884715002115951,200.76003325309543,0.003282385041843393,
yolo26n,leaf,40,8,m.0.m.1.cv2,Conv,71f01e2c436a1585,"Conv[64->64,k3,s1]@8x64x20x20",1,4.3308787091229845e-05,0.008694673536586534,0.004809958534470583,0.003884715002115951,200.76003325309543,0.003282385041843393,
yolo26n,leaf,41,8,op:add,op:add,9ec5a546c32730d0,op:add[]@8x64x20x20+8x64x20x20,1,9.208629616148604e-06,0.0010764934353184419,0.0002504970493327016,0.0008259963859857403,116.90050313573931,0.0004063943211741421,
yolo26n,leaf,42,8,m.0.cv2,Conv,f8998e63a3d1d48a,"Conv[128->64,k1,s1]@8x128x20x20",1,4.213694115275044e-05,0.005110996044270222,0.0013313933716173473,0.0037796026726528743,121.29489954532706,0.001929486701719173,
yolo26n,leaf,43,8,op:cat,op:cat,2e2270e4785a427e,op:cat[1]@8x64x20x20+8x64x20x20,1,1.0322031711243202e-05,0.0013011254866562,0.00037525907168326617,0.0009258664149729337,126.0532347753745,0.0004911966869130085,
yolo26n,leaf,44,8,m.0.cv3,Conv,5cd6e6abf10ddde1,"Conv[128->128,k1,s1]@8x128x20x20",1,4.184406748436148e-05,0.005891815985483409,0.002138483518249096,0.003753332467234313,140.80409338039084,0.0022242593213726305,
yolo26n,leaf,45,8,op:cat,op:cat,999a5e042f3db464,op:cat[1]@8x128x20x20+8x128x20x20+8x128x20x20,1,1.7568938847601457e-05,0.003981060859016991,0.0024051607958550745,0.0015759000631619165,226.59654595818077,0.0015029172238979474,
yolo26n,leaf,46,8,cv2,Conv,be821ee598fe0a12,"Conv[384->256,k1,s1]@8x384x20x20",1,4.235199680507798e-05,0.012552856363956486,0.008753963612430546,0.0037988927515259403,296.39349525195007,0.004738913748524196,
yolo26n,leaf,47,9,cv1,Conv,f13e117d28a39578,"Conv[256->128,k1,s1]@8x256x20x20",1,3.506521663595275e-05,0.0058923855618129555,0.002747102992915613,0.0031452825688973425,168.0407573975011,0.0022244743459870022,
yolo26n,leaf,48,9,m,MaxPool2d,aa0bec7033eb8675,MaxPool2d[p=0]@8x128x20x20,1,2.248757924683194e-05,0.00668419093462991,0.004667098276795362,0.0020170926578345475,297.23923865978514,0.0025233941502613277,
yolo26n,leaf,49,9,m,MaxPool2d,aa0bec7033eb8675,MaxPool2d[p=0]@8x128x20x20,1,2.248757924683194e-05,0.00668419093462991,0.004667098276795362,0.0020170926578345475,297.23923865978514,0.0025233941502613277,
yolo26n,leaf,50,9,m,MaxPool2d,aa0bec7033eb8675,MaxPool2d[p=0]@8x128x20x20,1,2.248757924683194e-05,0.00668419093462991,0.004667098276795362,0.0020170926578345475,297.23923865978514,0.0025233941502613277,
yolo26n,leaf,51,9,op:cat,op:cat,65a450e2acd4b201,op:cat[1]@8x128x20x20+8x128x20x20+8x128x20x20+8x128x20x20,1,2.6187284046015223e-05,0.005992406618771719,0.0036434575479068905,0.0023489490708648287,228.82887008221653,0.0022622339720211847,
yolo26n,leaf,52,9,cv2,Conv,3d7fe8b1fc526d4f,"Conv[512->256,k1,s1]@8x512x20x20",1,4.849750361507958e-05,0.014485245149725977,0.010135112243398902,0.0043501329063270755,298.68022207275027,0.005468422915112852,
yolo26n,leaf,53,9,op:add,op:add,92d96cfa8127ba1e,op:add[]@8x256x20x20+8x256x20x20,1,1.743045051140207e-05,0.003984004596119613,0.002420526670666577,0.0015634779254530362,228.5657845454706,0.0015040285340112145,yolo26l;yolo26m;yolo26s
yolo26n,leaf,54,10,cv1,Conv,c1fc73d6286432cd,"Conv[256->256,k1,s1]@8x256x20x20",1,4.243720761283687e-05,0.011587834658194386,0.007781298660909887,0.003806535997284499,273.0583681167837,0.004374601874280867,yolo26l;yolo26m;yolo26s
yolo26n,leaf,55,10,op:split,op:split,04361c28f6273e55,"op:split[[128, 128],dim=1]@8x256x20x20",1,5.825979662612763e-06,0.0005560394915976282,3.3460308077678516e-05,0.0005225791835199497,95.44137188907771,0.00020991423107655804,
yolo26n,leaf,56,10,m.0.attn,Attention,fb6f6e8bf37ee3fc,"Attention[128->128,p=50816]@8x128x20x20",1,0.0002729952711058733,0.05227877916612681,0.02779162779571927,0.02448715137040754,191.50067674927598,0.01973611568262484,
yolo26n,leaf,57,10,op:add,op:add,3a98736d0a3a3140,op:add[]@8x128x20x20+8x128x20x20,1,9.398098367051767e-06,0.0012426889515456065,0.000399697582589892,0.0008429913689557145,132.2277021383683,0.0004691359151155349,yolo26l;yolo26m;yolo26s
yolo26n,leaf,58,10,m.0.ffn.0,Conv,3b5a6d02ba33cf0a,"Conv[128->256,k1,s1]@8x128x20x20",1,4.2446463794406214e-05,0.00847229242962268,0.004664926170633346,0.0038073662589893347,199.59948773728468,0.0031984324453467917,
yolo26n,leaf,59,10,m.0.ffn.1,Conv,f13e117d28a39578,"Conv[256->128,k1,s1]@8x256x20x20",1,3.506521663595275e-05,0.0058923855618129555,0.002747102992915613,0.0031452825688973425,168.0407573975011,0.0022244743459870022,
yolo26n,leaf,60,10,op:add,op:add,3a98736d0a3a3140,op:add[]@8x128x20x20+8x128x20x20,1,9.398098367051767e-06,0.0012426889515456065,0.000399697582589892,0.0008429913689557145,132.2277021383683,0.0004691359151155349,yolo26l;yolo26m;yolo26s
yolo26n,leaf,61,10,op:cat,op:cat,bb4ed4aca4345dea,op:cat[1]@8x128x20x20+8x128x20x20,1,1.0731257974795595e-05,0.0020006744956753476,0.0010381012710212034,0.0009625732246541442,186.434293199764,0.0007552881670104069,yolo26l;yolo26m;yolo26s
yolo26n,leaf,62,10,cv2,Conv,c1fc73d6286432cd,"Conv[256->256,k1,s1]@8x256x20x20",1,4.243720761283687e-05,0.011587834658194386,0.007781298660909887,0.003806535997284499,273.0583681167837,0.004374601874280867,yolo26l;yolo26m;yolo26s
yolo26n,leaf,63,11,,Upsample,fbdc775304991232,"Upsample[x2.0,nearest]@8x256x20x20",1,3.5591674537919e-05,0.009735856037882884,0.0065433512065508365,0.0031925048313320467,273.5430733249261,0.0036754488933731125,
yolo26n,leaf,64,12,,Concat,5c59ad7e14cc2a65,Concat[d=1]@8x256x40x40+8x128x40x40,1,7.27365336598815e-05,0.017477188799346663,0.01095286146329728,0.0065243273360493835,240.28074916342027,0.006597931808141263,
yolo26n,leaf,65,13,cv1,Conv,73764269bf981726,"Conv[384->128,k1,s1]@8x384x40x40",1,9.689082716319338e-05,0.02861777649662778,0.01992685543584144,0.00869092106078634,295.36105051953797,0.010803690455780642,
yolo26n,leaf,66,13,op:chunk,op:chunk,b42bbc9dc658a45a,"op:chunk[2,1]@8x128x40x40",1,4.609745985581401e-06,0.0004478475387383184,3.436217955682841e-05,0.00041348535918149,97.15232469188516,0.0001690699548402079,
yolo26n,leaf,67,13,m.0.cv1,Conv,7a7d17644bc01c3d,"Conv[64->32,k1,s1]@8x64x40x40",1,4.2075160346072784e-05,0.005907969899145542,0.002133908846165321,0.003774061052980221,140.41467342136892,0.0022303576946293945,
yolo26n,leaf,68,13,m.0.m.0.cv1,Conv,eacc723220bf70ed,"Conv[32->32,k3,s1]@8x32x40x40",1,4.3484773813094214e-05,0.008018443718158423,0.004117943045177121,0.003900500672981302,184.39658333335737,0.003027096947182128,
yolo26n,leaf,69,13,m.0.m.0.cv2,Conv,eacc723220bf70ed,"Conv[32->32,k3,s1]@8x32x40x40",1,4.3484773813094214e-05,0.008018443718158423,0.004117943045177121,0.003900500672981302,184.39658333335737,0.003027096947182128,
yolo26n,leaf,70,13,op:add,op:add,4410586e9b6b4062,op:add[]@8x32x40x40+8x32x40x40,1,9.388434536607282e-06,0.0012290458509832032,0.0003869213090532956,0.0008421245419299076,130.91062691984706,0.00046398541590219944,
yolo26n,leaf,71,13,m.0.m.1.cv1,Conv,eacc723220bf70ed,"Conv[32->32,k3,s1]@8x32x40x40",1,4.3484773813094214e-05,0.008018443718158423,0.004117943045177121,0.003900500672981302,184.39658333335737,0.003027096947182128,
yolo26n,leaf,72,13,m.0.m.1.cv2,Conv,eacc723220bf70ed,"Conv[32->32,k3,s1]@8x32x40x40",1,4.3484773813094214e-05,0.008018443718158423,0.004117943045177121,0.003900500672981302,184.39658333335737,0.003027096947182128,
yolo26n,leaf,73,13,op:add,op:add,4410586e9b6b4062,op:add[]@8x32x40x40+8x32x40x40,1,9.388434536607282e-06,0.0012290458509832032,0.0003869213090532956,0.0008421245419299076,130.91062691984706,0.00046398541590219944,
yolo26n,leaf,74,13,m.0.cv2,Conv,7a7d17644bc01c3d,"Conv[64->32,k1,s1]@8x64x40x40",1,4.2075160346072784e-05,0.005907969899145542,0.002133908846165321,0.003774061052980221,140.41467342136892,0.0022303576946293945,
yolo26n,leaf,75,13,op:cat,op:cat,01d33970c0d196b9,op:cat[1]@8x32x40x40+8x32x40x40,1,1.0777329298154984e-05,0.0020294920594763496,0.0010627863256239094,0.0009667057338524403,188.31122287631933,0.000766167280523381,
yolo26n,leaf,76,13,m.0.cv3,Conv,bc9623952c96478f,"Conv[64->64,k1,s1]@8x64x40x40",1,4.2607843148498184e-05,0.007948987691785252,0.004127146014757719,0.003821841677027533,186.56160707504466,0.0030008761326715135,
yolo26n,leaf,77,13,op:cat,op:cat,2ee7af077dd27231,op:cat[1]@8x64x40x40+8x64x40x40+8x64x40x40,1,3.8008571556968745e-05,0.008932244817358865,0.0055229489664885886,0.0034092958508702767,235.00606446024588,0.0033720721836431786,
yolo26n,leaf,78,13,cv2,Conv,c14bd75be4995d5c,"Conv[192->128,k1,s1]@8x192x40x40",1,7.718681769840992e-05,0.023174904182156262,0.016251394917235696,0.006923509264920566,300.24432763515364,0.008748914897560115,
yolo26n,leaf,79,14,,Upsample,dcf532f79a5f0a45,"Upsample[x2.0,nearest]@8x128x40x40",1,6.527763459467496e-05,0.018106955080891225,0.012251676661793482,0.005855278419097743,277.3837500902385,0.006835679138584534,
yolo26n,leaf,80,15,,Concat,194b3483bfa7a438,Concat[d=1]@8x128x80x80+8x128x80x80,1,0.000190502783547639,0.045785135597864554,0.028697401886148045,0.01708773371171651,240.33840737248374,0.017284656358035343,
yolo26n,leaf,81,16,cv1,Conv,b6f0d9c581bde575,"Conv[256->64,k1,s1]@8x256x80x80",1,0.00022007570428363347,0.060528769535480975,0.04078840164591266,0.01974036788956832,275.0361278293197,0.02285062537292788,
yolo26n,leaf,82,16,op:chunk,op:chunk,a23c6333990c4093,"op:chunk[2,1]@8x64x80x80",1,4.6114061860825245e-06,0.0004224036417814342,8.769365804383797e-06,0.0004136342759770504,91.59974739511593,0.00015946445712645827,
yolo26n,leaf,83,16,m.0.cv1,Conv,0f53829ebeeb49be,"Conv[32->16,k1,s1]@8x32x80x80",1,4.075758519277029e-05,0.012002986330481488,0.008347109237575409,0.003655877092906079,294.49699420883786,0.004531328591330951,
yolo26n,leaf,84,16,m.0.m.0.cv1,Conv,708e7db2db4d38db,"Conv[16->16,k3,s1]@8x16x80x80",1,4.384451353291943e-05,0.013023774579092533,0.00909100594433437,0.003932768634758163,297.04456794380883,0.004916693270525776,
yolo26n,leaf,85,16,m.0.m.0.cv2,Conv,708e7db2db4d38db,"Conv[16->16,k3,s1]@8x16x80x80",1,4.384451353291943e-05,0.013023774579092533,0.00909100594433437,0.003932768634758163,297.04456794380883,0.004916693270525776,
yolo26n,leaf,86,16,op:add,op:add,cf1471976a50762d,op:add[]@8x16x80x80+8x16x80x80,1,1.7473755104769596e-05,0.004002748195293827,0.0024353859310076342,0.0015673622642861924,229.07200949618698,0.0015111045569695073,
yolo26n,leaf,87,16,m.0.m.1.cv1,Conv,708e7db2db4d38db,"Conv[16->16,k3,s1]@8x16x80x80",1,4.384451353291943e-05,0.013023774579092533,0.00909100594433437,0.003932768634758163,297.04456794380883,0.004916693270525776,
yolo26n,leaf,88,16,m.0.m.1.cv2,Conv,708e7db2db4d38db,"Conv[16->16,k3,s1]@8x16x80x80",1,4.384451353291943e-05,0.013023774579092533,0.00909100594433437,0.003932768634758163,297.04456794380883,0.004916693270525776,
yolo26n,leaf,89,16,op:add,op:add,cf1471976a50762d,op:add[]@8x16x80x80+8x16x80x80,1,1.7473755104769596e-05,0.004002748195293827,0.0024353859310076342,0.0015673622642861924,229.07200949618698,0.0015111045569695073,
yolo26n,leaf,90,16,m.0.cv2,Conv,0f53829ebeeb49be,"Conv[32->16,k1,s1]@8x32x80x80",1,4.075758519277029e-05,0.012002986330481488,0.008347109237575409,0.003655877092906079,294.49699420883786,0.004531328591330951,
yolo26n,leaf,91,16,op:cat,op:cat,94ff8f3658a5ab9a,op:cat[1]@8x16x80x80+8x16x80x80,1,2.615316406594469e-05,0.006071862708148981,0.0037259741339490137,0.0023458885741999675,232.16551132547093,0.0022922299779848184,
yolo26n,leaf,92,16,m.0.cv3,Conv,ebefd8fb4163731d,"Conv[32->32,k1,s1]@8x32x80x80",1,7.025032612375075e-05,0.017681093682021927,0.011379774385741375,0.006301319296280551,251.6869978777817,0.006674909320181914,
yolo26n,leaf,93,16,op:cat,op:cat,362d816621cafae7,op:cat[1]@8x32x80x80+8x32x80x80+8x32x80x80,1,7.287706850041988e-05,0.017447497232221068,0.01091056419095511,0.006536933041265957,239.4099761589689,0.006586722743719024,
yolo26n,leaf,94,16,cv2,Conv,d1cd7cf4eca42a10,"Conv[96->64,k1,s1]@8x96x80x80",1,0.0001630836701921565,0.04316473272489445,0.028536440806650153,0.014628291918244293,264.6784480263092,0.016295410337739416,
yolo26n,leaf,95,17,,Conv,becf7db63facf8cb,"Conv[64->64,k3,s2]@8x64x80x80",1,0.00010405041636969241,0.031020479921097646,0.021687357462685318,0.009333122458412328,298.12932041407214,0.011710751284146373,
yolo26n,leaf,96,18,,Concat,3d386fafcf8c657a,Concat[d=1]@8x64x40x40+8x128x40x40,1,3.79420589136533e-05,0.008782295380382521,0.005378965585841036,0.0034033297945414856,231.46596763156276,0.003315463757013601,
yolo26n,leaf,97,19,cv1,Conv,c14bd75be4995d5c,"Conv[192->128,k1,s1]@8x192x40x40",1,7.718681769840992e-05,0.023174904182156262,0.016251394917235696,0.006923509264920566,300.24432763515364,0.008748914897560115,
yolo26n,leaf,98,19,op:chunk,op:chunk,b42bbc9dc658a45a,"op:chunk[2,1]@8x128x40x40",1,4.609745985581401e-06,0.0004478475387383184,3.436217955682841e-05,0.00041348535918149,97.15232469188516,0.0001690699548402079,
yolo26n,leaf,99,19,m.0.cv1,Conv,7a7d17644bc01c3d,"Conv[64->32,k1,s1]@8x64x40x40",1,4.2075160346072784e-05,0.005907969899145542,0.002133908846165321,0.003774061052980221,140.41467342136892,0.0022303576946293945,
yolo26n,leaf,100,19,m.0.m.0.cv1,Conv,eacc723220bf70ed,"Conv[32->32,k3,s1]@8x32x40x40",1,4.3484773813094214e-05,0.008018443718158423,0.004117943045177121,0.003900500672981302,184.39658333335737,0.003027096947182128,
yolo26n,leaf,101,19,m.0.m.0.cv2,Conv,eacc723220bf70ed,"Conv[32->32,k3,s1]@8x32x40x40",1,4.3484773813094214e-05,0.008018443718158423,0.004117943045177121,0.003900500672981302,184.39658333335737,0.003027096947182128,
yolo26n,leaf,102,19,op:add,op:add,4410586e9b6b4062,op:add[]@8x32x40x40+8x32x40x40,1,9.388434536607282e-06,0.0012290458509832032,0.0003869213090532956,0.0008421245419299076,130.91062691984706,0.00046398541590219944,
yolo26n,leaf,103,19,m.0.m.1.cv1,Conv,eacc723220bf70ed,"Conv[32->32,k3,s1]@8x32x40x40",1,4.3484773813094214e-05,0.008018443718158423,0.004117943045177121,0.003900500672981302,184.39658333335737,0.003027096947182128,
yolo26n,leaf,104,19,m.0.m.1.cv2,Conv,eacc723220bf70ed,"Conv[32->32,k3,s1]@8x32x40x40",1,4.3484773813094214e-05,0.008018443718158423,0.004117943045177121,0.003900500672981302,184.39658333335737,0.003027096947182128,
yolo26n,leaf,105,19,op:add,op:add,4410586e9b6b4062,op:add[]@8x32x40x40+8x32x40x40,1,9.388434536607282e-06,0.0012290458509832032,0.0003869213090532956,0.0008421245419299076,130.91062691984706,0.00046398541590219944,
yolo26n,leaf,106,19,m.0.cv2,Conv,7a7d17644bc01c3d,"Conv[64->32,k1,s1]@8x64x40x40",1,4.2075160346072784e-05,0.005907969899145542,0.002133908846165321,0.003774061052980221,140.41467342136892,0.0022303576946293945,
yolo26n,leaf,107,19,op:cat,op:cat,01d33970c0d196b9,op:cat[1]@8x32x40x40+8x32x40x40,1,1.0777329298154984e-05,0.0020294920594763496,0.0010627863256239094,0.0009667057338524403,188.31122287631933,0.000766167280523381,
yolo26n,leaf,108,19,m.0.cv3,Conv,bc9623952c96478f,"Conv[64->64,k1,s1]@8x64x40x40",1,4.2607843148498184e-05,0.007948987691785252,0.004127146014757719,0.003821841677027533,186.56160707504466,0.0030008761326715135,
yolo26n,leaf,109,19,op:cat,op:cat,2ee7af077dd27231,op:cat[1]@8x64x40x40+8x64x40x40+8x64x40x40,1,3.8008571556968745e-05,0.008932244817358865,0.0055229489664885886,0.0034092958508702767,235.00606446024588,0.0033720721836431786,
yolo26n,leaf,110,19,cv2,Conv,c14bd75be4995d5c,"Conv[192->128,k1,s1]@8x192x40x40",1,7.718681769840992e-05,0.023174904182156262,0.016251394917235696,0.006923509264920566,300.24432763515364,0.008748914897560115,
yolo26n,leaf,111,20,,Conv,648c58e5f30d82ce,"Conv[128->128,k3,s2]@8x128x40x40",1,9.02991229882579e-05,0.020766988538919014,0.012667330679384222,0.008099657859534792,229.9799582950486,0.007839886369217508,
yolo26n,leaf,112,21,,Concat,e395ff40d08d1669,Concat[d=1]@8x128x20x20+8x256x20x20,1,1.7885874584512886e-05,0.004129944936162974,0.002525616346261369,0.0016043285899016051,230.90539501708417,0.0015591234593288973,
yolo26n,leaf,113,22,cv1,Conv,be821ee598fe0a12,"Conv[384->256,k1,s1]@8x384x20x20",1,4.235199680507798e-05,0.012552856363956486,0.008753963612430546,0.0037988927515259403,296.39349525195007,0.004738913748524196,
yolo26n,leaf,114,22,op:chunk,op:chunk,6fa30f7007c850e8,"op:chunk[2,1]@8x256x20x20",1,4.625988657124806e-06,0.00045054371263751267,3.560141702217169e-05,0.000414942295615341,97.39403747642118,0.00017008780569334047,
yolo26n,leaf,115,22,m.0.0.cv1,Conv,d75c4075f757630f,"Conv[128->64,k3,s1]@8x128x20x20",1,5.688344121839194e-05,0.01448597173856317,0.009383636339338464,0.005102335399224706,254.66060822423427,0.0054686972145814566,
yolo26n,leaf,116,22,m.0.0.cv2,Conv,1626aa0a480bda2a,"Conv[64->128,k3,s1]@8x64x20x20",1,5.382219901966983e-05,0.01026682904026544,0.005439081185352137,0.004827747854913303,190.75454417076736,0.003875900104486372,
yolo26n,leaf,117,22,op:add,op:add,3a98736d0a3a3140,op:add[]@8x128x20x20+8x128x20x20,1,9.398098367051767e-06,0.0012426889515456065,0.000399697582589892,0.0008429913689557145,132.2277021383683,0.0004691359151155349,yolo26l;yolo26m;yolo26s
yolo26n,leaf,118,22,m.0.1.attn,Attention,fb6f6e8bf37ee3fc,"Attention[128->128,p=50816]@8x128x20x20",1,0.0002729952711058733,0.05227877916612681,0.02779162779571927,0.02448715137040754,191.50067674927598,0.01973611568262484,
yolo26n,leaf,119,22,op:add,op:add,3a98736d0a3a3140,op:add[]@8x128x20x20+8x128x20x20,1,9.398098367051767e-06,0.0012426889515456065,0.000399697582589892,0.0008429913689557145,132.2277021383683,0.0004691359151155349,yolo26l;yolo26m;yolo26s
yolo26n,leaf,120,22,m.0.1.ffn.0,Conv,3b5a6d02ba33cf0a,"Conv[128->256,k1,s1]@8x128x20x20",1,4.2446463794406214e-05,0.00847229242962268,0.004664926170633346,0.0038073662589893347,199.59948773728468,0.0031984324453467917,
yolo26n,leaf,121,22,m.0.1.ffn.1,Conv,f13e117d28a39578,"Conv[256->128,k1,s1]@8x256x20x20",1,3.506521663595275e-05,0.0058923855618129555,0.002747102992915613,0.0031452825688973425,168.0407573975011,0.0022244743459870022,
yolo26n,leaf,122,22,op:add,op:add,3a98736d0a3a3140,op:add[]@8x128x20x20+8x128x20x20,1,9.398098367051767e-06,0.0012426889515456065,0.000399697582589892,0.0008429913689557145,132.2277021383683,0.0004691359151155349,yolo26l;yolo26m;yolo26s
yolo26n,leaf,123,22,op:cat,op:cat,999a5e042f3db464,op:cat[1]@8x128x20x20+8x128x20x20+8x128x20x20,1,1.7568938847601457e-05,0.003981060859016991,0.0024051607958550745,0.0015759000631619165,226.59654595818077,0.0015029172238979474,
yolo26n,leaf,124,22,cv2,Conv,be821ee598fe0a12,"Conv[384->256,k1,s1]@8x384x20x20",1,4.235199680507798e-05,0.012552856363956486,0.008753963612430546,0.0037988927515259403,296.39349525195007,0.004738913748524196,
yolo26n,leaf,125,23,,Detect,081b9aecfae6f840,"Detect[nc=80,e2e]@8x64x80x80+8x128x40x40+8x256x20x20",1,0.0019402660201251298,0.5176269872075784,0.3435888526230556,0.17403813458452275,266.7814525629821,0.1954128666148461,
yolo26s,leaf,0,0,,Conv,79be5195c4b2598b,"Conv[3->32,k3,s2]@8x3x640x640",1,0.001041521194623105,0.31032022471991966,0.21689777441552327,0.09342245030439637,297.9490252545606,0.05628728663348369,
yolo26s,leaf,1,1,,Conv,535c158cbf058393,"Conv[32->64,k3,s2]@8x32x320x320",1,0.0008510323958731706,0.25446762099618314,0.1781316499940152,0.07633597100216793,299.01049857813695,0.046156488623583514,
yolo26s,leaf,2,2,cv1,Conv,c1df39920843bb32,"Conv[64->64,k1,s1]@8x64x160x160",1,0.0005712467251072135,0.15570132389810906,0.10446159007090661,0.051239733827202455,272.5640551705334,0.02824181071464396,yolo26l;yolo26m
yolo26s,leaf,3,2,op:chunk,op:chunk,0320c3e1732837de,"op:chunk[2,1]@8x64x160x160",1,4.4856539036198344e-06,0.00042857953343437084,2.6224995613092063e-05,0.0004023545378212788,95.54449421265328,7.773769519997589e-05,
yolo26s,leaf,4,2,m.0.cv1,Conv,a2bc040faa74e65e,"Conv[32->16,k3,s1]@8x32x160x160",1,0.00035588126625683614,0.1063594154247195,0.07443754952051568,0.03192186590420382,298.86207988245417,0.019291952071716398,
yolo26s,leaf,5,2,m.0.cv2,Conv,ef9d98c86320cda1,"Conv[16->32,k3,s1]@8x16x160x160",1,0.0003662863230511652,0.10883371131771946,0.07597853180808835,0.03285517950963111,297.1274231894181,0.019740751057573797,
yolo26s,leaf,6,2,op:add,op:add,b4416687b299015a,op:add[]@8x32x160x160+8x32x160x160,1,0.00014231478379357358,0.034551675103473,0.02178631239633458,0.01276536270713842,242.78345638068015,0.006267139184922573,yolo26l;yolo26m
yolo26s,leaf,7,2,op:cat,op:cat,021b0d7db49ba64f,op:cat[1]@8x32x160x160+8x32x160x160+8x32x160x160,1,0.0002839458011734111,0.06887921252765897,0.04340981964711917,0.025469392880539794,242.57873243067652,0.012493623263299062,
yolo26s,leaf,8,2,cv2,Conv,16a947880fff5034,"Conv[96->128,k1,s1]@8x96x160x160",1,0.0010872068533634217,0.30811255975670526,0.21059219362944814,0.09752036612725712,283.3982869069647,0.05588685037223999,
yolo26s,leaf,9,3,,Conv,e1488cca9ac14624,"Conv[128->128,k3,s2]@8x128x160x160",1,0.0009509240444880691,0.28389024158235693,0.19859418160002512,0.08529605998233179,298.54144842366406,0.05149329668995089,
yolo26s,leaf,10,4,cv1,Conv,7581abc56c54a219,"Conv[128->128,k1,s1]@8x128x80x80",1,0.00029307195164363146,0.08373956320677228,0.05745157216118686,0.02628799104558542,285.73039056496816,0.015189060916143875,yolo26l;yolo26m
yolo26s,leaf,11,4,op:chunk,op:chunk,a70d43ce301e654d,"op:chunk[2,1]@8x128x80x80",1,4.629201765368102e-06,0.0004505929842549276,3.536247900282492e-05,0.0004152305052521027,97.33708036359431,8.17305945259773e-05,
yolo26s,leaf,12,4,m.0.cv1,Conv,b4b590212ed42bcd,"Conv[64->32,k3,s1]@8x64x80x80",1,0.00013852629831905485,0.041247559313004306,0.028822016474918315,0.01242554283808599,297.7597742343667,0.007481668963336699,
yolo26s,leaf,13,4,m.0.cv2,Conv,4980c6850e31015e,"Conv[32->64,k3,s1]@8x32x80x80",1,0.00019479759044777729,0.05723851417399804,0.039765544534038764,0.017472969639959278,293.8358428480816,0.010382180718947311,
yolo26s,leaf,14,4,op:add,op:add,cec2cea73f8ecdfb,op:add[]@8x64x80x80+8x64x80x80,1,7.199114156400376e-05,0.01721582278476383,0.010758355687751278,0.0064574670970125505,239.13807186205116,0.003122683842446503,yolo26l;yolo26m
yolo26s,leaf,15,4,op:cat,op:cat,90c743514f828986,op:cat[1]@8x64x80x80+8x64x80x80+8x64x80x80,1,0.00014287663341919598,0.03472711182164031,0.021911352282445826,0.012815759539194485,243.05662158032484,0.006298960690757178,
yolo26s,leaf,16,4,cv2,Conv,c7d14ed93ca8e7b1,"Conv[192->256,k1,s1]@8x192x80x80",1,0.0005740138931055807,0.16993421203427464,0.11844626855359036,0.05148794348068428,296.04546871658727,0.030823436372029726,
yolo26s,leaf,17,5,,Conv,634500bb0efebbd0,"Conv[256->256,k3,s2]@8x256x80x80",1,0.000687652481488945,0.20383856749321147,0.14215746094420542,0.061681106549006055,296.4267169542505,0.03697316179054897,yolo26l;yolo26m
yolo26s,leaf,18,6,cv1,Conv,11e62c61d8271a9e,"Conv[256->256,k1,s1]@8x256x40x40",1,0.00015558378626349048,0.04602035552270669,0.032064788784930846,0.013955566737775845,295.79146148795,0.008347380337905313,yolo26l;yolo26m
yolo26s,leaf,19,6,op:chunk,op:chunk,697377aeee20dc23,"op:chunk[2,1]@8x256x40x40",1,4.614096245152823e-06,0.0004639657455362061,5.009017642838869e-05,0.0004138755691078174,100.55398086323169,8.415620648214239e-05,
yolo26s,leaf,20,6,m.0.cv1,Conv,5fe894351a480af7,"Conv[128->64,k1,s1]@8x128x40x40",1,4.208306402533985e-05,0.009661238172951992,0.005886468175125174,0.003774769997826818,229.575445531594,0.0017523990992405203,
yolo26s,leaf,21,6,m.0.m.0.cv1,Conv,15068649db15cc6b,"Conv[64->64,k3,s1]@8x64x40x40",1,6.252208402898689e-05,0.018467454883234296,0.012859344056225162,0.005608110827009133,295.37490904289587,0.003349710536403887,
yolo26s,leaf,22,6,m.0.m.0.cv2,Conv,15068649db15cc6b,"Conv[64->64,k3,s1]@8x64x40x40",1,6.252208402898689e-05,0.018467454883234296,0.012859344056225162,0.005608110827009133,295.37490904289587,0.003349710536403887,
yolo26s,leaf,23,6,op:add,op:add,911ba2a880f5c0c6,op:add[]@8x64x40x40+8x64x40x40,1,1.7429999622298862e-05,0.003961126911770135,0.002397689430203459,0.0015634374815666758,227.259150751932,0.0007184871243105271,
yolo26s,leaf,24,6,m.0.m.1.cv1,Conv,15068649db15cc6b,"Conv[64->64,k3,s1]@8x64x40x40",1,6.252208402898689e-05,0.018467454883234296,0.012859344056225162,0.005608110827009133,295.37490904289587,0.003349710536403887,
yolo26s,leaf,25,6,m.0.m.1.cv2,Conv,15068649db15cc6b,"Conv[64->64,k3,s1]@8x64x40x40",1,6.252208402898689e-05,0.018467454883234296,0.012859344056225162,0.005608110827009133,295.37490904289587,0.003349710536403887,
yolo26s,leaf,26,6,op:add,op:add,911ba2a880f5c0c6,op:add[]@8x64x40x40+8x64x40x40,1,1.7429999622298862e-05,0.003961126911770135,0.002397689430203459,0.0015634374815666758,227.259150751932,0.0007184871243105271,
yolo26s,leaf,27,6,m.0.cv2,Conv,5fe894351a480af7,"Conv[128->64,k1,s1]@8x128x40x40",1,4.208306402533985e-05,0.009661238172951992,0.005886468175125174,0.003774769997826818,229.575445531594,0.0017523990992405203,
yolo26s,leaf,28,6,op:cat,op:cat,f372b0ee4003f202,op:cat[1]@8x64x40x40+8x64x40x40,1,2.6154309399588856e-05,0.005999105704720244,0.0036531143962926812,0.002345991308427563,229.37350832190393,0.0010881449401208816,
yolo26s,leaf,29,6,m.0.cv3,Conv,4abb475c05a2c84c,"Conv[128->128,k1,s1]@8x128x40x40",1,7.024238645443827e-05,0.02046350503304564,0.014162897909849618,0.006300607123196021,291.32701871282524,0.0037117631451845197,yolo26n
yolo26s,leaf,30,6,op:cat,op:cat,9dac5cefa34ba7f9,op:cat[1]@8x128x40x40+8x128x40x40+8x128x40x40,1,7.293263322888801e-05,0.017544001049410392,0.011002083958745548,0.006541917090664846,240.55076956225076,0.0031822103011738146,
yolo26s,leaf,31,6,cv2,Conv,d55c34d2bd3dfbc5,"Conv[384->256,k1,s1]@8x384x40x40",1,0.00016892342422598927,0.05061667672512893,0.035464570088728026,0.015152106636400904,299.64273431618864,0.009181081877061525,
yolo26s,leaf,32,7,,Conv,1db9b9a5599bcf0f,"Conv[256->512,k3,s2]@8x256x40x40",1,0.00029730995141956964,0.08828163992876958,0.061613508444850695,0.026668131483918892,296.93469561731825,0.016012923345971267,
yolo26s,leaf,33,8,cv1,Conv,9c6e9e5ab1db765c,"Conv[512->512,k1,s1]@8x512x20x20",1,0.00010303565743838133,0.030661606872063686,0.021419506340349313,0.009242100531714374,297.58248391242927,0.005561541005613541,yolo26l;yolo26m
yolo26s,leaf,34,8,op:chunk,op:chunk,2c40623f6a4754b9,"op:chunk[2,1]@8x512x20x20",1,4.616885220594162e-06,0.00045846119454582185,4.433545969878197e-05,0.0004141257348470399,99.30097298083165,8.315776611408701e-05,yolo26l;yolo26m
yolo26s,leaf,35,8,m.0.cv1,Conv,4df504838841a648,"Conv[256->128,k1,s1]@8x256x20x20",1,4.214620841138169e-05,0.006786215053404009,0.003005781125455125,0.0037804339279488837,161.01602751936693,0.0012309143956445898,yolo26l;yolo26m
yolo26s,leaf,36,8,m.0.m.0.cv1,Conv,34a0878a90d98d81,"Conv[128->128,k3,s1]@8x128x20x20",1,5.2851154867184695e-05,0.013352048200473742,0.00861140114057762,0.004740647059896121,252.63493738268403,0.0024218549238370444,yolo26l;yolo26m
yolo26s,leaf,37,8,m.0.m.0.cv2,Conv,34a0878a90d98d81,"Conv[128->128,k3,s1]@8x128x20x20",1,5.2851154867184695e-05,0.013352048200473742,0.00861140114057762,0.004740647059896121,252.63493738268403,0.0024218549238370444,yolo26l;yolo26m
yolo26s,leaf,38,8,op:add,op:add,3a98736d0a3a3140,op:add[]@8x128x20x20+8x128x20x20,1,9.398098367051767e-06,0.0012426889515456065,0.000399697582589892,0.0008429913689557145,132.2277021383683,0.0002254045454982583,yolo26l;yolo26m;yolo26n
yolo26s,leaf,39,8,m.0.m.1.cv1,Conv,34a0878a90d98d81,"Conv[128->128,k3,s1]@8x128x20x20",1,5.2851154867184695e-05,0.013352048200473742,0.00861140114057762,0.004740647059896121,252.63493738268403,0.0024218549238370444,yolo26l;yolo26m
yolo26s,leaf,40,8,m.0.m.1.cv2,Conv,34a0878a90d98d81,"Conv[128->128,k3,s1]@8x128x20x20",1,5.2851154867184695e-05,0.013352048200473742,0.00861140114057762,0.004740647059896121,252.63493738268403,0.0024218549238370444,yolo26l;yolo26m
yolo26s,leaf,41,8,op:add,op:add,3a98736d0a3a3140,op:add[]@8x128x20x20+8x128x20x20,1,9.398098367051767e-06,0.0012426889515456065,0.000399697582589892,0.0008429913689557145,132.2277021383683,0.0002254045454982583,yolo26l;yolo26m;yolo26n
yolo26s,leaf,42,8,m.0.cv2,Conv,4df504838841a648,"Conv[256->128,k1,s1]@8x256x20x20",1,4.214620841138169e-05,0.006786215053404009,0.003005781125455125,0.0037804339279488837,161.01602751936693,0.0012309143956445898,yolo26l;yolo26m
yolo26s,leaf,43,8,op:cat,op:cat,bb4ed4aca4345dea,op:cat[1]@8x128x20x20+8x128x20x20,1,1.0731257974795595e-05,0.0020006744956753476,0.0010381012710212034,0.0009625732246541442,186.434293199764,0.0003628913935597251,yolo26l;yolo26m;yolo26n
yolo26s,leaf,44,8,m.0.cv3,Conv,c1fc73d6286432cd,"Conv[256->256,k1,s1]@8x256x20x20",1,4.243720761283687e-05,0.011587834658194386,0.007781298660909887,0.003806535997284499,273.0583681167837,0.0021018538880470707,yolo26l;yolo26m;yolo26n
yolo26s,leaf,45,8,op:cat,op:cat,f5703a252a2f0d1d,op:cat[1]@8x256x20x20+8x256x20x20+8x256x20x20,1,3.790938919381936e-05,0.00889180193625459,0.00549140255282082,0.0034003993834337705,234.55408080550885,0.0016128352727439884,yolo26l;yolo26m
yolo26s,leaf,46,8,cv2,Conv,db03e6ad10d04d30,"Conv[768->512,k1,s1]@8x768x20x20",1,0.00013002656888439805,0.03907846945485428,0.02741533601833345,0.011663133436520824,300.54218757089205,0.007088229629211224,yolo26l;yolo26m
yolo26s,leaf,47,9,cv1,Conv,0b8f608ca57b30e6,"Conv[512->256,k1,s1]@8x512x20x20",1,4.3998140006965326e-05,0.01305910879464484,0.009112560160294651,0.003946548634350188,296.81047409225613,0.0023687202487864068,yolo26l;yolo26m
yolo26s,leaf,48,9,m,MaxPool2d,5193281b61613cb8,MaxPool2d[p=0]@8x256x20x20,1,4.252526058366491e-05,0.012546103754474616,0.0087316695748643,0.0038144341796103173,295.02708701316953,0.0022756690731289228,yolo26l;yolo26m
yolo26s,leaf,49,9,m,MaxPool2d,5193281b61613cb8,MaxPool2d[p=0]@8x256x20x20,1,4.252526058366491e-05,0.012546103754474616,0.0087316695748643,0.0038144341796103173,295.02708701316953,0.0022756690731289228,yolo26l;yolo26m
yolo26s,leaf,50,9,m,MaxPool2d,5193281b61613cb8,MaxPool2d[p=0]@8x256x20x20,1,4.252526058366491e-05,0.012546103754474616,0.0087316695748643,0.0038144341796103173,295.02708701316953,0.0022756690731289228,yolo26l;yolo26m
yolo26s,leaf,51,9,op:cat,op:cat,82eb47cc23f650c8,op:cat[1]@8x256x20x20+8x256x20x20+8x256x20x20+8x256x20x20,1,4.932712002571491e-05,0.011897251347727825,0.007472703443132435,0.00442454790459539,241.1908771792398,0.002157977287379716,yolo26l;yolo26m
yolo26s,leaf,52,9,cv2,Conv,b5bc2b79e089be51,"Conv[1024->512,k1,s1]@8x1024x20x20",1,0.00015428578748899222,0.045849416435890834,0.032010277694618325,0.013839138741272506,297.1720025680398,0.008316374632798098,yolo26l;yolo26m
yolo26s,leaf,53,9,op:add,op:add,8be7580441d37266,op:add[]@8x512x20x20+8x512x20x20,1,3.676006279057744e-05,0.008568858437482466,0.005271551424462966,0.0032973070130194993,233.1023884888164,0.001554258319539559,yolo26l;yolo26m
yolo26s,leaf,54,10,cv1,Conv,9c6e9e5ab1db765c,"Conv[512->512,k1,s1]@8x512x20x20",1,0.00010303565743838133,0.030661606872063686,0.021419506340349313,0.009242100531714374,297.58248391242927,0.005561541005613541,yolo26l;yolo26m
yolo26s,leaf,55,10,op:split,op:split,db6912ff7a969a59,"op:split[[256, 256],dim=1]@8x512x20x20",1,5.792007842377775e-06,0.000569398576453095,4.986659994538631e-05,0.0005195319765077087,98.30763216289805,0.00010328009046281034,yolo26l;yolo26m
yolo26s,leaf,56,10,m.0.attn,Attention,db16302334894c72,"Attention[256->256,p=199936]@8x256x20x20",1,0.0003179189292554547,0.09550887761553709,0.06699216041138799,0.0285167172041491,300.41897108552996,0.017323832422589003,yolo26l;yolo26m
yolo26s,leaf,57,10,op:add,op:add,92d96cfa8127ba1e,op:add[]@8x256x20x20+8x256x20x20,1,1.743045051140207e-05,0.003984004596119613,0.002420526670666577,0.0015634779254530362,228.5657845454706,0.0007226367822248692,yolo26l;yolo26m;yolo26n
yolo26s,leaf,58,10,m.0.ffn.0,Conv,e8ea82be572f7311,"Conv[256->512,k1,s1]@8x256x20x20",1,7.776963400040234e-05,0.022992767673103306,0.016016980905535105,0.006975786767568202,295.65225513320985,0.00417053224836102,yolo26l;yolo26m
yolo26s,leaf,59,10,m.0.ffn.1,Conv,0b8f608ca57b30e6,"Conv[512->256,k1,s1]@8x512x20x20",1,4.3998140006965326e-05,0.01305910879464484,0.009112560160294651,0.003946548634350188,296.81047409225613,0.0023687202487864068,yolo26l;yolo26m
yolo26s,leaf,60,10,op:add,op:add,92d96cfa8127ba1e,op:add[]@8x256x20x20+8x256x20x20,1,1.743045051140207e-05,0.003984004596119613,0.002420526670666577,0.0015634779254530362,228.5657845454706,0.0007226367822248692,yolo26l;yolo26m;yolo26n
yolo26s,leaf,61,10,op:cat,op:cat,a654f0004c662648,op:cat[1]@8x256x20x20+8x256x20x20,1,2.6181215071363793e-05,0.006120475350576513,0.0037720706550788867,0.0023484046954976266,233.77354083427934,0.001110159515713182,yolo26l;yolo26m
yolo26s,leaf,62,10,cv2,Conv,9c6e9e5ab1db765c,"Conv[512->512,k1,s1]@8x512x20x20",1,0.00010303565743838133,0.030661606872063686,0.021419506340349313,0.009242100531714374,297.58248391242927,0.005561541005613541,yolo26l;yolo26m
yolo26s,leaf,63,11,,Upsample,caaddfd44b6858be,"Upsample[x2.0,nearest]@8x512x20x20",1,6.700967209784956e-05,0.018859577725695242,0.012848938869958249,0.006010638855736994,281.4456053173326,0.003420835552019793,yolo26l;yolo26m
yolo26s,leaf,64,12,,Concat,1e64c8c3e88ef496,Concat[d=1]@8x512x40x40+8x256x40x40,1,0.00014309788483860748,0.03360359175287592,0.02076798638640355,0.012835605366472371,234.82940918921082,0.006095171536485685,
yolo26s,leaf,65,13,cv1,Conv,9c747660084dbdc2,"Conv[768->256,k1,s1]@8x768x40x40",1,0.00022164544653696877,0.06541401553441174,0.045532844780331386,0.019881170754080354,295.129074639037,0.011865090151812589,
yolo26s,leaf,66,13,op:chunk,op:chunk,697377aeee20dc23,"op:chunk[2,1]@8x256x40x40",1,4.614096245152823e-06,0.0004639657455362061,5.009017642838869e-05,0.0004138755691078174,100.55398086323169,8.415620648214239e-05,
yolo26s,leaf,67,13,m.0.cv1,Conv,5fe894351a480af7,"Conv[128->64,k1,s1]@8x128x40x40",1,4.208306402533985e-05,0.009661238172951992,0.005886468175125174,0.003774769997826818,229.575445531594,0.0017523990992405203,
yolo26s,leaf,68,13,m.0.m.0.cv1,Conv,15068649db15cc6b,"Conv[64->64,k3,s1]@8x64x40x40",1,6.252208402898689e-05,0.018467454883234296,0.012859344056225162,0.005608110827009133,295.37490904289587,0.003349710536403887,
yolo26s,leaf,69,13,m.0.m.0.cv2,Conv,15068649db15cc6b,"Conv[64->64,k3,s1]@8x64x40x40",1,6.252208402898689e-05,0.018467454883234296,0.012859344056225162,0.005608110827009133,295.37490904289587,0.003349710536403887,
yolo26s,leaf,70,13,op:add,op:add,911ba2a880f5c0c6,op:add[]@8x64x40x40+8x64x40x40,1,1.7429999622298862e-05,0.003961126911770135,0.002397689430203459,0.0015634374815666758,227.259150751932,0.0007184871243105271,
yolo26s,leaf,71,13,m.0.m.1.cv1,Conv,15068649db15cc6b,"Conv[64->64,k3,s1]@8x64x40x40",1,6.252208402898689e-05,0.018467454883234296,0.012859344056225162,0.005608110827009133,295.37490904289587,0.003349710536403887,
yolo26s,leaf,72,13,m.0.m.1.cv2,Conv,15068649db15cc6b,"Conv[64->64,k3,s1]@8x64x40x40",1,6.252208402898689e-05,0.018467454883234296,0.012859344056225162,0.005608110827009133,295.37490904289587,0.003349710536403887,
yolo26s,leaf,73,13,op:add,op:add,911ba2a880f5c0c6,op:add[]@8x64x40x40+8x64x40x40,1,1.7429999622298862e-05,0.003961126911770135,0.002397689430203459,0.0015634374815666758,227.259150751932,0.0007184871243105271,
yolo26s,leaf,74,13,m.0.cv2,Conv,5fe894351a480af7,"Conv[128->64,k1,s1]@8x128x40x40",1,4.208306402533985e-05,0.009661238172951992,0.005886468175125174,0.003774769997826818,229.575445531594,0.0017523990992405203,
yolo26s,leaf,75,13,op:cat,op:cat,f372b0ee4003f202,op:cat[1]@8x64x40x40+8x64x40x40,1,2.6154309399588856e-05,0.005999105704720244,0.0036531143962926812,0.002345991308427563,229.37350832190393,0.0010881449401208816,
yolo26s,leaf,76,13,m.0.cv3,Conv,4abb475c05a2c84c,"Conv[128->128,k1,s1]@8x128x40x40",1,7.024238645443827e-05,0.02046350503304564,0.014162897909849618,0.006300607123196021,291.32701871282524,0.0037117631451845197,yolo26n
yolo26s,leaf,77,13,op:cat,op:cat,9dac5cefa34ba7f9,op:cat[1]@8x128x40x40+8x128x40x40+8x128x40x40,1,7.293263322888801e-05,0.017544001049410392,0.011002083958745548,0.006541917090664846,240.55076956225076,0.0031822103011738146,
yolo26s,leaf,78,13,cv2,Conv,d55c34d2bd3dfbc5,"Conv[384->256,k1,s1]@8x384x40x40",1,0.00016892342422598927,0.05061667672512893,0.035464570088728026,0.015152106636400904,299.64273431618864,0.009181081877061525,
yolo26s,leaf,79,14,,Upsample,edb3b7efce075fc6,"Upsample[x2.0,nearest]@8x256x40x40",1,0.00012782955725102645,0.03538888321240333,0.02392281749874446,0.011466065713658867,276.84429151943385,0.0064189957802887635,
yolo26s,leaf,80,15,,Concat,b455deef8bc0d9dd,Concat[d=1]@8x256x80x80+8x256x80x80,1,0.0003793481933621508,0.09118706889928882,0.057160264715757435,0.034026804183531385,240.37828700619548,0.016539923200410166,
yolo26s,leaf,81,16,cv1,Conv,ddf0922465bce7fb,"Conv[512->128,k1,s1]@8x512x80x80",1,0.00043853729642567146,0.12981196955043256,0.09047601652954645,0.039335953020886105,296.01124148042595,0.023545882467496254,
yolo26s,leaf,82,16,op:chunk,op:chunk,a70d43ce301e654d,"op:chunk[2,1]@8x128x80x80",1,4.629201765368102e-06,0.0004505929842549276,3.536247900282492e-05,0.0004152305052521027,97.33708036359431,8.17305945259773e-05,
yolo26s,leaf,83,16,m.0.cv1,Conv,460ba8a9148a1431,"Conv[64->32,k1,s1]@8x64x80x80",1,8.297436667176775e-05,0.02164866662229789,0.014206025332854828,0.007442641289443062,260.90788626246797,0.0039267331173848345,
yolo26s,leaf,84,16,m.0.m.0.cv1,Conv,f921af35ee075bda,"Conv[32->32,k3,s1]@8x32x80x80",1,0.00012234497268643919,0.03600113655623855,0.025027027541656584,0.010974109014581967,294.25922263685254,0.006530049062387492,
yolo26s,leaf,85,16,m.0.m.0.cv2,Conv,f921af35ee075bda,"Conv[32->32,k3,s1]@8x32x80x80",1,0.00012234497268643919,0.03600113655623855,0.025027027541656584,0.010974109014581967,294.25922263685254,0.006530049062387492,
yolo26s,leaf,86,16,op:add,op:add,ba9465c82154aa84,op:add[]@8x32x80x80+8x32x80x80,1,3.6681056376692096e-05,0.00840981923508416,0.005119598945611945,0.0032902202894722144,229.26873066905273,0.001525411069317845,yolo26n
yolo26s,leaf,87,16,m.0.m.1.cv1,Conv,f921af35ee075bda,"Conv[32->32,k3,s1]@8x32x80x80",1,0.00012234497268643919,0.03600113655623855,0.025027027541656584,0.010974109014581967,294.25922263685254,0.006530049062387492,
yolo26s,leaf,88,16,m.0.m.1.cv2,Conv,f921af35ee075bda,"Conv[32->32,k3,s1]@8x32x80x80",1,0.00012234497268643919,0.03600113655623855,0.025027027541656584,0.010974109014581967,294.25922263685254,0.006530049062387492,
yolo26s,leaf,89,16,op:add,op:add,ba9465c82154aa84,op:add[]@8x32x80x80+8x32x80x80,1,3.6681056376692096e-05,0.00840981923508416,0.005119598945611945,0.0032902202894722144,229.26873066905273,0.001525411069317845,yolo26n
yolo26s,leaf,90,16,m.0.cv2,Conv,460ba8a9148a1431,"Conv[64->32,k1,s1]@8x64x80x80",1,8.297436667176775e-05,0.02164866662229789,0.014206025332854828,0.007442641289443062,260.90788626246797,0.0039267331173848345,
yolo26s,leaf,91,16,op:cat,op:cat,a9638907a27170d7,op:cat[1]@8x32x80x80+8x32x80x80,1,4.954844359062011e-05,0.012095145515497887,0.007650745312312425,0.004444400203185463,244.10747621924475,0.0021938722270486394,
yolo26s,leaf,92,16,m.0.cv3,Conv,9d8a21ff50d35c42,"Conv[64->64,k1,s1]@8x64x80x80",1,0.0001519482202652822,0.03893592115240263,0.025306457700425854,0.013629463451976775,256.24466732433905,0.00706237357304713,yolo26n
yolo26s,leaf,93,16,op:cat,op:cat,90c743514f828986,op:cat[1]@8x64x80x80+8x64x80x80+8x64x80x80,1,0.00014287663341919598,0.03472711182164031,0.021911352282445826,0.012815759539194485,243.05662158032484,0.006298960690757178,
yolo26s,leaf,94,16,cv2,Conv,1c9470eb77c83b75,"Conv[192->128,k1,s1]@8x192x80x80",1,0.0003170069010906443,0.09367823883404942,0.06524332880419795,0.02843491002985147,295.5085157823213,0.016991782876321217,
yolo26s,leaf,95,17,,Conv,3e73f7e780669aea,"Conv[128->128,k3,s2]@8x128x80x80",1,0.00024750014986391647,0.07365772011516897,0.051457432141807494,0.02220028797336147,297.60676975617326,0.01336037059341978,yolo26n
yolo26s,leaf,96,18,,Concat,c0cb9122ac84c0f2,Concat[d=1]@8x128x40x40+8x256x40x40,1,7.314201412200092e-05,0.01727552228772245,0.010714824133184385,0.0065606981545380675,236.19150354414455,0.0031335124084477728,
yolo26s,leaf,97,19,cv1,Conv,d55c34d2bd3dfbc5,"Conv[384->256,k1,s1]@8x384x40x40",1,0.00016892342422598927,0.05061667672512893,0.035464570088728026,0.015152106636400904,299.64273431618864,0.009181081877061525,
yolo26s,leaf,98,19,op:chunk,op:chunk,697377aeee20dc23,"op:chunk[2,1]@8x256x40x40",1,4.614096245152823e-06,0.0004639657455362061,5.009017642838869e-05,0.0004138755691078174,100.55398086323169,8.415620648214239e-05,
yolo26s,leaf,99,19,m.0.cv1,Conv,5fe894351a480af7,"Conv[128->64,k1,s1]@8x128x40x40",1,4.208306402533985e-05,0.009661238172951992,0.005886468175125174,0.003774769997826818,229.575445531594,0.0017523990992405203,
yolo26s,leaf,100,19,m.0.m.0.cv1,Conv,15068649db15cc6b,"Conv[64->64,k3,s1]@8x64x40x40",1,6.252208402898689e-05,0.018467454883234296,0.012859344056225162,0.005608110827009133,295.37490904289587,0.003349710536403887,
yolo26s,leaf,101,19,m.0.m.0.cv2,Conv,15068649db15cc6b,"Conv[64->64,k3,s1]@8x64x40x40",1,6.252208402898689e-05,0.018467454883234296,0.012859344056225162,0.005608110827009133,295.37490904289587,0.003349710536403887,
yolo26s,leaf,102,19,op:add,op:add,911ba2a880f5c0c6,op:add[]@8x64x40x40+8x64x40x40,1,1.7429999622298862e-05,0.003961126911770135,0.002397689430203459,0.0015634374815666758,227.259150751932,0.0007184871243105271,
yolo26s,leaf,103,19,m.0.m.1.cv1,Conv,15068649db15cc6b,"Conv[64->64,k3,s1]@8x64x40x40",1,6.252208402898689e-05,0.018467454883234296,0.012859344056225162,0.005608110827009133,295.37490904289587,0.003349710536403887,
yolo26s,leaf,104,19,m.0.m.1.cv2,Conv,15068649db15cc6b,"Conv[64->64,k3,s1]@8x64x40x40",1,6.252208402898689e-05,0.018467454883234296,0.012859344056225162,0.005608110827009133,295.37490904289587,0.003349710536403887,
yolo26s,leaf,105,19,op:add,op:add,911ba2a880f5c0c6,op:add[]@8x64x40x40+8x64x40x40,1,1.7429999622298862e-05,0.003961126911770135,0.002397689430203459,0.0015634374815666758,227.259150751932,0.0007184871243105271,
yolo26s,leaf,106,19,m.0.cv2,Conv,5fe894351a480af7,"Conv[128->64,k1,s1]@8x128x40x40",1,4.208306402533985e-05,0.009661238172951992,0.005886468175125174,0.003774769997826818,229.575445531594,0.0017523990992405203,
yolo26s,leaf,107,19,op:cat,op:cat,f372b0ee4003f202,op:cat[1]@8x64x40x40+8x64x40x40,1,2.6154309399588856e-05,0.005999105704720244,0.0036531143962926812,0.002345991308427563,229.37350832190393,0.0010881449401208816,
yolo26s,leaf,108,19,m.0.cv3,Conv,4abb475c05a2c84c,"Conv[128->128,k1,s1]@8x128x40x40",1,7.024238645443827e-05,0.02046350503304564,0.014162897909849618,0.006300607123196021,291.32701871282524,0.0037117631451845197,yolo26n
yolo26s,leaf,109,19,op:cat,op:cat,9dac5cefa34ba7f9,op:cat[1]@8x128x40x40+8x128x40x40+8x128x40x40,1,7.293263322888801e-05,0.017544001049410392,0.011002083958745548,0.006541917090664846,240.55076956225076,0.0031822103011738146,
yolo26s,leaf,110,19,cv2,Conv,d55c34d2bd3dfbc5,"Conv[384->256,k1,s1]@8x384x40x40",1,0.00016892342422598927,0.05061667672512893,0.035464570088728026,0.015152106636400904,299.64273431618864,0.009181081877061525,
yolo26s,leaf,111,20,,Conv,df37f452e20387eb,"Conv[256->256,k3,s2]@8x256x40x40",1,0.0001711565705842174,0.05140828321488781,0.03605586764022328,0.015352415574664525,300.35822194504897,0.009324667044384085,
yolo26s,leaf,112,21,,Concat,b9f22fc9df942f9f,Concat[d=1]@8x256x20x20+8x512x20x20,1,3.8207797550727455e-05,0.008809117853762625,0.005381951813982749,0.0034271660397798766,230.55811688875806,0.0015978376596962006,
yolo26s,leaf,113,22,cv1,Conv,db03e6ad10d04d30,"Conv[768->512,k1,s1]@8x768x20x20",1,0.00013002656888439805,0.03907846945485428,0.02741533601833345,0.011663133436520824,300.54218757089205,0.007088229629211224,yolo26l;yolo26m
yolo26s,leaf,114,22,op:chunk,op:chunk,2c40623f6a4754b9,"op:chunk[2,1]@8x512x20x20",1,4.616885220594162e-06,0.00045846119454582185,4.433545969878197e-05,0.0004141257348470399,99.30097298083165,8.315776611408701e-05,yolo26l;yolo26m
yolo26s,leaf,115,22,m.0.0.cv1,Conv,44fc1ce70d1c2a9d,"Conv[256->128,k3,s1]@8x256x20x20",1,0.00011939114117171842,0.0257856699752373,0.015076513972957133,0.010709156002280168,215.97640932295113,0.004677121506477916,yolo26l;yolo26m
yolo26s,leaf,116,22,m.0.0.cv2,Conv,fde98d0c407e8e25,"Conv[128->256,k3,s1]@8x128x20x20",1,7.552483423975149e-05,0.02176220026502395,0.01498776772352948,0.006774432541494469,288.14628306154833,0.003947326363269575,yolo26l;yolo26m
yolo26s,leaf,117,22,op:add,op:add,92d96cfa8127ba1e,op:add[]@8x256x20x20+8x256x20x20,1,1.743045051140207e-05,0.003984004596119613,0.002420526670666577,0.0015634779254530362,228.5657845454706,0.0007226367822248692,yolo26l;yolo26m;yolo26n
yolo26s,leaf,118,22,m.0.1.attn,Attention,db16302334894c72,"Attention[256->256,p=199936]@8x256x20x20",1,0.0003179189292554547,0.09550887761553709,0.06699216041138799,0.0285167172041491,300.41897108552996,0.017323832422589003,yolo26l;yolo26m
yolo26s,leaf,119,22,op:add,op:add,92d96cfa8127ba1e,op:add[]@8x256x20x20+8x256x20x20,1,1.743045051140207e-05,0.003984004596119613,0.002420526670666577,0.0015634779254530362,228.5657845454706,0.0007226367822248692,yolo26l;yolo26m;yolo26n
yolo26s,leaf,120,22,m.0.1.ffn.0,Conv,e8ea82be572f7311,"Conv[256->512,k1,s1]@8x256x20x20",1,7.776963400040234e-05,0.022992767673103306,0.016016980905535105,0.006975786767568202,295.65225513320985,0.00417053224836102,yolo26l;yolo26m
yolo26s,leaf,121,22,m.0.1.ffn.1,Conv,0b8f608ca57b30e6,"Conv[512->256,k1,s1]@8x512x20x20",1,4.3998140006965326e-05,0.01305910879464484,0.009112560160294651,0.003946548634350188,296.81047409225613,0.0023687202487864068,yolo26l;yolo26m
yolo26s,leaf,122,22,op:add,op:add,92d96cfa8127ba1e,op:add[]@8x256x20x20+8x256x20x20,1,1.743045051140207e-05,0.003984004596119613,0.002420526670666577,0.0015634779254530362,228.5657845454706,0.0007226367822248692,yolo26l;yolo26m;yolo26n
yolo26s,leaf,123,22,op:cat,op:cat,f5703a252a2f0d1d,op:cat[1]@8x256x20x20+8x256x20x20+8x256x20x20,1,3.790938919381936e-05,0.00889180193625459,0.00549140255282082,0.0034003993834337705,234.55408080550885,0.0016128352727439884,yolo26l;yolo26m
yolo26s,leaf,124,22,cv2,Conv,db03e6ad10d04d30,"Conv[768->512,k1,s1]@8x768x20x20",1,0.00013002656888439805,0.03907846945485428,0.02741533601833345,0.011663133436520824,300.54218757089205,0.007088229629211224,yolo26l;yolo26m
yolo26s,leaf,125,23,,Detect,09463343c8831712,"Detect[nc=80,e2e]@8x128x80x80+8x256x40x40+8x512x20x20",1,0.002887717305307707,0.8249971164946875,0.5659744217660613,0.25902269472862627,285.6917867196762,0.14964171030053136,
yolo26m,leaf,0,0,,Conv,7fbcf77391bd51c9,"Conv[3->64,k3,s2]@8x3x640x640",1,0.0020099169188373726,0.6006780546637689,0.4203923682702254,0.1802856863935435,298.8571562506317,0.049818630106136436,yolo26l
yolo26m,leaf,1,1,,Conv,a25603029838569e,"Conv[64->128,k3,s2]@8x64x320x320",1,0.002336161365918641,0.6972376283825167,0.48768844182989635,0.2095491865526203,298.4543955542832,0.05782702270338752,yolo26l
yolo26m,leaf,2,2,cv1,Conv,9399302068398e53,"Conv[128->128,k1,s1]@8x128x160x160",1,0.0011368676349825342,0.3344486597002988,0.23247381686451163,0.10197484283578717,294.1843442534425,0.027738276665407322,yolo26l
yolo26m,leaf,3,2,op:chunk,op:chunk,f1489a52e36f776d,"op:chunk[2,1]@8x128x160x160",1,4.616827357054467e-06,0.00044294779333859085,2.882724873990068e-05,0.00041412054459869017,95.94203098406332,3.673690440550007e-05,yolo26l
yolo26m,leaf,4,2,m.0.cv1,Conv,c76345faa463f04a,"Conv[64->32,k1,s1]@8x64x160x160",1,0.0003365005870991461,0.09031280258198526,0.060129346366246735,0.03018345621573853,268.38824669086125,0.0074903021189927105,yolo26l
yolo26m,leaf,5,2,m.0.m.0.cv1,Conv,78b646920298c70c,"Conv[32->32,k3,s1]@8x32x160x160",1,0.0004566716070302397,0.13522842363076176,0.09426585778624241,0.04096256584451935,296.1174321963206,0.011215483509661152,yolo26l
yolo26m,leaf,6,2,m.0.m.0.cv2,Conv,78b646920298c70c,"Conv[32->32,k3,s1]@8x32x160x160",1,0.0004566716070302397,0.13522842363076176,0.09426585778624241,0.04096256584451935,296.1174321963206,0.011215483509661152,yolo26l
yolo26m,leaf,7,2,op:add,op:add,b4416687b299015a,op:add[]@8x32x160x160+8x32x160x160,1,0.00014231478379357358,0.034551675103473,0.02178631239633458,0.01276536270713842,242.78345638068015,0.0028656234536333053,yolo26l;yolo26s
yolo26m,leaf,8,2,m.0.m.1.cv1,Conv,78b646920298c70c,"Conv[32->32,k3,s1]@8x32x160x160",1,0.0004566716070302397,0.13522842363076176,0.09426585778624241,0.04096256584451935,296.1174321963206,0.011215483509661152,yolo26l
yolo26m,leaf,9,2,m.0.m.1.cv2,Conv,78b646920298c70c,"Conv[32->32,k3,s1]@8x32x160x160",1,0.0004566716070302397,0.13522842363076176,0.09426585778624241,0.04096256584451935,296.1174321963206,0.011215483509661152,yolo26l
yolo26m,leaf,10,2,op:add,op:add,b4416687b299015a,op:add[]@8x32x160x160+8x32x160x160,1,0.00014231478379357358,0.034551675103473,0.02178631239633458,0.01276536270713842,242.78345638068015,0.0028656234536333053,yolo26l;yolo26s
yolo26m,leaf,11,2,m.0.cv2,Conv,c76345faa463f04a,"Conv[64->32,k1,s1]@8x64x160x160",1,0.0003365005870991461,0.09031280258198526,0.060129346366246735,0.03018345621573853,268.38824669086125,0.0074903021189927105,yolo26l
yolo26m,leaf,12,2,op:cat,op:cat,25660e8a87c27ad8,op:cat[1]@8x32x160x160+8x32x160x160,1,0.00019046720485890473,0.04604764079144919,0.028963098419762374,0.017084542371686818,241.76151913165629,0.0038190680782129397,yolo26l
yolo26m,leaf,13,2,m.0.cv3,Conv,c1df39920843bb32,"Conv[64->64,k1,s1]@8x64x160x160",1,0.0005712467251072135,0.15570132389810906,0.10446159007090661,0.051239733827202455,272.5640551705334,0.012913451060997293,yolo26l;yolo26s
yolo26m,leaf,14,2,op:cat,op:cat,dd38fa2e2a630a11,op:cat[1]@8x64x160x160+8x64x160x160+8x64x160x160,1,0.0005668802322921727,0.13708845848931314,0.0862403906792053,0.050848067810107846,241.82966820874628,0.01136974982234434,
yolo26m,leaf,15,2,cv2,Conv,1d84f37dcea5819b,"Conv[192->256,k1,s1]@8x192x160x160",1,0.0022296303096302054,0.6666096256657399,0.46661607020671697,0.19999355545902292,298.9776479026697,0.05528681813558299,
yolo26m,leaf,16,3,,Conv,9f4acd1607647caf,"Conv[256->256,k3,s2]@8x256x160x160",1,0.0021970947268980055,0.6567836411579093,0.45970846496626505,0.19707517619164425,298.9327829688969,0.05447187728028864,yolo26l
yolo26m,leaf,17,4,cv1,Conv,30742260066b82f9,"Conv[256->256,k1,s1]@8x256x80x80",1,0.0006053451760471531,0.1794485969997917,0.12515029762938285,0.054298299370408865,296.44012061279506,0.014882986331175177,yolo26l
yolo26m,leaf,18,4,op:chunk,op:chunk,bc3aee341641241b,"op:chunk[2,1]@8x256x80x80",1,4.587279492339084e-06,0.0004452492308005174,3.3779072902765045e-05,0.00041147015789775237,97.06171850747248,3.692777946866898e-05,yolo26l
yolo26m,leaf,19,4,m.0.cv1,Conv,0e9acf54b9174796,"Conv[128->64,k1,s1]@8x128x80x80",1,0.00017375595451283172,0.045757996735503924,0.030172421416086538,0.015585575319417387,263.3463518634392,0.0037950457754610013,yolo26l
yolo26m,leaf,20,4,m.0.m.0.cv1,Conv,fd00da5016903e6b,"Conv[64->64,k3,s1]@8x64x80x80",1,0.0002863243064934789,0.08516211126993455,0.05947937103150139,0.025682740238433154,297.43234974664693,0.0070631175676783165,yolo26l
yolo26m,leaf,21,4,m.0.m.0.cv2,Conv,fd00da5016903e6b,"Conv[64->64,k3,s1]@8x64x80x80",1,0.0002863243064934789,0.08516211126993455,0.05947937103150139,0.025682740238433154,297.43234974664693,0.0070631175676783165,yolo26l
yolo26m,leaf,22,4,op:add,op:add,cec2cea73f8ecdfb,op:add[]@8x64x80x80+8x64x80x80,1,7.199114156400376e-05,0.01721582278476383,0.010758355687751278,0.0064574670970125505,239.13807186205116,0.0014278342626767465,yolo26l;yolo26s
yolo26m,leaf,23,4,m.0.m.1.cv1,Conv,fd00da5016903e6b,"Conv[64->64,k3,s1]@8x64x80x80",1,0.0002863243064934789,0.08516211126993455,0.05947937103150139,0.025682740238433154,297.43234974664693,0.0070631175676783165,yolo26l
yolo26m,leaf,24,4,m.0.m.1.cv2,Conv,fd00da5016903e6b,"Conv[64->64,k3,s1]@8x64x80x80",1,0.0002863243064934789,0.08516211126993455,0.05947937103150139,0.025682740238433154,297.43234974664693,0.0070631175676783165,yolo26l
yolo26m,leaf,25,4,op:add,op:add,cec2cea73f8ecdfb,op:add[]@8x64x80x80+8x64x80x80,1,7.199114156400376e-05,0.01721582278476383,0.010758355687751278,0.0064574670970125505,239.13807186205116,0.0014278342626767465,yolo26l;yolo26s
yolo26m,leaf,26,4,m.0.cv2,Conv,0e9acf54b9174796,"Conv[128->64,k1,s1]@8x128x80x80",1,0.00017375595451283172,0.045757996735503924,0.030172421416086538,0.015585575319417387,263.3463518634392,0.0037950457754610013,yolo26l
yolo26m,leaf,27,4,op:cat,op:cat,07c4af67a484965b,op:cat[1]@8x64x80x80+8x64x80x80,1,9.649218265601939e-05,0.023328409156691172,0.014673245742367379,0.008655163414323793,241.76475766802332,0.0019347958156925547,yolo26l
yolo26m,leaf,28,4,m.0.cv3,Conv,7581abc56c54a219,"Conv[128->128,k1,s1]@8x128x80x80",1,0.00029307195164363146,0.08373956320677228,0.05745157216118686,0.02628799104558542,285.73039056496816,0.0069451352388473575,yolo26l;yolo26s
yolo26m,leaf,29,4,op:cat,op:cat,c5e5a0e8a790b392,op:cat[1]@8x128x80x80+8x128x80x80+8x128x80x80,1,0.00028410427034598304,0.06850045418426644,0.04301684692338008,0.02548360726088636,241.11025892305798,0.005681244324829757,
yolo26m,leaf,30,4,cv2,Conv,028e0de05382f4e0,"Conv[384->512,k1,s1]@8x384x80x80",1,0.0012572964541548552,0.37486787239560765,0.26209079583435646,0.1127770765612512,298.1539247619933,0.031090537982122114,
yolo26m,leaf,31,5,,Conv,09cae40c46d8a128,"Conv[512->512,k3,s2]@8x512x80x80",1,0.0017727278715166843,0.5275026624046999,0.36849237789491995,0.15901028450977991,297.5655039221485,0.043749658930110076,yolo26l
yolo26m,leaf,32,6,cv1,Conv,ce6718a4b8eefdbf,"Conv[512->512,k1,s1]@8x512x40x40",1,0.00035961070538559055,0.10840987016768018,0.0761534807382058,0.03225638942947438,301.4645241204327,0.00899122446675876,yolo26l
yolo26m,leaf,33,6,op:chunk,op:chunk,0b05ed81109ed06a,"op:chunk[2,1]@8x512x40x40",1,4.6063622544313025e-06,0.00045455098552987235,4.136914053210275e-05,0.0004131818449977696,98.6789489021616,3.769924210926624e-05,yolo26l
yolo26m,leaf,34,6,m.0.cv1,Conv,c4a18823f9209ad6,"Conv[256->128,k1,s1]@8x256x40x40",1,8.358404957861009e-05,0.02477754867869369,0.017280220003761053,0.0074973286749326394,296.4387201099968,0.00205498356894623,yolo26l
yolo26m,leaf,35,6,m.0.m.0.cv1,Conv,087d65f61eafd323,"Conv[128->128,k3,s1]@8x128x40x40",1,0.00016670465197831186,0.049640684665535194,0.03468759763729543,0.014953087028239762,297.77624125326395,0.0041170655201511275,yolo26l
yolo26m,leaf,36,6,m.0.m.0.cv2,Conv,087d65f61eafd323,"Conv[128->128,k3,s1]@8x128x40x40",1,0.00016670465197831186,0.049640684665535194,0.03468759763729543,0.014953087028239762,297.77624125326395,0.0041170655201511275,yolo26l
yolo26m,leaf,37,6,op:add,op:add,2f2aaf05378c5de5,op:add[]@8x128x40x40+8x128x40x40,1,3.670948119857311e-05,0.008604984583789567,0.005312214642401194,0.0032927699413883727,234.40768713789504,0.0007136743896674873,yolo26l
yolo26m,leaf,38,6,m.0.m.1.cv1,Conv,087d65f61eafd323,"Conv[128->128,k3,s1]@8x128x40x40",1,0.00016670465197831186,0.049640684665535194,0.03468759763729543,0.014953087028239762,297.77624125326395,0.0041170655201511275,yolo26l
yolo26m,leaf,39,6,m.0.m.1.cv2,Conv,087d65f61eafd323,"Conv[128->128,k3,s1]@8x128x40x40",1,0.00016670465197831186,0.049640684665535194,0.03468759763729543,0.014953087028239762,297.77624125326395,0.0041170655201511275,yolo26l
yolo26m,leaf,40,6,op:add,op:add,2f2aaf05378c5de5,op:add[]@8x128x40x40+8x128x40x40,1,3.670948119857311e-05,0.008604984583789567,0.005312214642401194,0.0032927699413883727,234.40768713789504,0.0007136743896674873,yolo26l
yolo26m,leaf,41,6,m.0.cv2,Conv,c4a18823f9209ad6,"Conv[256->128,k1,s1]@8x256x40x40",1,8.358404957861009e-05,0.02477754867869369,0.017280220003761053,0.0074973286749326394,296.4387201099968,0.00205498356894623,yolo26l
yolo26m,leaf,42,6,op:cat,op:cat,4a3a32d10523282a,op:cat[1]@8x128x40x40+8x128x40x40,1,4.953792316158104e-05,0.011883032834020028,0.007439576293108706,0.004443456540911322,239.87749335514883,0.0009855469376661172,yolo26l
yolo26m,leaf,43,6,m.0.cv3,Conv,11e62c61d8271a9e,"Conv[256->256,k1,s1]@8x256x40x40",1,0.00015558378626349048,0.04602035552270669,0.032064788784930846,0.013955566737775845,295.79146148795,0.003816805111053951,yolo26l;yolo26s
yolo26m,leaf,44,6,op:cat,op:cat,52a176df0198d9f6,op:cat[1]@8x256x40x40+8x256x40x40+8x256x40x40,1,0.00014280330616376564,0.034869193014502864,0.02206001078925241,0.012809182225250454,244.1763706402929,0.002891957539320062,
yolo26m,leaf,45,6,cv2,Conv,8e49cb70137f957c,"Conv[768->512,k1,s1]@8x768x40x40",1,0.0004307149744861825,0.12744569288332688,0.08881138711304842,0.03863430577027845,295.8933411483129,0.010570004652373543,yolo26l
yolo26m,leaf,46,7,,Conv,51c5320ffd1d0cd3,"Conv[512->512,k3,s2]@8x512x40x40",1,0.0005742520494293518,0.1713457342978528,0.11983642865244537,0.05150930564540743,298.3807101221897,0.014210956586431693,yolo26l
yolo26m,leaf,47,8,cv1,Conv,9c6e9e5ab1db765c,"Conv[512->512,k1,s1]@8x512x20x20",1,0.00010303565743838133,0.030661606872063686,0.021419506340349313,0.009242100531714374,297.58248391242927,0.002542991606500665,yolo26l;yolo26s
yolo26m,leaf,48,8,op:chunk,op:chunk,2c40623f6a4754b9,"op:chunk[2,1]@8x512x20x20",1,4.616885220594162e-06,0.00045846119454582185,4.433545969878197e-05,0.0004141257348470399,99.30097298083165,3.802354437916073e-05,yolo26l;yolo26s
yolo26m,leaf,49,8,m.0.cv1,Conv,4df504838841a648,"Conv[256->128,k1,s1]@8x256x20x20",1,4.214620841138169e-05,0.006786215053404009,0.003005781125455125,0.0037804339279488837,161.01602751936693,0.0005628305128534624,yolo26l;yolo26s
yolo26m,leaf,50,8,m.0.m.0.cv1,Conv,34a0878a90d98d81,"Conv[128->128,k3,s1]@8x128x20x20",1,5.2851154867184695e-05,0.013352048200473742,0.00861140114057762,0.004740647059896121,252.63493738268403,0.0011073831402597897,yolo26l;yolo26s
yolo26m,leaf,51,8,m.0.m.0.cv2,Conv,34a0878a90d98d81,"Conv[128->128,k3,s1]@8x128x20x20",1,5.2851154867184695e-05,0.013352048200473742,0.00861140114057762,0.004740647059896121,252.63493738268403,0.0011073831402597897,yolo26l;yolo26s
yolo26m,leaf,52,8,op:add,op:add,3a98736d0a3a3140,op:add[]@8x128x20x20+8x128x20x20,1,9.398098367051767e-06,0.0012426889515456065,0.000399697582589892,0.0008429913689557145,132.2277021383683,0.00010306529551622595,yolo26l;yolo26n;yolo26s
yolo26m,leaf,53,8,m.0.m.1.cv1,Conv,34a0878a90d98d81,"Conv[128->128,k3,s1]@8x128x20x20",1,5.2851154867184695e-05,0.013352048200473742,0.00861140114057762,0.004740647059896121,252.63493738268403,0.0011073831402597897,yolo26l;yolo26s
yolo26m,leaf,54,8,m.0.m.1.cv2,Conv,34a0878a90d98d81,"Conv[128->128,k3,s1]@8x128x20x20",1,5.2851154867184695e-05,0.013352048200473742,0.00861140114057762,0.004740647059896121,252.63493738268403,0.0011073831402597897,yolo26l;yolo26s
yolo26m,leaf,55,8,op:add,op:add,3a98736d0a3a3140,op:add[]@8x128x20x20+8x128x20x20,1,9.398098367051767e-06,0.0012426889515456065,0.000399697582589892,0.0008429913689557145,132.2277021383683,0.00010306529551622595,yolo26l;yolo26n;yolo26s
yolo26m,leaf,56,8,m.0.cv2,Conv,4df504838841a648,"Conv[256->128,k1,s1]@8x256x20x20",1,4.214620841138169e-05,0.006786215053404009,0.003005781125455125,0.0037804339279488837,161.01602751936693,0.0005628305128534624,yolo26l;yolo26s
yolo26m,leaf,57,8,op:cat,op:cat,bb4ed4aca4345dea,op:cat[1]@8x128x20x20+8x128x20x20,1,1.0731257974795595e-05,0.0020006744956753476,0.0010381012710212034,0.0009625732246541442,186.434293199764,0.00016593058775656825,yolo26l;yolo26n;yolo26s
yolo26m,leaf,58,8,m.0.cv3,Conv,c1fc73d6286432cd,"Conv[256->256,k1,s1]@8x256x20x20",1,4.243720761283687e-05,0.011587834658194386,0.007781298660909887,0.003806535997284499,273.0583681167837,0.0009610639910772064,yolo26l;yolo26n;yolo26s
yolo26m,leaf,59,8,op:cat,op:cat,f5703a252a2f0d1d,op:cat[1]@8x256x20x20+8x256x20x20+8x256x20x20,1,3.790938919381936e-05,0.00889180193625459,0.00549140255282082,0.0034003993834337705,234.55408080550885,0.0007374622531986006,yolo26l;yolo26s
yolo26m,leaf,60,8,cv2,Conv,db03e6ad10d04d30,"Conv[768->512,k1,s1]@8x768x20x20",1,0.00013002656888439805,0.03907846945485428,0.02741533601833345,0.011663133436520824,300.54218757089205,0.0032410636609241246,yolo26l;yolo26s
yolo26m,leaf,61,9,cv1,Conv,0b8f608ca57b30e6,"Conv[512->256,k1,s1]@8x512x20x20",1,4.3998140006965326e-05,0.01305910879464484,0.009112560160294651,0.003946548634350188,296.81047409225613,0.001083087530008687,yolo26l;yolo26s
yolo26m,leaf,62,9,m,MaxPool2d,5193281b61613cb8,MaxPool2d[p=0]@8x256x20x20,1,4.252526058366491e-05,0.012546103754474616,0.0087316695748643,0.0038144341796103173,295.02708701316953,0.0010405402650630253,yolo26l;yolo26s
yolo26m,leaf,63,9,m,MaxPool2d,5193281b61613cb8,MaxPool2d[p=0]@8x256x20x20,1,4.252526058366491e-05,0.012546103754474616,0.0087316695748643,0.0038144341796103173,295.02708701316953,0.0010405402650630253,yolo26l;yolo26s
yolo26m,leaf,64,9,m,MaxPool2d,5193281b61613cb8,MaxPool2d[p=0]@8x256x20x20,1,4.252526058366491e-05,0.012546103754474616,0.0087316695748643,0.0038144341796103173,295.02708701316953,0.0010405402650630253,yolo26l;yolo26s
yolo26m,leaf,65,9,op:cat,op:cat,82eb47cc23f650c8,op:cat[1]@8x256x20x20+8x256x20x20+8x256x20x20+8x256x20x20,1,4.932712002571491e-05,0.011897251347727825,0.007472703443132435,0.00442454790459539,241.1908771792398,0.000986726183136412,yolo26l;yolo26s
yolo26m,leaf,66,9,cv2,Conv,b5bc2b79e089be51,"Conv[1024->512,k1,s1]@8x1024x20x20",1,0.00015428578748899222,0.045849416435890834,0.032010277694618325,0.013839138741272506,297.1720025680398,0.003802627880721262,yolo26l;yolo26s
yolo26m,leaf,67,9,op:add,op:add,8be7580441d37266,op:add[]@8x512x20x20+8x512x20x20,1,3.676006279057744e-05,0.008568858437482466,0.005271551424462966,0.0032973070130194993,233.1023884888164,0.0007106781837863833,yolo26l;yolo26s
yolo26m,leaf,68,10,cv1,Conv,9c6e9e5ab1db765c,"Conv[512->512,k1,s1]@8x512x20x20",1,0.00010303565743838133,0.030661606872063686,0.021419506340349313,0.009242100531714374,297.58248391242927,0.002542991606500665,yolo26l;yolo26s
yolo26m,leaf,69,10,op:split,op:split,db6912ff7a969a59,"op:split[[256, 256],dim=1]@8x512x20x20",1,5.792007842377775e-06,0.000569398576453095,4.986659994538631e-05,0.0005195319765077087,98.30763216289805,4.722439390457789e-05,yolo26l;yolo26s
yolo26m,leaf,70,10,m.0.attn,Attention,db16302334894c72,"Attention[256->256,p=199936]@8x256x20x20",1,0.0003179189292554547,0.09550887761553709,0.06699216041138799,0.0285167172041491,300.41897108552996,0.007921250674696394,yolo26l;yolo26s
yolo26m,leaf,71,10,op:add,op:add,92d96cfa8127ba1e,op:add[]@8x256x20x20+8x256x20x20,1,1.743045051140207e-05,0.003984004596119613,0.002420526670666577,0.0015634779254530362,228.5657845454706,0.0003304226777958933,yolo26l;yolo26n;yolo26s
yolo26m,leaf,72,10,m.0.ffn.0,Conv,e8ea82be572f7311,"Conv[256->512,k1,s1]@8x256x20x20",1,7.776963400040234e-05,0.022992767673103306,0.016016980905535105,0.006975786767568202,295.65225513320985,0.001906958609406571,yolo26l;yolo26s
yolo26m,leaf,73,10,m.0.ffn.1,Conv,0b8f608ca57b30e6,"Conv[512->256,k1,s1]@8x512x20x20",1,4.3998140006965326e-05,0.01305910879464484,0.009112560160294651,0.003946548634350188,296.81047409225613,0.001083087530008687,yolo26l;yolo26s
yolo26m,leaf,74,10,op:add,op:add,92d96cfa8127ba1e,op:add[]@8x256x20x20+8x256x20x20,1,1.743045051140207e-05,0.003984004596119613,0.002420526670666577,0.0015634779254530362,228.5657845454706,0.0003304226777958933,yolo26l;yolo26n;yolo26s
yolo26m,leaf,75,10,op:cat,op:cat,a654f0004c662648,op:cat[1]@8x256x20x20+8x256x20x20,1,2.6181215071363793e-05,0.006120475350576513,0.0037720706550788867,0.0023484046954976266,233.77354083427934,0.0005076158437896874,yolo26l;yolo26s
yolo26m,leaf,76,10,cv2,Conv,9c6e9e5ab1db765c,"Conv[512->512,k1,s1]@8x512x20x20",1,0.00010303565743838133,0.030661606872063686,0.021419506340349313,0.009242100531714374,297.58248391242927,0.002542991606500665,yolo26l;yolo26s
yolo26m,leaf,77,11,,Upsample,caaddfd44b6858be,"Upsample[x2.0,nearest]@8x512x20x20",1,6.700967209784956e-05,0.018859577725695242,0.012848938869958249,0.006010638855736994,281.4456053173326,0.0015641628978775683,yolo26l;yolo26s
yolo26m,leaf,78,12,,Concat,6245c0054529cf32,Concat[d=1]@8x512x40x40+8x512x40x40,1,0.00019070996241035384,0.0450565219044581,0.027950204646764783,0.017106317257693317,236.25678142345404,0.003736867330509824,yolo26l
yolo26m,leaf,79,13,cv1,Conv,5b63f45570e24657,"Conv[1024->512,k1,s1]@8x1024x40x40",1,0.0005001919333805579,0.14995712711608541,0.1050908716042953,0.04486625551179012,299.7991712953005,0.012437042754553205,yolo26l
yolo26m,leaf,80,13,op:chunk,op:chunk,0b05ed81109ed06a,"op:chunk[2,1]@8x512x40x40",1,4.6063622544313025e-06,0.00045455098552987235,4.136914053210275e-05,0.0004131818449977696,98.6789489021616,3.769924210926624e-05,yolo26l
yolo26m,leaf,81,13,m.0.cv1,Conv,c4a18823f9209ad6,"Conv[256->128,k1,s1]@8x256x40x40",1,8.358404957861009e-05,0.02477754867869369,0.017280220003761053,0.0074973286749326394,296.4387201099968,0.00205498356894623,yolo26l
yolo26m,leaf,82,13,m.0.m.0.cv1,Conv,087d65f61eafd323,"Conv[128->128,k3,s1]@8x128x40x40",1,0.00016670465197831186,0.049640684665535194,0.03468759763729543,0.014953087028239762,297.77624125326395,0.0041170655201511275,yolo26l
yolo26m,leaf,83,13,m.0.m.0.cv2,Conv,087d65f61eafd323,"Conv[128->128,k3,s1]@8x128x40x40",1,0.00016670465197831186,0.049640684665535194,0.03468759763729543,0.014953087028239762,297.77624125326395,0.0041170655201511275,yolo26l
yolo26m,leaf,84,13,op:add,op:add,2f2aaf05378c5de5,op:add[]@8x128x40x40+8x128x40x40,1,3.670948119857311e-05,0.008604984583789567,0.005312214642401194,0.0032927699413883727,234.40768713789504,0.0007136743896674873,yolo26l
yolo26m,leaf,85,13,m.0.m.1.cv1,Conv,087d65f61eafd323,"Conv[128->128,k3,s1]@8x128x40x40",1,0.00016670465197831186,0.049640684665535194,0.03468759763729543,0.014953087028239762,297.77624125326395,0.0041170655201511275,yolo26l
yolo26m,leaf,86,13,m.0.m.1.cv2,Conv,087d65f61eafd323,"Conv[128->128,k3,s1]@8x128x40x40",1,0.00016670465197831186,0.049640684665535194,0.03468759763729543,0.014953087028239762,297.77624125326395,0.0041170655201511275,yolo26l
yolo26m,leaf,87,13,op:add,op:add,2f2aaf05378c5de5,op:add[]@8x128x40x40+8x128x40x40,1,3.670948119857311e-05,0.008604984583789567,0.005312214642401194,0.0032927699413883727,234.40768713789504,0.0007136743896674873,yolo26l
yolo26m,leaf,88,13,m.0.cv2,Conv,c4a18823f9209ad6,"Conv[256->128,k1,s1]@8x256x40x40",1,8.358404957861009e-05,0.02477754867869369,0.017280220003761053,0.0074973286749326394,296.4387201099968,0.00205498356894623,yolo26l
yolo26m,leaf,89,13,op:cat,op:cat,4a3a32d10523282a,op:cat[1]@8x128x40x40+8x128x40x40,1,4.953792316158104e-05,0.011883032834020028,0.007439576293108706,0.004443456540911322,239.87749335514883,0.0009855469376661172,yolo26l
yolo26m,leaf,90,13,m.0.cv3,Conv,11e62c61d8271a9e,"Conv[256->256,k1,s1]@8x256x40x40",1,0.00015558378626349048,0.04602035552270669,0.032064788784930846,0.013955566737775845,295.79146148795,0.003816805111053951,yolo26l;yolo26s
yolo26m,leaf,91,13,op:cat,op:cat,52a176df0198d9f6,op:cat[1]@8x256x40x40+8x256x40x40+8x256x40x40,1,0.00014280330616376564,0.034869193014502864,0.02206001078925241,0.012809182225250454,244.1763706402929,0.002891957539320062,
yolo26m,leaf,92,13,cv2,Conv,8e49cb70137f957c,"Conv[768->512,k1,s1]@8x768x40x40",1,0.0004307149744861825,0.12744569288332688,0.08881138711304842,0.03863430577027845,295.8933411483129,0.010570004652373543,yolo26l
yolo26m,leaf,93,14,,Upsample,89da20597acec760,"Upsample[x2.0,nearest]@8x512x40x40",1,0.00025354011260046277,0.07051246326912354,0.04777040224159048,0.02274206102753306,278.11166661521327,0.005848114973075412,yolo26l
yolo26m,leaf,94,15,,Concat,d2e1cac532e7f50d,Concat[d=1]@8x512x80x80+8x512x80x80,1,0.0007581050207065536,0.18185290107535984,0.11385233710402323,0.06800056397133661,239.878243921763,0.015082392875951398,yolo26l
yolo26m,leaf,95,16,cv1,Conv,6bee4d6a1abd45d6,"Conv[1024->256,k1,s1]@8x1024x80x80",1,0.0010104454091420818,0.30265110167549525,0.21201608962944518,0.09063501204605008,299.5224669608436,0.025101072310733823,yolo26l
yolo26m,leaf,96,16,op:chunk,op:chunk,bc3aee341641241b,"op:chunk[2,1]@8x256x80x80",1,4.587279492339084e-06,0.0004452492308005174,3.3779072902765045e-05,0.00041147015789775237,97.06171850747248,3.692777946866898e-05,yolo26l
yolo26m,leaf,97,16,m.0.cv1,Conv,0e9acf54b9174796,"Conv[128->64,k1,s1]@8x128x80x80",1,0.00017375595451283172,0.045757996735503924,0.030172421416086538,0.015585575319417387,263.3463518634392,0.0037950457754610013,yolo26l
yolo26m,leaf,98,16,m.0.m.0.cv1,Conv,fd00da5016903e6b,"Conv[64->64,k3,s1]@8x64x80x80",1,0.0002863243064934789,0.08516211126993455,0.05947937103150139,0.025682740238433154,297.43234974664693,0.0070631175676783165,yolo26l
yolo26m,leaf,99,16,m.0.m.0.cv2,Conv,fd00da5016903e6b,"Conv[64->64,k3,s1]@8x64x80x80",1,0.0002863243064934789,0.08516211126993455,0.05947937103150139,0.025682740238433154,297.43234974664693,0.0070631175676783165,yolo26l
yolo26m,leaf,100,16,op:add,op:add,cec2cea73f8ecdfb,op:add[]@8x64x80x80+8x64x80x80,1,7.199114156400376e-05,0.01721582278476383,0.010758355687751278,0.0064574670970125505,239.13807186205116,0.0014278342626767465,yolo26l;yolo26s
yolo26m,leaf,101,16,m.0.m.1.cv1,Conv,fd00da5016903e6b,"Conv[64->64,k3,s1]@8x64x80x80",1,0.0002863243064934789,0.08516211126993455,0.05947937103150139,0.025682740238433154,297.43234974664693,0.0070631175676783165,yolo26l
yolo26m,leaf,102,16,m.0.m.1.cv2,Conv,fd00da5016903e6b,"Conv[64->64,k3,s1]@8x64x80x80",1,0.0002863243064934789,0.08516211126993455,0.05947937103150139,0.025682740238433154,297.43234974664693,0.0070631175676783165,yolo26l
yolo26m,leaf,103,16,op:add,op:add,cec2cea73f8ecdfb,op:add[]@8x64x80x80+8x64x80x80,1,7.199114156400376e-05,0.01721582278476383,0.010758355687751278,0.0064574670970125505,239.13807186205116,0.0014278342626767465,yolo26l;yolo26s
yolo26m,leaf,104,16,m.0.cv2,Conv,0e9acf54b9174796,"Conv[128->64,k1,s1]@8x128x80x80",1,0.00017375595451283172,0.045757996735503924,0.030172421416086538,0.015585575319417387,263.3463518634392,0.0037950457754610013,yolo26l
yolo26m,leaf,105,16,op:cat,op:cat,07c4af67a484965b,op:cat[1]@8x64x80x80+8x64x80x80,1,9.649218265601939e-05,0.023328409156691172,0.014673245742367379,0.008655163414323793,241.76475766802332,0.0019347958156925547,yolo26l
yolo26m,leaf,106,16,m.0.cv3,Conv,7581abc56c54a219,"Conv[128->128,k1,s1]@8x128x80x80",1,0.00029307195164363146,0.08373956320677228,0.05745157216118686,0.02628799104558542,285.73039056496816,0.0069451352388473575,yolo26l;yolo26s
yolo26m,leaf,107,16,op:cat,op:cat,c5e5a0e8a790b392,op:cat[1]@8x128x80x80+8x128x80x80+8x128x80x80,1,0.00028410427034598304,0.06850045418426644,0.04301684692338008,0.02548360726088636,241.11025892305798,0.005681244324829757,
yolo26m,leaf,108,16,cv2,Conv,bef7893bd08177bf,"Conv[384->256,k1,s1]@8x384x80x80",1,0.0006683753905125003,0.20222532389534,0.1422733353739435,0.059951988521396514,302.5624922250304,0.016772027096736294,
yolo26m,leaf,109,17,,Conv,634500bb0efebbd0,"Conv[256->256,k3,s2]@8x256x80x80",1,0.000687652481488945,0.20383856749321147,0.14215746094420542,0.061681106549006055,296.4267169542505,0.016905825202809005,yolo26l;yolo26s
yolo26m,leaf,110,18,,Concat,83ca0a492b02a8b9,Concat[d=1]@8x256x40x40+8x512x40x40,1,0.00014356583372243114,0.034169620833917023,0.0212920413515364,0.012877579482380625,238.0066339459307,0.002833936895105487,yolo26l
yolo26m,leaf,111,19,cv1,Conv,8e49cb70137f957c,"Conv[768->512,k1,s1]@8x768x40x40",1,0.0004307149744861825,0.12744569288332688,0.08881138711304842,0.03863430577027845,295.8933411483129,0.010570004652373543,yolo26l
yolo26m,leaf,112,19,op:chunk,op:chunk,0b05ed81109ed06a,"op:chunk[2,1]@8x512x40x40",1,4.6063622544313025e-06,0.00045455098552987235,4.136914053210275e-05,0.0004131818449977696,98.6789489021616,3.769924210926624e-05,yolo26l
yolo26m,leaf,113,19,m.0.cv1,Conv,c4a18823f9209ad6,"Conv[256->128,k1,s1]@8x256x40x40",1,8.358404957861009e-05,0.02477754867869369,0.017280220003761053,0.0074973286749326394,296.4387201099968,0.00205498356894623,yolo26l
yolo26m,leaf,114,19,m.0.m.0.cv1,Conv,087d65f61eafd323,"Conv[128->128,k3,s1]@8x128x40x40",1,0.00016670465197831186,0.049640684665535194,0.03468759763729543,0.014953087028239762,297.77624125326395,0.0041170655201511275,yolo26l
yolo26m,leaf,115,19,m.0.m.0.cv2,Conv,087d65f61eafd323,"Conv[128->128,k3,s1]@8x128x40x40",1,0.00016670465197831186,0.049640684665535194,0.03468759763729543,0.014953087028239762,297.77624125326395,0.0041170655201511275,yolo26l
yolo26m,leaf,116,19,op:add,op:add,2f2aaf05378c5de5,op:add[]@8x128x40x40+8x128x40x40,1,3.670948119857311e-05,0.008604984583789567,0.005312214642401194,0.0032927699413883727,234.40768713789504,0.0007136743896674873,yolo26l
yolo26m,leaf,117,19,m.0.m.1.cv1,Conv,087d65f61eafd323,"Conv[128->128,k3,s1]@8x128x40x40",1,0.00016670465197831186,0.049640684665535194,0.03468759763729543,0.014953087028239762,297.77624125326395,0.0041170655201511275,yolo26l
yolo26m,leaf,118,19,m.0.m.1.cv2,Conv,087d65f61eafd323,"Conv[128->128,k3,s1]@8x128x40x40",1,0.00016670465197831186,0.049640684665535194,0.03468759763729543,0.014953087028239762,297.77624125326395,0.0041170655201511275,yolo26l
yolo26m,leaf,119,19,op:add,op:add,2f2aaf05378c5de5,op:add[]@8x128x40x40+8x128x40x40,1,3.670948119857311e-05,0.008604984583789567,0.005312214642401194,0.0032927699413883727,234.40768713789504,0.0007136743896674873,yolo26l
yolo26m,leaf,120,19,m.0.cv2,Conv,c4a18823f9209ad6,"Conv[256->128,k1,s1]@8x256x40x40",1,8.358404957861009e-05,0.02477754867869369,0.017280220003761053,0.0074973286749326394,296.4387201099968,0.00205498356894623,yolo26l
yolo26m,leaf,121,19,op:cat,op:cat,4a3a32d10523282a,op:cat[1]@8x128x40x40+8x128x40x40,1,4.953792316158104e-05,0.011883032834020028,0.007439576293108706,0.004443456540911322,239.87749335514883,0.0009855469376661172,yolo26l
yolo26m,leaf,122,19,m.0.cv3,Conv,11e62c61d8271a9e,"Conv[256->256,k1,s1]@8x256x40x40",1,0.00015558378626349048,0.04602035552270669,0.032064788784930846,0.013955566737775845,295.79146148795,0.003816805111053951,yolo26l;yolo26s
yolo26m,leaf,123,19,op:cat,op:cat,52a176df0198d9f6,op:cat[1]@8x256x40x40+8x256x40x40+8x256x40x40,1,0.00014280330616376564,0.034869193014502864,0.02206001078925241,0.012809182225250454,244.1763706402929,0.002891957539320062,
yolo26m,leaf,124,19,cv2,Conv,8e49cb70137f957c,"Conv[768->512,k1,s1]@8x768x40x40",1,0.0004307149744861825,0.12744569288332688,0.08881138711304842,0.03863430577027845,295.8933411483129,0.010570004652373543,yolo26l
yolo26m,leaf,125,20,,Conv,51c5320ffd1d0cd3,"Conv[512->512,k3,s2]@8x512x40x40",1,0.0005742520494293518,0.1713457342978528,0.11983642865244537,0.05150930564540743,298.3807101221897,0.014210956586431693,yolo26l
yolo26m,leaf,126,21,,Concat,55469bff886f0757,Concat[d=1]@8x512x20x20+8x512x20x20,1,4.954275475379714e-05,0.011755933243008025,0.007312043317556829,0.004443889925451196,237.2886469763171,0.0009750056377765906,yolo26l
yolo26m,leaf,127,22,cv1,Conv,b5bc2b79e089be51,"Conv[1024->512,k1,s1]@8x1024x20x20",1,0.00015428578748899222,0.045849416435890834,0.032010277694618325,0.013839138741272506,297.1720025680398,0.003802627880721262,yolo26l;yolo26s
yolo26m,leaf,128,22,op:chunk,op:chunk,2c40623f6a4754b9,"op:chunk[2,1]@8x512x20x20",1,4.616885220594162e-06,0.00045846119454582185,4.433545969878197e-05,0.0004141257348470399,99.30097298083165,3.802354437916073e-05,yolo26l;yolo26s
yolo26m,leaf,129,22,m.0.0.cv1,Conv,44fc1ce70d1c2a9d,"Conv[256->128,k3,s1]@8x256x20x20",1,0.00011939114117171842,0.0257856699752373,0.015076513972957133,0.010709156002280168,215.97640932295113,0.0021385944509897527,yolo26l;yolo26s
yolo26m,leaf,130,22,m.0.0.cv2,Conv,fde98d0c407e8e25,"Conv[128->256,k3,s1]@8x128x20x20",1,7.552483423975149e-05,0.02176220026502395,0.01498776772352948,0.006774432541494469,288.14628306154833,0.0018048986422614616,yolo26l;yolo26s
yolo26m,leaf,131,22,op:add,op:add,92d96cfa8127ba1e,op:add[]@8x256x20x20+8x256x20x20,1,1.743045051140207e-05,0.003984004596119613,0.002420526670666577,0.0015634779254530362,228.5657845454706,0.0003304226777958933,yolo26l;yolo26n;yolo26s
yolo26m,leaf,132,22,m.0.1.attn,Attention,db16302334894c72,"Attention[256->256,p=199936]@8x256x20x20",1,0.0003179189292554547,0.09550887761553709,0.06699216041138799,0.0285167172041491,300.41897108552996,0.007921250674696394,yolo26l;yolo26s
yolo26m,leaf,133,22,op:add,op:add,92d96cfa8127ba1e,op:add[]@8x256x20x20+8x256x20x20,1,1.743045051140207e-05,0.003984004596119613,0.002420526670666577,0.0015634779254530362,228.5657845454706,0.0003304226777958933,yolo26l;yolo26n;yolo26s
yolo26m,leaf,134,22,m.0.1.ffn.0,Conv,e8ea82be572f7311,"Conv[256->512,k1,s1]@8x256x20x20",1,7.776963400040234e-05,0.022992767673103306,0.016016980905535105,0.006975786767568202,295.65225513320985,0.001906958609406571,yolo26l;yolo26s
yolo26m,leaf,135,22,m.0.1.ffn.1,Conv,0b8f608ca57b30e6,"Conv[512->256,k1,s1]@8x512x20x20",1,4.3998140006965326e-05,0.01305910879464484,0.009112560160294651,0.003946548634350188,296.81047409225613,0.001083087530008687,yolo26l;yolo26s
yolo26m,leaf,136,22,op:add,op:add,92d96cfa8127ba1e,op:add[]@8x256x20x20+8x256x20x20,1,1.743045051140207e-05,0.003984004596119613,0.002420526670666577,0.0015634779254530362,228.5657845454706,0.0003304226777958933,yolo26l;yolo26n;yolo26s
yolo26m,leaf,137,22,op:cat,op:cat,f5703a252a2f0d1d,op:cat[1]@8x256x20x20+8x256x20x20+8x256x20x20,1,3.790938919381936e-05,0.00889180193625459,0.00549140255282082,0.0034003993834337705,234.55408080550885,0.0007374622531986006,yolo26l;yolo26s
yolo26m,leaf,138,22,cv2,Conv,db03e6ad10d04d30,"Conv[768->512,k1,s1]@8x768x20x20",1,0.00013002656888439805,0.03907846945485428,0.02741533601833345,0.011663133436520824,300.54218757089205,0.0032410636609241246,yolo26l;yolo26s
yolo26m,leaf,139,23,,Detect,3c3af01ca27760d5,"Detect[nc=80,e2e]@8x256x80x80+8x512x40x40+8x512x20x20",1,0.005269565199597206,1.5751119324152674,1.102442057306971,0.4726698751082962,298.90738092312915,0.1306355678012604,yolo26l
yolo26l,leaf,0,0,,Conv,7fbcf77391bd51c9,"Conv[3->64,k3,s2]@8x3x640x640",1,0.0020099169188373726,0.6006780546637689,0.4203923682702254,0.1802856863935435,298.8571562506317,0.03825552059426986,yolo26m
yolo26l,leaf,1,1,,Conv,a25603029838569e,"Conv[64->128,k3,s2]@8x64x320x320",1,0.002336161365918641,0.6972376283825167,0.48768844182989635,0.2095491865526203,298.4543955542832,0.044405132241126445,yolo26m
yolo26l,leaf,2,2,cv1,Conv,9399302068398e53,"Conv[128->128,k1,s1]@8x128x160x160",1,0.0011368676349825342,0.3344486597002988,0.23247381686451163,0.10197484283578717,294.1843442534425,0.021300108251919556,yolo26m
yolo26l,leaf,3,2,op:chunk,op:chunk,f1489a52e36f776d,"op:chunk[2,1]@8x128x160x160",1,4.616827357054467e-06,0.00044294779333859085,2.882724873990068e-05,0.00041412054459869017,95.94203098406332,2.8210117380992e-05,yolo26m
yolo26l,leaf,4,2,m.0.cv1,Conv,c76345faa463f04a,"Conv[64->32,k1,s1]@8x64x160x160",1,0.0003365005870991461,0.09031280258198526,0.060129346366246735,0.03018345621573853,268.38824669086125,0.005751772105334012,yolo26m
yolo26l,leaf,5,2,m.0.m.0.cv1,Conv,78b646920298c70c,"Conv[32->32,k3,s1]@8x32x160x160",1,0.0004566716070302397,0.13522842363076176,0.09426585778624241,0.04096256584451935,296.1174321963206,0.008612323531667868,yolo26m
yolo26l,leaf,6,2,m.0.m.0.cv2,Conv,78b646920298c70c,"Conv[32->32,k3,s1]@8x32x160x160",1,0.0004566716070302397,0.13522842363076176,0.09426585778624241,0.04096256584451935,296.1174321963206,0.008612323531667868,yolo26m
yolo26l,leaf,7,2,op:add,op:add,b4416687b299015a,op:add[]@8x32x160x160+8x32x160x160,1,0.00014231478379357358,0.034551675103473,0.02178631239633458,0.01276536270713842,242.78345638068015,0.0022005004315120333,yolo26m;yolo26s
yolo26l,leaf,8,2,m.0.m.1.cv1,Conv,78b646920298c70c,"Conv[32->32,k3,s1]@8x32x160x160",1,0.0004566716070302397,0.13522842363076176,0.09426585778624241,0.04096256584451935,296.1174321963206,0.008612323531667868,yolo26m
yolo26l,leaf,9,2,m.0.m.1.cv2,Conv,78b646920298c70c,"Conv[32->32,k3,s1]@8x32x160x160",1,0.0004566716070302397,0.13522842363076176,0.09426585778624241,0.04096256584451935,296.1174321963206,0.008612323531667868,yolo26m
yolo26l,leaf,10,2,op:add,op:add,b4416687b299015a,op:add[]@8x32x160x160+8x32x160x160,1,0.00014231478379357358,0.034551675103473,0.02178631239633458,0.01276536270713842,242.78345638068015,0.0022005004315120333,yolo26m;yolo26s
yolo26l,leaf,11,2,m.0.cv2,Conv,c76345faa463f04a,"Conv[64->32,k1,s1]@8x64x160x160",1,0.0003365005870991461,0.09031280258198526,0.060129346366246735,0.03018345621573853,268.38824669086125,0.005751772105334012,yolo26m
yolo26l,leaf,12,2,op:cat,op:cat,25660e8a87c27ad8,op:cat[1]@8x32x160x160+8x32x160x160,1,0.00019046720485890473,0.04604764079144919,0.028963098419762374,0.017084542371686818,241.76151913165629,0.002932646626487582,yolo26m
yolo26l,leaf,13,2,m.0.cv3,Conv,c1df39920843bb32,"Conv[64->64,k1,s1]@8x64x160x160",1,0.0005712467251072135,0.15570132389810906,0.10446159007090661,0.051239733827202455,272.5640551705334,0.009916185811504837,yolo26m;yolo26s
yolo26l,leaf,14,2,m.1.cv1,Conv,c76345faa463f04a,"Conv[64->32,k1,s1]@8x64x160x160",1,0.0003365005870991461,0.09031280258198526,0.060129346366246735,0.03018345621573853,268.38824669086125,0.005751772105334012,yolo26m
yolo26l,leaf,15,2,m.1.m.0.cv1,Conv,78b646920298c70c,"Conv[32->32,k3,s1]@8x32x160x160",1,0.0004566716070302397,0.13522842363076176,0.09426585778624241,0.04096256584451935,296.1174321963206,0.008612323531667868,yolo26m
yolo26l,leaf,16,2,m.1.m.0.cv2,Conv,78b646920298c70c,"Conv[32->32,k3,s1]@8x32x160x160",1,0.0004566716070302397,0.13522842363076176,0.09426585778624241,0.04096256584451935,296.1174321963206,0.008612323531667868,yolo26m
yolo26l,leaf,17,2,op:add,op:add,b4416687b299015a,op:add[]@8x32x160x160+8x32x160x160,1,0.00014231478379357358,0.034551675103473,0.02178631239633458,0.01276536270713842,242.78345638068015,0.0022005004315120333,yolo26m;yolo26s
yolo26l,leaf,18,2,m.1.m.1.cv1,Conv,78b646920298c70c,"Conv[32->32,k3,s1]@8x32x160x160",1,0.0004566716070302397,0.13522842363076176,0.09426585778624241,0.04096256584451935,296.1174321963206,0.008612323531667868,yolo26m
yolo26l,leaf,19,2,m.1.m.1.cv2,Conv,78b646920298c70c,"Conv[32->32,k3,s1]@8x32x160x160",1,0.0004566716070302397,0.13522842363076176,0.09426585778624241,0.04096256584451935,296.1174321963206,0.008612323531667868,yolo26m
yolo26l,leaf,20,2,op:add,op:add,b4416687b299015a,op:add[]@8x32x160x160+8x32x160x160,1,0.00014231478379357358,0.034551675103473,0.02178631239633458,0.01276536270713842,242.78345638068015,0.0022005004315120333,yolo26m;yolo26s
yolo26l,leaf,21,2,m.1.cv2,Conv,c76345faa463f04a,"Conv[64->32,k1,s1]@8x64x160x160",1,0.0003365005870991461,0.09031280258198526,0.060129346366246735,0.03018345621573853,268.38824669086125,0.005751772105334012,yolo26m
yolo26l,leaf,22,2,op:cat,op:cat,25660e8a87c27ad8,op:cat[1]@8x32x160x160+8x32x160x160,1,0.00019046720485890473,0.04604764079144919,0.028963098419762374,0.017084542371686818,241.76151913165629,0.002932646626487582,yolo26m
yolo26l,leaf,23,2,m.1.cv3,Conv,c1df39920843bb32,"Conv[64->64,k1,s1]@8x64x160x160",1,0.0005712467251072135,0.15570132389810906,0.10446159007090661,0.051239733827202455,272.5640551705334,0.009916185811504837,yolo26m;yolo26s
yolo26l,leaf,24,2,op:cat,op:cat,494fdcf662bc537d,op:cat[1]@8x64x160x160+8x64x160x160+8x64x160x160+8x64x160x160,1,0.0007547329274058162,0.18896862744925427,0.12127053376890767,0.0676980936803466,250.37814117741118,0.012034888178331,
yolo26l,leaf,25,2,cv2,Conv,cb9d4ac129b83903,"Conv[256->256,k1,s1]@8x256x160x160",1,0.0023766819454892297,0.7103190883173336,0.4971352836208084,0.2131838046965252,298.87006533014136,0.04523825417067592,
yolo26l,leaf,26,3,,Conv,9f4acd1607647caf,"Conv[256->256,k3,s2]@8x256x160x160",1,0.0021970947268980055,0.6567836411579093,0.45970846496626505,0.19707517619164425,298.9327829688969,0.0418287299081703,yolo26m
yolo26l,leaf,27,4,cv1,Conv,30742260066b82f9,"Conv[256->256,k1,s1]@8x256x80x80",1,0.0006053451760471531,0.1794485969997917,0.12515029762938285,0.054298299370408865,296.44012061279506,0.011428583822628595,yolo26m
yolo26l,leaf,28,4,op:chunk,op:chunk,bc3aee341641241b,"op:chunk[2,1]@8x256x80x80",1,4.587279492339084e-06,0.0004452492308005174,3.3779072902765045e-05,0.00041147015789775237,97.06171850747248,2.8356689554783896e-05,yolo26m
yolo26l,leaf,29,4,m.0.cv1,Conv,0e9acf54b9174796,"Conv[128->64,k1,s1]@8x128x80x80",1,0.00017375595451283172,0.045757996735503924,0.030172421416086538,0.015585575319417387,263.3463518634392,0.002914199999278229,yolo26m
yolo26l,leaf,30,4,m.0.m.0.cv1,Conv,fd00da5016903e6b,"Conv[64->64,k3,s1]@8x64x80x80",1,0.0002863243064934789,0.08516211126993455,0.05947937103150139,0.025682740238433154,297.43234974664693,0.005423738850193406,yolo26m
yolo26l,leaf,31,4,m.0.m.0.cv2,Conv,fd00da5016903e6b,"Conv[64->64,k3,s1]@8x64x80x80",1,0.0002863243064934789,0.08516211126993455,0.05947937103150139,0.025682740238433154,297.43234974664693,0.005423738850193406,yolo26m
yolo26l,leaf,32,4,op:add,op:add,cec2cea73f8ecdfb,op:add[]@8x64x80x80+8x64x80x80,1,7.199114156400376e-05,0.01721582278476383,0.010758355687751278,0.0064574670970125505,239.13807186205116,0.001096428041571264,yolo26m;yolo26s
yolo26l,leaf,33,4,m.0.m.1.cv1,Conv,fd00da5016903e6b,"Conv[64->64,k3,s1]@8x64x80x80",1,0.0002863243064934789,0.08516211126993455,0.05947937103150139,0.025682740238433154,297.43234974664693,0.005423738850193406,yolo26m
yolo26l,leaf,34,4,m.0.m.1.cv2,Conv,fd00da5016903e6b,"Conv[64->64,k3,s1]@8x64x80x80",1,0.0002863243064934789,0.08516211126993455,0.05947937103150139,0.025682740238433154,297.43234974664693,0.005423738850193406,yolo26m
yolo26l,leaf,35,4,op:add,op:add,cec2cea73f8ecdfb,op:add[]@8x64x80x80+8x64x80x80,1,7.199114156400376e-05,0.01721582278476383,0.010758355687751278,0.0064574670970125505,239.13807186205116,0.001096428041571264,yolo26m;yolo26s
yolo26l,leaf,36,4,m.0.cv2,Conv,0e9acf54b9174796,"Conv[128->64,k1,s1]@8x128x80x80",1,0.00017375595451283172,0.045757996735503924,0.030172421416086538,0.015585575319417387,263.3463518634392,0.002914199999278229,yolo26m
yolo26l,leaf,37,4,op:cat,op:cat,07c4af67a484965b,op:cat[1]@8x64x80x80+8x64x80x80,1,9.649218265601939e-05,0.023328409156691172,0.014673245742367379,0.008655163414323793,241.76475766802332,0.0014857217272984918,yolo26m
yolo26l,leaf,38,4,m.0.cv3,Conv,7581abc56c54a219,"Conv[128->128,k1,s1]@8x128x80x80",1,0.00029307195164363146,0.08373956320677228,0.05745157216118686,0.02628799104558542,285.73039056496816,0.0053331407064721335,yolo26m;yolo26s
yolo26l,leaf,39,4,m.1.cv1,Conv,0e9acf54b9174796,"Conv[128->64,k1,s1]@8x128x80x80",1,0.00017375595451283172,0.045757996735503924,0.030172421416086538,0.015585575319417387,263.3463518634392,0.002914199999278229,yolo26m
yolo26l,leaf,40,4,m.1.m.0.cv1,Conv,fd00da5016903e6b,"Conv[64->64,k3,s1]@8x64x80x80",1,0.0002863243064934789,0.08516211126993455,0.05947937103150139,0.025682740238433154,297.43234974664693,0.005423738850193406,yolo26m
yolo26l,leaf,41,4,m.1.m.0.cv2,Conv,fd00da5016903e6b,"Conv[64->64,k3,s1]@8x64x80x80",1,0.0002863243064934789,0.08516211126993455,0.05947937103150139,0.025682740238433154,297.43234974664693,0.005423738850193406,yolo26m
yolo26l,leaf,42,4,op:add,op:add,cec2cea73f8ecdfb,op:add[]@8x64x80x80+8x64x80x80,1,7.199114156400376e-05,0.01721582278476383,0.010758355687751278,0.0064574670970125505,239.13807186205116,0.001096428041571264,yolo26m;yolo26s
yolo26l,leaf,43,4,m.1.m.1.cv1,Conv,fd00da5016903e6b,"Conv[64->64,k3,s1]@8x64x80x80",1,0.0002863243064934789,0.08516211126993455,0.05947937103150139,0.025682740238433154,297.43234974664693,0.005423738850193406,yolo26m
yolo26l,leaf,44,4,m.1.m.1.cv2,Conv,fd00da5016903e6b,"Conv[64->64,k3,s1]@8x64x80x80",1,0.0002863243064934789,0.08516211126993455,0.05947937103150139,0.025682740238433154,297.43234974664693,0.005423738850193406,yolo26m
yolo26l,leaf,45,4,op:add,op:add,cec2cea73f8ecdfb,op:add[]@8x64x80x80+8x64x80x80,1,7.199114156400376e-05,0.01721582278476383,0.010758355687751278,0.0064574670970125505,239.13807186205116,0.001096428041571264,yolo26m;yolo26s
yolo26l,leaf,46,4,m.1.cv2,Conv,0e9acf54b9174796,"Conv[128->64,k1,s1]@8x128x80x80",1,0.00017375595451283172,0.045757996735503924,0.030172421416086538,0.015585575319417387,263.3463518634392,0.002914199999278229,yolo26m
yolo26l,leaf,47,4,op:cat,op:cat,07c4af67a484965b,op:cat[1]@8x64x80x80+8x64x80x80,1,9.649218265601939e-05,0.023328409156691172,0.014673245742367379,0.008655163414323793,241.76475766802332,0.0014857217272984918,yolo26m
yolo26l,leaf,48,4,m.1.cv3,Conv,7581abc56c54a219,"Conv[128->128,k1,s1]@8x128x80x80",1,0.00029307195164363146,0.08373956320677228,0.05745157216118686,0.02628799104558542,285.73039056496816,0.0053331407064721335,yolo26m;yolo26s
yolo26l,leaf,49,4,op:cat,op:cat,da563f29b3500383,op:cat[1]@8x128x80x80+8x128x80x80+8x128x80x80+8x128x80x80,1,0.0003783143483675443,0.0925098793359184,0.05857580906229656,0.03393407027362183,244.53177558584727,0.005891697834857006,
yolo26l,leaf,50,4,cv2,Conv,ecacf780ebff5444,"Conv[512->512,k1,s1]@8x512x80x80",1,0.0013887828707430684,0.41428630820531276,0.28971515267300363,0.12457115553230914,298.3089127414488,0.02638474682472584,
yolo26l,leaf,51,5,,Conv,09cae40c46d8a128,"Conv[512->512,k3,s2]@8x512x80x80",1,0.0017727278715166843,0.5275026624046999,0.36849237789491995,0.15901028450977991,297.5655039221485,0.03359518265812278,yolo26m
yolo26l,leaf,52,6,cv1,Conv,ce6718a4b8eefdbf,"Conv[512->512,k1,s1]@8x512x40x40",1,0.00035961070538559055,0.10840987016768018,0.0761534807382058,0.03225638942947438,301.4645241204327,0.006904324186012187,yolo26m
yolo26l,leaf,53,6,op:chunk,op:chunk,0b05ed81109ed06a,"op:chunk[2,1]@8x512x40x40",1,4.6063622544313025e-06,0.00045455098552987235,4.136914053210275e-05,0.0004131818449977696,98.6789489021616,2.8949092534797655e-05,yolo26m
yolo26l,leaf,54,6,m.0.cv1,Conv,c4a18823f9209ad6,"Conv[256->128,k1,s1]@8x256x40x40",1,8.358404957861009e-05,0.02477754867869369,0.017280220003761053,0.0074973286749326394,296.4387201099968,0.001578013407338258,yolo26m
yolo26l,leaf,55,6,m.0.m.0.cv1,Conv,087d65f61eafd323,"Conv[128->128,k3,s1]@8x128x40x40",1,0.00016670465197831186,0.049640684665535194,0.03468759763729543,0.014953087028239762,297.77624125326395,0.003161477633137479,yolo26m
yolo26l,leaf,56,6,m.0.m.0.cv2,Conv,087d65f61eafd323,"Conv[128->128,k3,s1]@8x128x40x40",1,0.00016670465197831186,0.049640684665535194,0.03468759763729543,0.014953087028239762,297.77624125326395,0.003161477633137479,yolo26m
yolo26l,leaf,57,6,op:add,op:add,2f2aaf05378c5de5,op:add[]@8x128x40x40+8x128x40x40,1,3.670948119857311e-05,0.008604984583789567,0.005312214642401194,0.0032927699413883727,234.40768713789504,0.0005480276204576848,yolo26m
yolo26l,leaf,58,6,m.0.m.1.cv1,Conv,087d65f61eafd323,"Conv[128->128,k3,s1]@8x128x40x40",1,0.00016670465197831186,0.049640684665535194,0.03468759763729543,0.014953087028239762,297.77624125326395,0.003161477633137479,yolo26m
yolo26l,leaf,59,6,m.0.m.1.cv2,Conv,087d65f61eafd323,"Conv[128->128,k3,s1]@8x128x40x40",1,0.00016670465197831186,0.049640684665535194,0.03468759763729543,0.014953087028239762,297.77624125326395,0.003161477633137479,yolo26m
yolo26l,leaf,60,6,op:add,op:add,2f2aaf05378c5de5,op:add[]@8x128x40x40+8x128x40x40,1,3.670948119857311e-05,0.008604984583789567,0.005312214642401194,0.0032927699413883727,234.40768713789504,0.0005480276204576848,yolo26m
yolo26l,leaf,61,6,m.0.cv2,Conv,c4a18823f9209ad6,"Conv[256->128,k1,s1]@8x256x40x40",1,8.358404957861009e-05,0.02477754867869369,0.017280220003761053,0.0074973286749326394,296.4387201099968,0.001578013407338258,yolo26m
yolo26l,leaf,62,6,op:cat,op:cat,4a3a32d10523282a,op:cat[1]@8x128x40x40+8x128x40x40,1,4.953792316158104e-05,0.011883032834020028,0.007439576293108706,0.004443456540911322,239.87749335514883,0.0007567974287968568,yolo26m
yolo26l,leaf,63,6,m.0.cv3,Conv,11e62c61d8271a9e,"Conv[256->256,k1,s1]@8x256x40x40",1,0.00015558378626349048,0.04602035552270669,0.032064788784930846,0.013955566737775845,295.79146148795,0.0029309089033392253,yolo26m;yolo26s
yolo26l,leaf,64,6,m.1.cv1,Conv,c4a18823f9209ad6,"Conv[256->128,k1,s1]@8x256x40x40",1,8.358404957861009e-05,0.02477754867869369,0.017280220003761053,0.0074973286749326394,296.4387201099968,0.001578013407338258,yolo26m
yolo26l,leaf,65,6,m.1.m.0.cv1,Conv,087d65f61eafd323,"Conv[128->128,k3,s1]@8x128x40x40",1,0.00016670465197831186,0.049640684665535194,0.03468759763729543,0.014953087028239762,297.77624125326395,0.003161477633137479,yolo26m
yolo26l,leaf,66,6,m.1.m.0.cv2,Conv,087d65f61eafd323,"Conv[128->128,k3,s1]@8x128x40x40",1,0.00016670465197831186,0.049640684665535194,0.03468759763729543,0.014953087028239762,297.77624125326395,0.003161477633137479,yolo26m
yolo26l,leaf,67,6,op:add,op:add,2f2aaf05378c5de5,op:add[]@8x128x40x40+8x128x40x40,1,3.670948119857311e-05,0.008604984583789567,0.005312214642401194,0.0032927699413883727,234.40768713789504,0.0005480276204576848,yolo26m
yolo26l,leaf,68,6,m.1.m.1.cv1,Conv,087d65f61eafd323,"Conv[128->128,k3,s1]@8x128x40x40",1,0.00016670465197831186,0.049640684665535194,0.03468759763729543,0.014953087028239762,297.77624125326395,0.003161477633137479,yolo26m
yolo26l,leaf,69,6,m.1.m.1.cv2,Conv,087d65f61eafd323,"Conv[128->128,k3,s1]@8x128x40x40",1,0.00016670465197831186,0.049640684665535194,0.03468759763729543,0.014953087028239762,297.77624125326395,0.003161477633137479,yolo26m
yolo26l,leaf,70,6,op:add,op:add,2f2aaf05378c5de5,op:add[]@8x128x40x40+8x128x40x40,1,3.670948119857311e-05,0.008604984583789567,0.005312214642401194,0.0032927699413883727,234.40768713789504,0.0005480276204576848,yolo26m
yolo26l,leaf,71,6,m.1.cv2,Conv,c4a18823f9209ad6,"Conv[256->128,k1,s1]@8x256x40x40",1,8.358404957861009e-05,0.02477754867869369,0.017280220003761053,0.0074973286749326394,296.4387201099968,0.001578013407338258,yolo26m
yolo26l,leaf,72,6,op:cat,op:cat,4a3a32d10523282a,op:cat[1]@8x128x40x40+8x128x40x40,1,4.953792316158104e-05,0.011883032834020028,0.007439576293108706,0.004443456540911322,239.87749335514883,0.0007567974287968568,yolo26m
yolo26l,leaf,73,6,m.1.cv3,Conv,11e62c61d8271a9e,"Conv[256->256,k1,s1]@8x256x40x40",1,0.00015558378626349048,0.04602035552270669,0.032064788784930846,0.013955566737775845,295.79146148795,0.0029309089033392253,yolo26m;yolo26s
yolo26l,leaf,74,6,op:cat,op:cat,f7002cbafa778513,op:cat[1]@8x256x40x40+8x256x40x40+8x256x40x40+8x256x40x40,1,0.00018948023628890628,0.046346951911662486,0.029350938724651596,0.01699601318701089,244.6004544822072,0.002951708922229055,
yolo26l,leaf,75,6,cv2,Conv,5b63f45570e24657,"Conv[1024->512,k1,s1]@8x1024x40x40",1,0.0005001919333805579,0.14995712711608541,0.1050908716042953,0.04486625551179012,299.7991712953005,0.009550353837810962,yolo26m
yolo26l,leaf,76,7,,Conv,51c5320ffd1d0cd3,"Conv[512->512,k3,s2]@8x512x40x40",1,0.0005742520494293518,0.1713457342978528,0.11983642865244537,0.05150930564540743,298.3807101221897,0.010912534953255337,yolo26m
yolo26l,leaf,77,8,cv1,Conv,9c6e9e5ab1db765c,"Conv[512->512,k1,s1]@8x512x20x20",1,0.00010303565743838133,0.030661606872063686,0.021419506340349313,0.009242100531714374,297.58248391242927,0.0019527527667116368,yolo26m;yolo26s
yolo26l,leaf,78,8,op:chunk,op:chunk,2c40623f6a4754b9,"op:chunk[2,1]@8x512x20x20",1,4.616885220594162e-06,0.00045846119454582185,4.433545969878197e-05,0.0004141257348470399,99.30097298083165,2.9198122910347645e-05,yolo26m;yolo26s
yolo26l,leaf,79,8,m.0.cv1,Conv,4df504838841a648,"Conv[256->128,k1,s1]@8x256x20x20",1,4.214620841138169e-05,0.006786215053404009,0.003005781125455125,0.0037804339279488837,161.01602751936693,0.0004321952295692884,yolo26m;yolo26s
yolo26l,leaf,80,8,m.0.m.0.cv1,Conv,34a0878a90d98d81,"Conv[128->128,k3,s1]@8x128x20x20",1,5.2851154867184695e-05,0.013352048200473742,0.00861140114057762,0.004740647059896121,252.63493738268403,0.0008503549462861978,yolo26m;yolo26s
yolo26l,leaf,81,8,m.0.m.0.cv2,Conv,34a0878a90d98d81,"Conv[128->128,k3,s1]@8x128x20x20",1,5.2851154867184695e-05,0.013352048200473742,0.00861140114057762,0.004740647059896121,252.63493738268403,0.0008503549462861978,yolo26m;yolo26s
yolo26l,leaf,82,8,op:add,op:add,3a98736d0a3a3140,op:add[]@8x128x20x20+8x128x20x20,1,9.398098367051767e-06,0.0012426889515456065,0.000399697582589892,0.0008429913689557145,132.2277021383683,7.914341536038809e-05,yolo26m;yolo26n;yolo26s
yolo26l,leaf,83,8,m.0.m.1.cv1,Conv,34a0878a90d98d81,"Conv[128->128,k3,s1]@8x128x20x20",1,5.2851154867184695e-05,0.013352048200473742,0.00861140114057762,0.004740647059896121,252.63493738268403,0.0008503549462861978,yolo26m;yolo26s
yolo26l,leaf,84,8,m.0.m.1.cv2,Conv,34a0878a90d98d81,"Conv[128->128,k3,s1]@8x128x20x20",1,5.2851154867184695e-05,0.013352048200473742,0.00861140114057762,0.004740647059896121,252.63493738268403,0.0008503549462861978,yolo26m;yolo26s
yolo26l,leaf,85,8,op:add,op:add,3a98736d0a3a3140,op:add[]@8x128x20x20+8x128x20x20,1,9.398098367051767e-06,0.0012426889515456065,0.000399697582589892,0.0008429913689557145,132.2277021383683,7.914341536038809e-05,yolo26m;yolo26n;yolo26s
yolo26l,leaf,86,8,m.0.cv2,Conv,4df504838841a648,"Conv[256->128,k1,s1]@8x256x20x20",1,4.214620841138169e-05,0.006786215053404009,0.003005781125455125,0.0037804339279488837,161.01602751936693,0.0004321952295692884,yolo26m;yolo26s
yolo26l,leaf,87,8,op:cat,op:cat,bb4ed4aca4345dea,op:cat[1]@8x128x20x20+8x128x20x20,1,1.0731257974795595e-05,0.0020006744956753476,0.0010381012710212034,0.0009625732246541442,186.434293199764,0.00012741741399988453,yolo26m;yolo26n;yolo26s
yolo26l,leaf,88,8,m.0.cv3,Conv,c1fc73d6286432cd,"Conv[256->256,k1,s1]@8x256x20x20",1,4.243720761283687e-05,0.011587834658194386,0.007781298660909887,0.003806535997284499,273.0583681167837,0.0007379970750849003,yolo26m;yolo26n;yolo26s
yolo26l,leaf,89,8,m.1.cv1,Conv,4df504838841a648,"Conv[256->128,k1,s1]@8x256x20x20",1,4.214620841138169e-05,0.006786215053404009,0.003005781125455125,0.0037804339279488837,161.01602751936693,0.0004321952295692884,yolo26m;yolo26s
yolo26l,leaf,90,8,m.1.m.0.cv1,Conv,34a0878a90d98d81,"Conv[128->128,k3,s1]@8x128x20x20",1,5.2851154867184695e-05,0.013352048200473742,0.00861140114057762,0.004740647059896121,252.63493738268403,0.0008503549462861978,yolo26m;yolo26s
yolo26l,leaf,91,8,m.1.m.0.cv2,Conv,34a0878a90d98d81,"Conv[128->128,k3,s1]@8x128x20x20",1,5.2851154867184695e-05,0.013352048200473742,0.00861140114057762,0.004740647059896121,252.63493738268403,0.0008503549462861978,yolo26m;yolo26s
yolo26l,leaf,92,8,op:add,op:add,3a98736d0a3a3140,op:add[]@8x128x20x20+8x128x20x20,1,9.398098367051767e-06,0.0012426889515456065,0.000399697582589892,0.0008429913689557145,132.2277021383683,7.914341536038809e-05,yolo26m;yolo26n;yolo26s
yolo26l,leaf,93,8,m.1.m.1.cv1,Conv,34a0878a90d98d81,"Conv[128->128,k3,s1]@8x128x20x20",1,5.2851154867184695e-05,0.013352048200473742,0.00861140114057762,0.004740647059896121,252.63493738268403,0.0008503549462861978,yolo26m;yolo26s
yolo26l,leaf,94,8,m.1.m.1.cv2,Conv,34a0878a90d98d81,"Conv[128->128,k3,s1]@8x128x20x20",1,5.2851154867184695e-05,0.013352048200473742,0.00861140114057762,0.004740647059896121,252.63493738268403,0.0008503549462861978,yolo26m;yolo26s
yolo26l,leaf,95,8,op:add,op:add,3a98736d0a3a3140,op:add[]@8x128x20x20+8x128x20x20,1,9.398098367051767e-06,0.0012426889515456065,0.000399697582589892,0.0008429913689557145,132.2277021383683,7.914341536038809e-05,yolo26m;yolo26n;yolo26s
yolo26l,leaf,96,8,m.1.cv2,Conv,4df504838841a648,"Conv[256->128,k1,s1]@8x256x20x20",1,4.214620841138169e-05,0.006786215053404009,0.003005781125455125,0.0037804339279488837,161.01602751936693,0.0004321952295692884,yolo26m;yolo26s
yolo26l,leaf,97,8,op:cat,op:cat,bb4ed4aca4345dea,op:cat[1]@8x128x20x20+8x128x20x20,1,1.0731257974795595e-05,0.0020006744956753476,0.0010381012710212034,0.0009625732246541442,186.434293199764,0.00012741741399988453,yolo26m;yolo26n;yolo26s
yolo26l,leaf,98,8,m.1.cv3,Conv,c1fc73d6286432cd,"Conv[256->256,k1,s1]@8x256x20x20",1,4.243720761283687e-05,0.011587834658194386,0.007781298660909887,0.003806535997284499,273.0583681167837,0.0007379970750849003,yolo26m;yolo26n;yolo26s
yolo26l,leaf,99,8,op:cat,op:cat,82eb47cc23f650c8,op:cat[1]@8x256x20x20+8x256x20x20+8x256x20x20+8x256x20x20,1,4.932712002571491e-05,0.011897251347727825,0.007472703443132435,0.00442454790459539,241.1908771792398,0.000757702966529999,yolo26m;yolo26s
yolo26l,leaf,100,8,cv2,Conv,b5bc2b79e089be51,"Conv[1024->512,k1,s1]@8x1024x20x20",1,0.00015428578748899222,0.045849416435890834,0.032010277694618325,0.013839138741272506,297.1720025680398,0.002920022266637124,yolo26m;yolo26s
yolo26l,leaf,101,9,cv1,Conv,0b8f608ca57b30e6,"Conv[512->256,k1,s1]@8x512x20x20",1,4.3998140006965326e-05,0.01305910879464484,0.009112560160294651,0.003946548634350188,296.81047409225613,0.0008316984473754232,yolo26m;yolo26s
yolo26l,leaf,102,9,m,MaxPool2d,5193281b61613cb8,MaxPool2d[p=0]@8x256x20x20,1,4.252526058366491e-05,0.012546103754474616,0.0087316695748643,0.0038144341796103173,295.02708701316953,0.0007990265780989912,yolo26m;yolo26s
yolo26l,leaf,103,9,m,MaxPool2d,5193281b61613cb8,MaxPool2d[p=0]@8x256x20x20,1,4.252526058366491e-05,0.012546103754474616,0.0087316695748643,0.0038144341796103173,295.02708701316953,0.0007990265780989912,yolo26m;yolo26s
yolo26l,leaf,104,9,m,MaxPool2d,5193281b61613cb8,MaxPool2d[p=0]@8x256x20x20,1,4.252526058366491e-05,0.012546103754474616,0.0087316695748643,0.0038144341796103173,295.02708701316953,0.0007990265780989912,yolo26m;yolo26s
yolo26l,leaf,105,9,op:cat,op:cat,82eb47cc23f650c8,op:cat[1]@8x256x20x20+8x256x20x20+8x256x20x20+8x256x20x20,1,4.932712002571491e-05,0.011897251347727825,0.007472703443132435,0.00442454790459539,241.1908771792398,0.000757702966529999,yolo26m;yolo26s
yolo26l,leaf,106,9,cv2,Conv,b5bc2b79e089be51,"Conv[1024->512,k1,s1]@8x1024x20x20",1,0.00015428578748899222,0.045849416435890834,0.032010277694618325,0.013839138741272506,297.1720025680398,0.002920022266637124,yolo26m;yolo26s
yolo26l,leaf,107,9,op:add,op:add,8be7580441d37266,op:add[]@8x512x20x20+8x512x20x20,1,3.676006279057744e-05,0.008568858437482466,0.005271551424462966,0.0032973070130194993,233.1023884888164,0.000545726846318672,yolo26m;yolo26s
yolo26l,leaf,108,10,cv1,Conv,9c6e9e5ab1db765c,"Conv[512->512,k1,s1]@8x512x20x20",1,0.00010303565743838133,0.030661606872063686,0.021419506340349313,0.009242100531714374,297.58248391242927,0.0019527527667116368,yolo26m;yolo26s
yolo26l,leaf,109,10,op:split,op:split,db6912ff7a969a59,"op:split[[256, 256],dim=1]@8x512x20x20",1,5.792007842377775e-06,0.000569398576453095,4.986659994538631e-05,0.0005195319765077087,98.30763216289805,3.626341731435853e-05,yolo26m;yolo26s
yolo26l,leaf,110,10,m.0.attn,Attention,db16302334894c72,"Attention[256->256,p=199936]@8x256x20x20",1,0.0003179189292554547,0.09550887761553709,0.06699216041138799,0.0285167172041491,300.41897108552996,0.0060826957239214765,yolo26m;yolo26s
yolo26l,leaf,111,10,op:add,op:add,92d96cfa8127ba1e,op:add[]@8x256x20x20+8x256x20x20,1,1.743045051140207e-05,0.003984004596119613,0.002420526670666577,0.0015634779254530362,228.5657845454706,0.0002537302115354149,yolo26m;yolo26n;yolo26s
yolo26l,leaf,112,10,m.0.ffn.0,Conv,e8ea82be572f7311,"Conv[256->512,k1,s1]@8x256x20x20",1,7.776963400040234e-05,0.022992767673103306,0.016016980905535105,0.006975786767568202,295.65225513320985,0.0014643456513989417,yolo26m;yolo26s
yolo26l,leaf,113,10,m.0.ffn.1,Conv,0b8f608ca57b30e6,"Conv[512->256,k1,s1]@8x512x20x20",1,4.3998140006965326e-05,0.01305910879464484,0.009112560160294651,0.003946548634350188,296.81047409225613,0.0008316984473754232,yolo26m;yolo26s
yolo26l,leaf,114,10,op:add,op:add,92d96cfa8127ba1e,op:add[]@8x256x20x20+8x256x20x20,1,1.743045051140207e-05,0.003984004596119613,0.002420526670666577,0.0015634779254530362,228.5657845454706,0.0002537302115354149,yolo26m;yolo26n;yolo26s
yolo26l,leaf,115,10,m.1.attn,Attention,db16302334894c72,"Attention[256->256,p=199936]@8x256x20x20",1,0.0003179189292554547,0.09550887761553709,0.06699216041138799,0.0285167172041491,300.41897108552996,0.0060826957239214765,yolo26m;yolo26s
yolo26l,leaf,116,10,op:add,op:add,92d96cfa8127ba1e,op:add[]@8x256x20x20+8x256x20x20,1,1.743045051140207e-05,0.003984004596119613,0.002420526670666577,0.0015634779254530362,228.5657845454706,0.0002537302115354149,yolo26m;yolo26n;yolo26s
yolo26l,leaf,117,10,m.1.ffn.0,Conv,e8ea82be572f7311,"Conv[256->512,k1,s1]@8x256x20x20",1,7.776963400040234e-05,0.022992767673103306,0.016016980905535105,0.006975786767568202,295.65225513320985,0.0014643456513989417,yolo26m;yolo26s
yolo26l,leaf,118,10,m.1.ffn.1,Conv,0b8f608ca57b30e6,"Conv[512->256,k1,s1]@8x512x20x20",1,4.3998140006965326e-05,0.01305910879464484,0.009112560160294651,0.003946548634350188,296.81047409225613,0.0008316984473754232,yolo26m;yolo26s
yolo26l,leaf,119,10,op:add,op:add,92d96cfa8127ba1e,op:add[]@8x256x20x20+8x256x20x20,1,1.743045051140207e-05,0.003984004596119613,0.002420526670666577,0.0015634779254530362,228.5657845454706,0.0002537302115354149,yolo26m;yolo26n;yolo26s
yolo26l,leaf,120,10,op:cat,op:cat,a654f0004c662648,op:cat[1]@8x256x20x20+8x256x20x20,1,2.6181215071363793e-05,0.006120475350576513,0.0037720706550788867,0.0023484046954976266,233.77354083427934,0.0003897961129140341,yolo26m;yolo26s
yolo26l,leaf,121,10,cv2,Conv,9c6e9e5ab1db765c,"Conv[512->512,k1,s1]@8x512x20x20",1,0.00010303565743838133,0.030661606872063686,0.021419506340349313,0.009242100531714374,297.58248391242927,0.0019527527667116368,yolo26m;yolo26s
yolo26l,leaf,122,11,,Upsample,caaddfd44b6858be,"Upsample[x2.0,nearest]@8x512x20x20",1,6.700967209784956e-05,0.018859577725695242,0.012848938869958249,0.006010638855736994,281.4456053173326,0.0012011142382892935,yolo26m;yolo26s
yolo26l,leaf,123,12,,Concat,6245c0054529cf32,Concat[d=1]@8x512x40x40+8x512x40x40,1,0.00019070996241035384,0.0450565219044581,0.027950204646764783,0.017106317257693317,236.25678142345404,0.0028695250113423758,yolo26m
yolo26l,leaf,124,13,cv1,Conv,5b63f45570e24657,"Conv[1024->512,k1,s1]@8x1024x40x40",1,0.0005001919333805579,0.14995712711608541,0.1050908716042953,0.04486625551179012,299.7991712953005,0.009550353837810962,yolo26m
yolo26l,leaf,125,13,op:chunk,op:chunk,0b05ed81109ed06a,"op:chunk[2,1]@8x512x40x40",1,4.6063622544313025e-06,0.00045455098552987235,4.136914053210275e-05,0.0004131818449977696,98.6789489021616,2.8949092534797655e-05,yolo26m
yolo26l,leaf,126,13,m.0.cv1,Conv,c4a18823f9209ad6,"Conv[256->128,k1,s1]@8x256x40x40",1,8.358404957861009e-05,0.02477754867869369,0.017280220003761053,0.0074973286749326394,296.4387201099968,0.001578013407338258,yolo26m
yolo26l,leaf,127,13,m.0.m.0.cv1,Conv,087d65f61eafd323,"Conv[128->128,k3,s1]@8x128x40x40",1,0.00016670465197831186,0.049640684665535194,0.03468759763729543,0.014953087028239762,297.77624125326395,0.003161477633137479,yolo26m
yolo26l,leaf,128,13,m.0.m.0.cv2,Conv,087d65f61eafd323,"Conv[128->128,k3,s1]@8x128x40x40",1,0.00016670465197831186,0.049640684665535194,0.03468759763729543,0.014953087028239762,297.77624125326395,0.003161477633137479,yolo26m
yolo26l,leaf,129,13,op:add,op:add,2f2aaf05378c5de5,op:add[]@8x128x40x40+8x128x40x40,1,3.670948119857311e-05,0.008604984583789567,0.005312214642401194,0.0032927699413883727,234.40768713789504,0.0005480276204576848,yolo26m
yolo26l,leaf,130,13,m.0.m.1.cv1,Conv,087d65f61eafd323,"Conv[128->128,k3,s1]@8x128x40x40",1,0.00016670465197831186,0.049640684665535194,0.03468759763729543,0.014953087028239762,297.77624125326395,0.003161477633137479,yolo26m
yolo26l,leaf,131,13,m.0.m.1.cv2,Conv,087d65f61eafd323,"Conv[128->128,k3,s1]@8x128x40x40",1,0.00016670465197831186,0.049640684665535194,0.03468759763729543,0.014953087028239762,297.77624125326395,0.003161477633137479,yolo26m
yolo26l,leaf,132,13,op:add,op:add,2f2aaf05378c5de5,op:add[]@8x128x40x40+8x128x40x40,1,3.670948119857311e-05,0.008604984583789567,0.005312214642401194,0.0032927699413883727,234.40768713789504,0.0005480276204576848,yolo26m
yolo26l,leaf,133,13,m.0.cv2,Conv,c4a18823f9209ad6,"Conv[256->128,k1,s1]@8x256x40x40",1,8.358404957861009e-05,0.02477754867869369,0.017280220003761053,0.0074973286749326394,296.4387201099968,0.001578013407338258,yolo26m
yolo26l,leaf,134,13,op:cat,op:cat,4a3a32d10523282a,op:cat[1]@8x128x40x40+8x128x40x40,1,4.953792316158104e-05,0.011883032834020028,0.007439576293108706,0.004443456540911322,239.87749335514883,0.0007567974287968568,yolo26m
yolo26l,leaf,135,13,m.0.cv3,Conv,11e62c61d8271a9e,"Conv[256->256,k1,s1]@8x256x40x40",1,0.00015558378626349048,0.04602035552270669,0.032064788784930846,0.013955566737775845,295.79146148795,0.0029309089033392253,yolo26m;yolo26s
yolo26l,leaf,136,13,m.1.cv1,Conv,c4a18823f9209ad6,"Conv[256->128,k1,s1]@8x256x40x40",1,8.358404957861009e-05,0.02477754867869369,0.017280220003761053,0.0074973286749326394,296.4387201099968,0.001578013407338258,yolo26m
yolo26l,leaf,137,13,m.1.m.0.cv1,Conv,087d65f61eafd323,"Conv[128->128,k3,s1]@8x128x40x40",1,0.00016670465197831186,0.049640684665535194,0.03468759763729543,0.014953087028239762,297.77624125326395,0.003161477633137479,yolo26m
yolo26l,leaf,138,13,m.1.m.0.cv2,Conv,087d65f61eafd323,"Conv[128->128,k3,s1]@8x128x40x40",1,0.00016670465197831186,0.049640684665535194,0.03468759763729543,0.014953087028239762,297.77624125326395,0.003161477633137479,yolo26m
yolo26l,leaf,139,13,op:add,op:add,2f2aaf05378c5de5,op:add[]@8x128x40x40+8x128x40x40,1,3.670948119857311e-05,0.008604984583789567,0.005312214642401194,0.0032927699413883727,234.40768713789504,0.0005480276204576848,yolo26m
yolo26l,leaf,140,13,m.1.m.1.cv1,Conv,087d65f61eafd323,"Conv[128->128,k3,s1]@8x128x40x40",1,0.00016670465197831186,0.049640684665535194,0.03468759763729543,0.014953087028239762,297.77624125326395,0.003161477633137479,yolo26m
yolo26l,leaf,141,13,m.1.m.1.cv2,Conv,087d65f61eafd323,"Conv[128->128,k3,s1]@8x128x40x40",1,0.00016670465197831186,0.049640684665535194,0.03468759763729543,0.014953087028239762,297.77624125326395,0.003161477633137479,yolo26m
yolo26l,leaf,142,13,op:add,op:add,2f2aaf05378c5de5,op:add[]@8x128x40x40+8x128x40x40,1,3.670948119857311e-05,0.008604984583789567,0.005312214642401194,0.0032927699413883727,234.40768713789504,0.0005480276204576848,yolo26m
yolo26l,leaf,143,13,m.1.cv2,Conv,c4a18823f9209ad6,"Conv[256->128,k1,s1]@8x256x40x40",1,8.358404957861009e-05,0.02477754867869369,0.017280220003761053,0.0074973286749326394,296.4387201099968,0.001578013407338258,yolo26m
yolo26l,leaf,144,13,op:cat,op:cat,4a3a32d10523282a,op:cat[1]@8x128x40x40+8x128x40x40,1,4.953792316158104e-05,0.011883032834020028,0.007439576293108706,0.004443456540911322,239.87749335514883,0.0007567974287968568,yolo26m
yolo26l,leaf,145,13,m.1.cv3,Conv,11e62c61d8271a9e,"Conv[256->256,k1,s1]@8x256x40x40",1,0.00015558378626349048,0.04602035552270669,0.032064788784930846,0.013955566737775845,295.79146148795,0.0029309089033392253,yolo26m;yolo26s
yolo26l,leaf,146,13,op:cat,op:cat,f7002cbafa778513,op:cat[1]@8x256x40x40+8x256x40x40+8x256x40x40+8x256x40x40,1,0.00018948023628890628,0.046346951911662486,0.029350938724651596,0.01699601318701089,244.6004544822072,0.002951708922229055,
yolo26l,leaf,147,13,cv2,Conv,5b63f45570e24657,"Conv[1024->512,k1,s1]@8x1024x40x40",1,0.0005001919333805579,0.14995712711608541,0.1050908716042953,0.04486625551179012,299.7991712953005,0.009550353837810962,yolo26m
yolo26l,leaf,148,14,,Upsample,89da20597acec760,"Upsample[x2.0,nearest]@8x512x40x40",1,0.00025354011260046277,0.07051246326912354,0.04777040224159048,0.02274206102753306,278.11166661521327,0.0044907433687661185,yolo26m
yolo26l,leaf,149,15,,Concat,d2e1cac532e7f50d,Concat[d=1]@8x512x80x80+8x512x80x80,1,0.0007581050207065536,0.18185290107535984,0.11385233710402323,0.06800056397133661,239.878243921763,0.011581707285960825,yolo26m
yolo26l,leaf,150,16,cv1,Conv,6bee4d6a1abd45d6,"Conv[1024->256,k1,s1]@8x1024x80x80",1,0.0010104454091420818,0.30265110167549525,0.21201608962944518,0.09063501204605008,299.5224669608436,0.019275009904442447,yolo26m
yolo26l,leaf,151,16,op:chunk,op:chunk,bc3aee341641241b,"op:chunk[2,1]@8x256x80x80",1,4.587279492339084e-06,0.0004452492308005174,3.3779072902765045e-05,0.00041147015789775237,97.06171850747248,2.8356689554783896e-05,yolo26m
yolo26l,leaf,152,16,m.0.cv1,Conv,0e9acf54b9174796,"Conv[128->64,k1,s1]@8x128x80x80",1,0.00017375595451283172,0.045757996735503924,0.030172421416086538,0.015585575319417387,263.3463518634392,0.002914199999278229,yolo26m
yolo26l,leaf,153,16,m.0.m.0.cv1,Conv,fd00da5016903e6b,"Conv[64->64,k3,s1]@8x64x80x80",1,0.0002863243064934789,0.08516211126993455,0.05947937103150139,0.025682740238433154,297.43234974664693,0.005423738850193406,yolo26m
yolo26l,leaf,154,16,m.0.m.0.cv2,Conv,fd00da5016903e6b,"Conv[64->64,k3,s1]@8x64x80x80",1,0.0002863243064934789,0.08516211126993455,0.05947937103150139,0.025682740238433154,297.43234974664693,0.005423738850193406,yolo26m
yolo26l,leaf,155,16,op:add,op:add,cec2cea73f8ecdfb,op:add[]@8x64x80x80+8x64x80x80,1,7.199114156400376e-05,0.01721582278476383,0.010758355687751278,0.0064574670970125505,239.13807186205116,0.001096428041571264,yolo26m;yolo26s
yolo26l,leaf,156,16,m.0.m.1.cv1,Conv,fd00da5016903e6b,"Conv[64->64,k3,s1]@8x64x80x80",1,0.0002863243064934789,0.08516211126993455,0.05947937103150139,0.025682740238433154,297.43234974664693,0.005423738850193406,yolo26m
yolo26l,leaf,157,16,m.0.m.1.cv2,Conv,fd00da5016903e6b,"Conv[64->64,k3,s1]@8x64x80x80",1,0.0002863243064934789,0.08516211126993455,0.05947937103150139,0.025682740238433154,297.43234974664693,0.005423738850193406,yolo26m
yolo26l,leaf,158,16,op:add,op:add,cec2cea73f8ecdfb,op:add[]@8x64x80x80+8x64x80x80,1,7.199114156400376e-05,0.01721582278476383,0.010758355687751278,0.0064574670970125505,239.13807186205116,0.001096428041571264,yolo26m;yolo26s
yolo26l,leaf,159,16,m.0.cv2,Conv,0e9acf54b9174796,"Conv[128->64,k1,s1]@8x128x80x80",1,0.00017375595451283172,0.045757996735503924,0.030172421416086538,0.015585575319417387,263.3463518634392,0.002914199999278229,yolo26m
yolo26l,leaf,160,16,op:cat,op:cat,07c4af67a484965b,op:cat[1]@8x64x80x80+8x64x80x80,1,9.649218265601939e-05,0.023328409156691172,0.014673245742367379,0.008655163414323793,241.76475766802332,0.0014857217272984918,yolo26m
yolo26l,leaf,161,16,m.0.cv3,Conv,7581abc56c54a219,"Conv[128->128,k1,s1]@8x128x80x80",1,0.00029307195164363146,0.08373956320677228,0.05745157216118686,0.02628799104558542,285.73039056496816,0.0053331407064721335,yolo26m;yolo26s
yolo26l,leaf,162,16,m.1.cv1,Conv,0e9acf54b9174796,"Conv[128->64,k1,s1]@8x128x80x80",1,0.00017375595451283172,0.045757996735503924,0.030172421416086538,0.015585575319417387,263.3463518634392,0.002914199999278229,yolo26m
yolo26l,leaf,163,16,m.1.m.0.cv1,Conv,fd00da5016903e6b,"Conv[64->64,k3,s1]@8x64x80x80",1,0.0002863243064934789,0.08516211126993455,0.05947937103150139,0.025682740238433154,297.43234974664693,0.005423738850193406,yolo26m
yolo26l,leaf,164,16,m.1.m.0.cv2,Conv,fd00da5016903e6b,"Conv[64->64,k3,s1]@8x64x80x80",1,0.0002863243064934789,0.08516211126993455,0.05947937103150139,0.025682740238433154,297.43234974664693,0.005423738850193406,yolo26m
yolo26l,leaf,165,16,op:add,op:add,cec2cea73f8ecdfb,op:add[]@8x64x80x80+8x64x80x80,1,7.199114156400376e-05,0.01721582278476383,0.010758355687751278,0.0064574670970125505,239.13807186205116,0.001096428041571264,yolo26m;yolo26s
yolo26l,leaf,166,16,m.1.m.1.cv1,Conv,fd00da5016903e6b,"Conv[64->64,k3,s1]@8x64x80x80",1,0.0002863243064934789,0.08516211126993455,0.05947937103150139,0.025682740238433154,297.43234974664693,0.005423738850193406,yolo26m
yolo26l,leaf,167,16,m.1.m.1.cv2,Conv,fd00da5016903e6b,"Conv[64->64,k3,s1]@8x64x80x80",1,0.0002863243064934789,0.08516211126993455,0.05947937103150139,0.025682740238433154,297.43234974664693,0.005423738850193406,yolo26m
yolo26l,leaf,168,16,op:add,op:add,cec2cea73f8ecdfb,op:add[]@8x64x80x80+8x64x80x80,1,7.199114156400376e-05,0.01721582278476383,0.010758355687751278,0.0064574670970125505,239.13807186205116,0.001096428041571264,yolo26m;yolo26s
yolo26l,leaf,169,16,m.1.cv2,Conv,0e9acf54b9174796,"Conv[128->64,k1,s1]@8x128x80x80",1,0.00017375595451283172,0.045757996735503924,0.030172421416086538,0.015585575319417387,263.3463518634392,0.002914199999278229,yolo26m
yolo26l,leaf,170,16,op:cat,op:cat,07c4af67a484965b,op:cat[1]@8x64x80x80+8x64x80x80,1,9.649218265601939e-05,0.023328409156691172,0.014673245742367379,0.008655163414323793,241.76475766802332,0.0014857217272984918,yolo26m
yolo26l,leaf,171,16,m.1.cv3,Conv,7581abc56c54a219,"Conv[128->128,k1,s1]@8x128x80x80",1,0.00029307195164363146,0.08373956320677228,0.05745157216118686,0.02628799104558542,285.73039056496816,0.0053331407064721335,yolo26m;yolo26s
yolo26l,leaf,172,16,op:cat,op:cat,da563f29b3500383,op:cat[1]@8x128x80x80+8x128x80x80+8x128x80x80+8x128x80x80,1,0.0003783143483675443,0.0925098793359184,0.05857580906229656,0.03393407027362183,244.53177558584727,0.005891697834857006,
yolo26l,leaf,173,16,cv2,Conv,dfc05b6f3e556920,"Conv[512->256,k1,s1]@8x512x80x80",1,0.0007375211690431628,0.21989534883673556,0.153741116816226,0.06615423202050957,298.1546266963713,0.014004525353796466,
yolo26l,leaf,174,17,,Conv,634500bb0efebbd0,"Conv[256->256,k3,s2]@8x256x80x80",1,0.000687652481488945,0.20383856749321147,0.14215746094420542,0.061681106549006055,296.4267169542505,0.012981913449473262,yolo26m;yolo26s
yolo26l,leaf,175,18,,Concat,83ca0a492b02a8b9,Concat[d=1]@8x256x40x40+8x512x40x40,1,0.00014356583372243114,0.034169620833917023,0.0212920413515364,0.012877579482380625,238.0066339459307,0.0021761684539016502,yolo26m
yolo26l,leaf,176,19,cv1,Conv,8e49cb70137f957c,"Conv[768->512,k1,s1]@8x768x40x40",1,0.0004307149744861825,0.12744569288332688,0.08881138711304842,0.03863430577027845,295.8933411483129,0.008116662979269613,yolo26m
yolo26l,leaf,177,19,op:chunk,op:chunk,0b05ed81109ed06a,"op:chunk[2,1]@8x512x40x40",1,4.6063622544313025e-06,0.00045455098552987235,4.136914053210275e-05,0.0004131818449977696,98.6789489021616,2.8949092534797655e-05,yolo26m
yolo26l,leaf,178,19,m.0.cv1,Conv,c4a18823f9209ad6,"Conv[256->128,k1,s1]@8x256x40x40",1,8.358404957861009e-05,0.02477754867869369,0.017280220003761053,0.0074973286749326394,296.4387201099968,0.001578013407338258,yolo26m
yolo26l,leaf,179,19,m.0.m.0.cv1,Conv,087d65f61eafd323,"Conv[128->128,k3,s1]@8x128x40x40",1,0.00016670465197831186,0.049640684665535194,0.03468759763729543,0.014953087028239762,297.77624125326395,0.003161477633137479,yolo26m
yolo26l,leaf,180,19,m.0.m.0.cv2,Conv,087d65f61eafd323,"Conv[128->128,k3,s1]@8x128x40x40",1,0.00016670465197831186,0.049640684665535194,0.03468759763729543,0.014953087028239762,297.77624125326395,0.003161477633137479,yolo26m
yolo26l,leaf,181,19,op:add,op:add,2f2aaf05378c5de5,op:add[]@8x128x40x40+8x128x40x40,1,3.670948119857311e-05,0.008604984583789567,0.005312214642401194,0.0032927699413883727,234.40768713789504,0.0005480276204576848,yolo26m
yolo26l,leaf,182,19,m.0.m.1.cv1,Conv,087d65f61eafd323,"Conv[128->128,k3,s1]@8x128x40x40",1,0.00016670465197831186,0.049640684665535194,0.03468759763729543,0.014953087028239762,297.77624125326395,0.003161477633137479,yolo26m
yolo26l,leaf,183,19,m.0.m.1.cv2,Conv,087d65f61eafd323,"Conv[128->128,k3,s1]@8x128x40x40",1,0.00016670465197831186,0.049640684665535194,0.03468759763729543,0.014953087028239762,297.77624125326395,0.003161477633137479,yolo26m
yolo26l,leaf,184,19,op:add,op:add,2f2aaf05378c5de5,op:add[]@8x128x40x40+8x128x40x40,1,3.670948119857311e-05,0.008604984583789567,0.005312214642401194,0.0032927699413883727,234.40768713789504,0.0005480276204576848,yolo26m
yolo26l,leaf,185,19,m.0.cv2,Conv,c4a18823f9209ad6,"Conv[256->128,k1,s1]@8x256x40x40",1,8.358404957861009e-05,0.02477754867869369,0.017280220003761053,0.0074973286749326394,296.4387201099968,0.001578013407338258,yolo26m
yolo26l,leaf,186,19,op:cat,op:cat,4a3a32d10523282a,op:cat[1]@8x128x40x40+8x128x40x40,1,4.953792316158104e-05,0.011883032834020028,0.007439576293108706,0.004443456540911322,239.87749335514883,0.0007567974287968568,yolo26m
yolo26l,leaf,187,19,m.0.cv3,Conv,11e62c61d8271a9e,"Conv[256->256,k1,s1]@8x256x40x40",1,0.00015558378626349048,0.04602035552270669,0.032064788784930846,0.013955566737775845,295.79146148795,0.0029309089033392253,yolo26m;yolo26s
yolo26l,leaf,188,19,m.1.cv1,Conv,c4a18823f9209ad6,"Conv[256->128,k1,s1]@8x256x40x40",1,8.358404957861009e-05,0.02477754867869369,0.017280220003761053,0.0074973286749326394,296.4387201099968,0.001578013407338258,yolo26m
yolo26l,leaf,189,19,m.1.m.0.cv1,Conv,087d65f61eafd323,"Conv[128->128,k3,s1]@8x128x40x40",1,0.00016670465197831186,0.049640684665535194,0.03468759763729543,0.014953087028239762,297.77624125326395,0.003161477633137479,yolo26m
yolo26l,leaf,190,19,m.1.m.0.cv2,Conv,087d65f61eafd323,"Conv[128->128,k3,s1]@8x128x40x40",1,0.00016670465197831186,0.049640684665535194,0.03468759763729543,0.014953087028239762,297.77624125326395,0.003161477633137479,yolo26m
yolo26l,leaf,191,19,op:add,op:add,2f2aaf05378c5de5,op:add[]@8x128x40x40+8x128x40x40,1,3.670948119857311e-05,0.008604984583789567,0.005312214642401194,0.0032927699413883727,234.40768713789504,0.0005480276204576848,yolo26m
yolo26l,leaf,192,19,m.1.m.1.cv1,Conv,087d65f61eafd323,"Conv[128->128,k3,s1]@8x128x40x40",1,0.00016670465197831186,0.049640684665535194,0.03468759763729543,0.014953087028239762,297.77624125326395,0.003161477633137479,yolo26m
yolo26l,leaf,193,19,m.1.m.1.cv2,Conv,087d65f61eafd323,"Conv[128->128,k3,s1]@8x128x40x40",1,0.00016670465197831186,0.049640684665535194,0.03468759763729543,0.014953087028239762,297.77624125326395,0.003161477633137479,yolo26m
yolo26l,leaf,194,19,op:add,op:add,2f2aaf05378c5de5,op:add[]@8x128x40x40+8x128x40x40,1,3.670948119857311e-05,0.008604984583789567,0.005312214642401194,0.0032927699413883727,234.40768713789504,0.0005480276204576848,yolo26m
yolo26l,leaf,195,19,m.1.cv2,Conv,c4a18823f9209ad6,"Conv[256->128,k1,s1]@8x256x40x40",1,8.358404957861009e-05,0.02477754867869369,0.017280220003761053,0.0074973286749326394,296.4387201099968,0.001578013407338258,yolo26m
yolo26l,leaf,196,19,op:cat,op:cat,4a3a32d10523282a,op:cat[1]@8x128x40x40+8x128x40x40,1,4.953792316158104e-05,0.011883032834020028,0.007439576293108706,0.004443456540911322,239.87749335514883,0.0007567974287968568,yolo26m
yolo26l,leaf,197,19,m.1.cv3,Conv,11e62c61d8271a9e,"Conv[256->256,k1,s1]@8x256x40x40",1,0.00015558378626349048,0.04602035552270669,0.032064788784930846,0.013955566737775845,295.79146148795,0.0029309089033392253,yolo26m;yolo26s
yolo26l,leaf,198,19,op:cat,op:cat,f7002cbafa778513,op:cat[1]@8x256x40x40+8x256x40x40+8x256x40x40+8x256x40x40,1,0.00018948023628890628,0.046346951911662486,0.029350938724651596,0.01699601318701089,244.6004544822072,0.002951708922229055,
yolo26l,leaf,199,19,cv2,Conv,5b63f45570e24657,"Conv[1024->512,k1,s1]@8x1024x40x40",1,0.0005001919333805579,0.14995712711608541,0.1050908716042953,0.04486625551179012,299.7991712953005,0.009550353837810962,yolo26m
yolo26l,leaf,200,20,,Conv,51c5320ffd1d0cd3,"Conv[512->512,k3,s2]@8x512x40x40",1,0.0005742520494293518,0.1713457342978528,0.11983642865244537,0.05150930564540743,298.3807101221897,0.010912534953255337,yolo26m
yolo26l,leaf,201,21,,Concat,55469bff886f0757,Concat[d=1]@8x512x20x20+8x512x20x20,1,4.954275475379714e-05,0.011755933243008025,0.007312043317556829,0.004443889925451196,237.2886469763171,0.0007487028080865919,yolo26m
yolo26l,leaf,202,22,cv1,Conv,b5bc2b79e089be51,"Conv[1024->512,k1,s1]@8x1024x20x20",1,0.00015428578748899222,0.045849416435890834,0.032010277694618325,0.013839138741272506,297.1720025680398,0.002920022266637124,yolo26m;yolo26s
yolo26l,leaf,203,22,op:chunk,op:chunk,2c40623f6a4754b9,"op:chunk[2,1]@8x512x20x20",1,4.616885220594162e-06,0.00045846119454582185,4.433545969878197e-05,0.0004141257348470399,99.30097298083165,2.9198122910347645e-05,yolo26m;yolo26s
yolo26l,leaf,204,22,m.0.0.cv1,Conv,44fc1ce70d1c2a9d,"Conv[256->128,k3,s1]@8x256x20x20",1,0.00011939114117171842,0.0257856699752373,0.015076513972957133,0.010709156002280168,215.97640932295113,0.0016422178588277228,yolo26m;yolo26s
yolo26l,leaf,205,22,m.0.0.cv2,Conv,fde98d0c407e8e25,"Conv[128->256,k3,s1]@8x128x20x20",1,7.552483423975149e-05,0.02176220026502395,0.01498776772352948,0.006774432541494469,288.14628306154833,0.0013859742235485134,yolo26m;yolo26s
yolo26l,leaf,206,22,op:add,op:add,92d96cfa8127ba1e,op:add[]@8x256x20x20+8x256x20x20,1,1.743045051140207e-05,0.003984004596119613,0.002420526670666577,0.0015634779254530362,228.5657845454706,0.0002537302115354149,yolo26m;yolo26n;yolo26s
yolo26l,leaf,207,22,m.0.1.attn,Attention,db16302334894c72,"Attention[256->256,p=199936]@8x256x20x20",1,0.0003179189292554547,0.09550887761553709,0.06699216041138799,0.0285167172041491,300.41897108552996,0.0060826957239214765,yolo26m;yolo26s
yolo26l,leaf,208,22,op:add,op:add,92d96cfa8127ba1e,op:add[]@8x256x20x20+8x256x20x20,1,1.743045051140207e-05,0.003984004596119613,0.002420526670666577,0.0015634779254530362,228.5657845454706,0.0002537302115354149,yolo26m;yolo26n;yolo26s
yolo26l,leaf,209,22,m.0.1.ffn.0,Conv,e8ea82be572f7311,"Conv[256->512,k1,s1]@8x256x20x20",1,7.776963400040234e-05,0.022992767673103306,0.016016980905535105,0.006975786767568202,295.65225513320985,0.0014643456513989417,yolo26m;yolo26s
yolo26l,leaf,210,22,m.0.1.ffn.1,Conv,0b8f608ca57b30e6,"Conv[512->256,k1,s1]@8x512x20x20",1,4.3998140006965326e-05,0.01305910879464484,0.009112560160294651,0.003946548634350188,296.81047409225613,0.0008316984473754232,yolo26m;yolo26s
yolo26l,leaf,211,22,op:add,op:add,92d96cfa8127ba1e,op:add[]@8x256x20x20+8x256x20x20,1,1.743045051140207e-05,0.003984004596119613,0.002420526670666577,0.0015634779254530362,228.5657845454706,0.0002537302115354149,yolo26m;yolo26n;yolo26s
yolo26l,leaf,212,22,op:cat,op:cat,f5703a252a2f0d1d,op:cat[1]@8x256x20x20+8x256x20x20+8x256x20x20,1,3.790938919381936e-05,0.00889180193625459,0.00549140255282082,0.0034003993834337705,234.55408080550885,0.0005662942227562513,yolo26m;yolo26s
yolo26l,leaf,213,22,cv2,Conv,db03e6ad10d04d30,"Conv[768->512,k1,s1]@8x768x20x20",1,0.00013002656888439805,0.03907846945485428,0.02741533601833345,0.011663133436520824,300.54218757089205,0.002488799418283285,yolo26m;yolo26s
yolo26l,leaf,214,23,,Detect,3c3af01ca27760d5,"Detect[nc=80,e2e]@8x256x80x80+8x512x40x40+8x512x20x20",1,0.005269565199597206,1.5751119324152674,1.102442057306971,0.4726698751082962,298.90738092312915,0.10031451374151051,yolo26m
yolo26x,leaf,0,0,,Conv,d8e22a8f1f26a72b,"Conv[3->96,k3,s2]@8x3x640x640",1,0.003074270585623894,0.9128686310580495,0.6371124654702269,0.2757561655878226,296.9382836133116,0.03471627703215915,
yolo26x,leaf,1,1,,Conv,a1a3a635bc10136d,"Conv[96->192,k3,s2]@8x96x320x320",1,0.0038651146755868068,1.151296439635403,0.8046030784585635,0.3466933611768396,297.86863683691655,0.04378365603186065,
yolo26x,leaf,2,2,cv1,Conv,80ef528cf0ecd9e9,"Conv[192->192,k1,s1]@8x192x160x160",1,0.0017333639341115868,0.5176155178355725,0.36213610288946363,0.1554794149461088,298.6190653037151,0.019684851797894184,
yolo26x,leaf,3,2,op:chunk,op:chunk,7c1a7b4e5dbbe172,"op:chunk[2,1]@8x192x160x160",1,4.6026345480194396e-06,0.00044741271138045753,3.4565234486582026e-05,0.0004128474768938755,97.20795920523035,1.7015048066654087e-05,
yolo26x,leaf,4,2,m.0.cv1,Conv,bf7d979124e5aa3c,"Conv[96->48,k1,s1]@8x96x160x160",1,0.0005166112774798434,0.1557526272408205,0.10941358810632038,0.04633903913450013,301.48901897887333,0.005923252450368294,
yolo26x,leaf,5,2,m.0.m.0.cv1,Conv,bd663d910a45bf20,"Conv[48->48,k3,s1]@8x48x160x160",1,0.0008075808986302478,0.2414565112165853,0.16901805604298148,0.07243845517360381,298.9873975797644,0.009182560172867386,
yolo26x,leaf,6,2,m.0.m.0.cv2,Conv,bd663d910a45bf20,"Conv[48->48,k3,s1]@8x48x160x160",1,0.0008075808986302478,0.2414565112165853,0.16901805604298148,0.07243845517360381,298.9873975797644,0.009182560172867386,
yolo26x,leaf,7,2,op:add,op:add,690a657dae53f7d6,op:add[]@8x48x160x160+8x48x160x160,1,0.00021246688228560367,0.050798564816497145,0.031740693642939646,0.0190578711735575,239.08933133500003,0.0019318629088630212,
yolo26x,leaf,8,2,m.0.m.1.cv1,Conv,bd663d910a45bf20,"Conv[48->48,k3,s1]@8x48x160x160",1,0.0008075808986302478,0.2414565112165853,0.16901805604298148,0.07243845517360381,298.9873975797644,0.009182560172867386,
yolo26x,leaf,9,2,m.0.m.1.cv2,Conv,bd663d910a45bf20,"Conv[48->48,k3,s1]@8x48x160x160",1,0.0008075808986302478,0.2414565112165853,0.16901805604298148,0.07243845517360381,298.9873975797644,0.009182560172867386,
yolo26x,leaf,10,2,op:add,op:add,690a657dae53f7d6,op:add[]@8x48x160x160+8x48x160x160,1,0.00021246688228560367,0.050798564816497145,0.031740693642939646,0.0190578711735575,239.08933133500003,0.0019318629088630212,
yolo26x,leaf,11,2,m.0.cv2,Conv,bf7d979124e5aa3c,"Conv[96->48,k1,s1]@8x96x160x160",1,0.0005166112774798434,0.1557526272408205,0.10941358810632038,0.04633903913450013,301.48901897887333,0.005923252450368294,
yolo26x,leaf,12,2,op:cat,op:cat,d27ff23a40301baf,op:cat[1]@8x48x160x160+8x48x160x160,1,0.00028450198408850816,0.06910649306304568,0.0435872116434977,0.02551928141954798,242.90337828205358,0.0026281110734597234,
yolo26x,leaf,13,2,m.0.cv3,Conv,70b86408da7b4cc6,"Conv[96->96,k1,s1]@8x96x160x160",1,0.0008511896096112919,0.24771287634038544,0.17136280356792935,0.07635007277245609,291.0196195340156,0.009420488936615621,
yolo26x,leaf,14,2,m.1.cv1,Conv,bf7d979124e5aa3c,"Conv[96->48,k1,s1]@8x96x160x160",1,0.0005166112774798434,0.1557526272408205,0.10941358810632038,0.04633903913450013,301.48901897887333,0.005923252450368294,
yolo26x,leaf,15,2,m.1.m.0.cv1,Conv,bd663d910a45bf20,"Conv[48->48,k3,s1]@8x48x160x160",1,0.0008075808986302478,0.2414565112165853,0.16901805604298148,0.07243845517360381,298.9873975797644,0.009182560172867386,
yolo26x,leaf,16,2,m.1.m.0.cv2,Conv,bd663d910a45bf20,"Conv[48->48,k3,s1]@8x48x160x160",1,0.0008075808986302478,0.2414565112165853,0.16901805604298148,0.07243845517360381,298.9873975797644,0.009182560172867386,
yolo26x,leaf,17,2,op:add,op:add,690a657dae53f7d6,op:add[]@8x48x160x160+8x48x160x160,1,0.00021246688228560367,0.050798564816497145,0.031740693642939646,0.0190578711735575,239.08933133500003,0.0019318629088630212,
yolo26x,leaf,18,2,m.1.m.1.cv1,Conv,bd663d910a45bf20,"Conv[48->48,k3,s1]@8x48x160x160",1,0.0008075808986302478,0.2414565112165853,0.16901805604298148,0.07243845517360381,298.9873975797644,0.009182560172867386,
yolo26x,leaf,19,2,m.1.m.1.cv2,Conv,bd663d910a45bf20,"Conv[48->48,k3,s1]@8x48x160x160",1,0.0008075808986302478,0.2414565112165853,0.16901805604298148,0.07243845517360381,298.9873975797644,0.009182560172867386,
yolo26x,leaf,20,2,op:add,op:add,690a657dae53f7d6,op:add[]@8x48x160x160+8x48x160x160,1,0.00021246688228560367,0.050798564816497145,0.031740693642939646,0.0190578711735575,239.08933133500003,0.0019318629088630212,
yolo26x,leaf,21,2,m.1.cv2,Conv,bf7d979124e5aa3c,"Conv[96->48,k1,s1]@8x96x160x160",1,0.0005166112774798434,0.1557526272408205,0.10941358810632038,0.04633903913450013,301.48901897887333,0.005923252450368294,
yolo26x,leaf,22,2,op:cat,op:cat,d27ff23a40301baf,op:cat[1]@8x48x160x160+8x48x160x160,1,0.00028450198408850816,0.06910649306304568,0.0435872116434977,0.02551928141954798,242.90337828205358,0.0026281110734597234,
yolo26x,leaf,23,2,m.1.cv3,Conv,70b86408da7b4cc6,"Conv[96->96,k1,s1]@8x96x160x160",1,0.0008511896096112919,0.24771287634038544,0.17136280356792935,0.07635007277245609,291.0196195340156,0.009420488936615621,
yolo26x,leaf,24,2,op:cat,op:cat,8352f001b10997eb,op:cat[1]@8x96x160x160+8x96x160x160+8x96x160x160+8x96x160x160,1,0.0011327229996729135,0.28053168854653,0.1789286115358089,0.10160307701072108,247.6613334659371,0.010668584158262545,
yolo26x,leaf,25,2,cv2,Conv,1ed471f307cc3379,"Conv[384->384,k1,s1]@8x384x160x160",1,0.003762692616398173,1.1220676691796547,0.7845613699503031,0.33750629922935166,298.2086988157302,0.04267208963782753,
yolo26x,leaf,26,3,,Conv,875f26d0ac4825ea,"Conv[384->384,k3,s2]@8x384x160x160",1,0.004097557811705742,1.224642857138453,0.8570997931953366,0.3675430639431163,298.87140423984783,0.04657301088832123,
yolo26x,leaf,27,4,cv1,Conv,59b025970cff30a3,"Conv[384->384,k1,s1]@8x384x80x80",1,0.0009625867020634158,0.28788048498693847,0.20153830702508319,0.0863421779618553,299.0696675632786,0.01094805794495896,
yolo26x,leaf,28,4,op:chunk,op:chunk,56ca63c6628f8146,"op:chunk[2,1]@8x384x80x80",1,4.602443523514906e-06,0.0004519729226641429,3.914258030134933e-05,0.0004128303423627936,98.20281777601679,1.7188472317267354e-05,
yolo26x,leaf,29,4,m.0.cv1,Conv,5d60a3dec5546382,"Conv[192->96,k1,s1]@8x192x80x80",1,0.0002569965570843906,0.07521194703880796,0.052159849581198695,0.023052097457609267,292.6574110255898,0.0028603007055911203,
yolo26x,leaf,30,4,m.0.m.0.cv1,Conv,e43110717192bb87,"Conv[96->96,k3,s1]@8x96x80x80",1,0.00043517796671817944,0.1299765604655769,0.0909419328658867,0.03903462759969021,298.67449734593185,0.004942991934754316,
yolo26x,leaf,31,4,m.0.m.0.cv2,Conv,e43110717192bb87,"Conv[96->96,k3,s1]@8x96x80x80",1,0.00043517796671817944,0.1299765604655769,0.0909419328658867,0.03903462759969021,298.67449734593185,0.004942991934754316,
yolo26x,leaf,32,4,op:add,op:add,e2333fa709ec29b3,op:add[]@8x96x80x80+8x96x80x80,1,0.0001071337461701312,0.02544144163446324,0.015831750416297738,0.009609691218165503,237.47364900375615,0.0009675347644006937,
yolo26x,leaf,33,4,m.0.m.1.cv1,Conv,e43110717192bb87,"Conv[96->96,k3,s1]@8x96x80x80",1,0.00043517796671817944,0.1299765604655769,0.0909419328658867,0.03903462759969021,298.67449734593185,0.004942991934754316,
yolo26x,leaf,34,4,m.0.m.1.cv2,Conv,e43110717192bb87,"Conv[96->96,k3,s1]@8x96x80x80",1,0.00043517796671817944,0.1299765604655769,0.0909419328658867,0.03903462759969021,298.67449734593185,0.004942991934754316,
yolo26x,leaf,35,4,op:add,op:add,e2333fa709ec29b3,op:add[]@8x96x80x80+8x96x80x80,1,0.0001071337461701312,0.02544144163446324,0.015831750416297738,0.009609691218165503,237.47364900375615,0.0009675347644006937,
yolo26x,leaf,36,4,m.0.cv2,Conv,5d60a3dec5546382,"Conv[192->96,k1,s1]@8x192x80x80",1,0.0002569965570843906,0.07521194703880796,0.052159849581198695,0.023052097457609267,292.6574110255898,0.0028603007055911203,
yolo26x,leaf,37,4,op:cat,op:cat,16d0927d446727d1,op:cat[1]@8x96x80x80+8x96x80x80,1,0.0001432806533235201,0.03471782688330411,0.021865827534849322,0.01285199934845479,242.30645295086074,0.0013203145064130091,
yolo26x,leaf,38,4,m.0.cv3,Conv,16cc881448c7e099,"Conv[192->192,k1,s1]@8x192x80x80",1,0.0004479354334116494,0.13324203650729094,0.09306308865340562,0.04017894785388531,297.4581302766519,0.00506717757006816,
yolo26x,leaf,39,4,m.1.cv1,Conv,5d60a3dec5546382,"Conv[192->96,k1,s1]@8x192x80x80",1,0.0002569965570843906,0.07521194703880796,0.052159849581198695,0.023052097457609267,292.6574110255898,0.0028603007055911203,
yolo26x,leaf,40,4,m.1.m.0.cv1,Conv,e43110717192bb87,"Conv[96->96,k3,s1]@8x96x80x80",1,0.00043517796671817944,0.1299765604655769,0.0909419328658867,0.03903462759969021,298.67449734593185,0.004942991934754316,
yolo26x,leaf,41,4,m.1.m.0.cv2,Conv,e43110717192bb87,"Conv[96->96,k3,s1]@8x96x80x80",1,0.00043517796671817944,0.1299765604655769,0.0909419328658867,0.03903462759969021,298.67449734593185,0.004942991934754316,
yolo26x,leaf,42,4,op:add,op:add,e2333fa709ec29b3,op:add[]@8x96x80x80+8x96x80x80,1,0.0001071337461701312,0.02544144163446324,0.015831750416297738,0.009609691218165503,237.47364900375615,0.0009675347644006937,
yolo26x,leaf,43,4,m.1.m.1.cv1,Conv,e43110717192bb87,"Conv[96->96,k3,s1]@8x96x80x80",1,0.00043517796671817944,0.1299765604655769,0.0909419328658867,0.03903462759969021,298.67449734593185,0.004942991934754316,
yolo26x,leaf,44,4,m.1.m.1.cv2,Conv,e43110717192bb87,"Conv[96->96,k3,s1]@8x96x80x80",1,0.00043517796671817944,0.1299765604655769,0.0909419328658867,0.03903462759969021,298.67449734593185,0.004942991934754316,
yolo26x,leaf,45,4,op:add,op:add,e2333fa709ec29b3,op:add[]@8x96x80x80+8x96x80x80,1,0.0001071337461701312,0.02544144163446324,0.015831750416297738,0.009609691218165503,237.47364900375615,0.0009675347644006937,
yolo26x,leaf,46,4,m.1.cv2,Conv,5d60a3dec5546382,"Conv[192->96,k1,s1]@8x192x80x80",1,0.0002569965570843906,0.07521194703880796,0.052159849581198695,0.023052097457609267,292.6574110255898,0.0028603007055911203,
yolo26x,leaf,47,4,op:cat,op:cat,16d0927d446727d1,op:cat[1]@8x96x80x80+8x96x80x80,1,0.0001432806533235201,0.03471782688330411,0.021865827534849322,0.01285199934845479,242.30645295086074,0.0013203145064130091,
yolo26x,leaf,48,4,m.1.cv3,Conv,16cc881448c7e099,"Conv[192->192,k1,s1]@8x192x80x80",1,0.0004479354334116494,0.13324203650729094,0.09306308865340562,0.04017894785388531,297.4581302766519,0.00506717757006816,
yolo26x,leaf,49,4,op:cat,op:cat,a7408b09af525f9a,op:cat[1]@8x192x80x80+8x192x80x80+8x192x80x80+8x192x80x80,1,0.0005663865558427812,0.13745421618644843,0.08665043020545538,0.05080378598099306,242.68622686835678,0.005227366223370197,
yolo26x,leaf,50,4,cv2,Conv,f4fabadc6486ec04,"Conv[768->768,k1,s1]@8x768x80x80",1,0.0024651094897298817,0.7502365961663546,0.5291210106284885,0.2211155855378662,304.34209891770894,0.028531401590596493,
yolo26x,leaf,51,5,,Conv,5b43d6f33e1b7d66,"Conv[768->768,k3,s2]@8x768x80x80",1,0.003360427139425887,1.0058197713511536,0.7043959126190565,0.3014238587320971,299.3130723027648,0.03825119698348925,
yolo26x,leaf,52,6,cv1,Conv,0fe8156a5a5b9225,"Conv[768->768,k1,s1]@8x768x40x40",1,0.0006134451204022431,0.18253284223318247,0.1275079934148235,0.05502484881835899,297.553662361017,0.006941700593972541,
yolo26x,leaf,53,6,op:chunk,op:chunk,873551c6915c4829,"op:chunk[2,1]@8x768x40x40",1,4.6227878808646674e-06,0.0004633728845803878,4.8717692446610184e-05,0.00041465519213377763,100.23667460461466,1.762201140775151e-05,
yolo26x,leaf,54,6,m.0.cv1,Conv,0ce8afac5d1cb14f,"Conv[384->192,k1,s1]@8x384x40x40",1,0.00013248970444464786,0.039861429552563624,0.027977357588187205,0.011884071964376419,300.86435560898326,0.0015159250566434415,
yolo26x,leaf,55,6,m.0.m.0.cv1,Conv,b72d49766820946c,"Conv[192->192,k3,s1]@8x192x40x40",1,0.00033730233959878734,0.09983676767710484,0.06958139580238515,0.030255371874719685,295.9859922580382,0.0037967794781780407,
yolo26x,leaf,56,6,m.0.m.0.cv2,Conv,b72d49766820946c,"Conv[192->192,k3,s1]@8x192x40x40",1,0.00033730233959878734,0.09983676767710484,0.06958139580238515,0.030255371874719685,295.9859922580382,0.0037967794781780407,
yolo26x,leaf,57,6,op:add,op:add,5c2cd1ee74aa08cd,op:add[]@8x192x40x40+8x192x40x40,1,5.440890508856946e-05,0.012818897980450805,0.007938523718270871,0.004880374262179934,235.60293962143845,0.00048750104713371007,
yolo26x,leaf,58,6,m.0.m.1.cv1,Conv,b72d49766820946c,"Conv[192->192,k3,s1]@8x192x40x40",1,0.00033730233959878734,0.09983676767710484,0.06958139580238515,0.030255371874719685,295.9859922580382,0.0037967794781780407,
yolo26x,leaf,59,6,m.0.m.1.cv2,Conv,b72d49766820946c,"Conv[192->192,k3,s1]@8x192x40x40",1,0.00033730233959878734,0.09983676767710484,0.06958139580238515,0.030255371874719685,295.9859922580382,0.0037967794781780407,
yolo26x,leaf,60,6,op:add,op:add,5c2cd1ee74aa08cd,op:add[]@8x192x40x40+8x192x40x40,1,5.440890508856946e-05,0.012818897980450805,0.007938523718270871,0.004880374262179934,235.60293962143845,0.00048750104713371007,
yolo26x,leaf,61,6,m.0.cv2,Conv,0ce8afac5d1cb14f,"Conv[384->192,k1,s1]@8x384x40x40",1,0.00013248970444464786,0.039861429552563624,0.027977357588187205,0.011884071964376419,300.86435560898326,0.0015159250566434415,
yolo26x,leaf,62,6,op:cat,op:cat,5d1f8ed3b6f42a7b,op:cat[1]@8x192x40x40+8x192x40x40,1,7.298480505550583e-05,0.017470009043944475,0.010923412240658653,0.006546596803285822,239.36501619286813,0.0006643822047220013,
yolo26x,leaf,63,6,m.0.cv3,Conv,a086da0f4115858c,"Conv[384->384,k1,s1]@8x384x40x40",1,0.0002400249338015845,0.07125745218711083,0.049727676733996765,0.02152977545311406,296.87520816489615,0.0027099117732486367,
yolo26x,leaf,64,6,m.1.cv1,Conv,0ce8afac5d1cb14f,"Conv[384->192,k1,s1]@8x384x40x40",1,0.00013248970444464786,0.039861429552563624,0.027977357588187205,0.011884071964376419,300.86435560898326,0.0015159250566434415,
yolo26x,leaf,65,6,m.1.m.0.cv1,Conv,b72d49766820946c,"Conv[192->192,k3,s1]@8x192x40x40",1,0.00033730233959878734,0.09983676767710484,0.06958139580238515,0.030255371874719685,295.9859922580382,0.0037967794781780407,
yolo26x,leaf,66,6,m.1.m.0.cv2,Conv,b72d49766820946c,"Conv[192->192,k3,s1]@8x192x40x40",1,0.00033730233959878734,0.09983676767710484,0.06958139580238515,0.030255371874719685,295.9859922580382,0.0037967794781780407,
yolo26x,leaf,67,6,op:add,op:add,5c2cd1ee74aa08cd,op:add[]@8x192x40x40+8x192x40x40,1,5.440890508856946e-05,0.012818897980450805,0.007938523718270871,0.004880374262179934,235.60293962143845,0.00048750104713371007,
yolo26x,leaf,68,6,m.1.m.1.cv1,Conv,b72d49766820946c,"Conv[192->192,k3,s1]@8x192x40x40",1,0.00033730233959878734,0.09983676767710484,0.06958139580238515,0.030255371874719685,295.9859922580382,0.0037967794781780407,
yolo26x,leaf,69,6,m.1.m.1.cv2,Conv,b72d49766820946c,"Conv[192->192,k3,s1]@8x192x40x40",1,0.00033730233959878734,0.09983676767710484,0.06958139580238515,0.030255371874719685,295.9859922580382,0.0037967794781780407,
yolo26x,leaf,70,6,op:add,op:add,5c2cd1ee74aa08cd,op:add[]@8x192x40x40+8x192x40x40,1,5.440890508856946e-05,0.012818897980450805,0.007938523718270871,0.004880374262179934,235.60293962143845,0.00048750104713371007,
yolo26x,leaf,71,6,m.1.cv2,Conv,0ce8afac5d1cb14f,"Conv[384->192,k1,s1]@8x384x40x40",1,0.00013248970444464786,0.039861429552563624,0.027977357588187205,0.011884071964376419,300.86435560898326,0.0015159250566434415,
yolo26x,leaf,72,6,op:cat,op:cat,5d1f8ed3b6f42a7b,op:cat[1]@8x192x40x40+8x192x40x40,1,7.298480505550583e-05,0.017470009043944475,0.010923412240658653,0.006546596803285822,239.36501619286813,0.0006643822047220013,
yolo26x,leaf,73,6,m.1.cv3,Conv,a086da0f4115858c,"Conv[384->384,k1,s1]@8x384x40x40",1,0.0002400249338015845,0.07125745218711083,0.049727676733996765,0.02152977545311406,296.87520816489615,0.0027099117732486367,
yolo26x,leaf,74,6,op:cat,op:cat,e686b75002fcb71f,op:cat[1]@8x384x40x40+8x384x40x40+8x384x40x40+8x384x40x40,1,0.0002831784599484217,0.06917150455467407,0.04377094070788622,0.025400563846787842,244.26824189690487,0.0026305834521534997,
yolo26x,leaf,75,6,cv2,Conv,dfa5583b27981368,"Conv[1536->768,k1,s1]@8x1536x40x40",1,0.0009199309721247005,0.2749168044087863,0.1924007634770463,0.08251604093174,298.84503592028227,0.010455050834192183,
yolo26x,leaf,76,7,,Conv,7d8eae6ea0331061,"Conv[768->768,k3,s2]@8x768x40x40",1,0.0008856470613287895,0.2653766233786169,0.18593578338287933,0.07944083999573756,299.6415106718204,0.01009223897242798,
yolo26x,leaf,77,8,cv1,Conv,3357c496fd644939,"Conv[768->768,k1,s1]@8x768x20x20",1,0.00018606581801291206,0.05542737741471666,0.03873763098766635,0.01668974642705031,297.8912408880511,0.0021078960586750433,
yolo26x,leaf,78,8,op:chunk,op:chunk,6850cb550b65db8b,"op:chunk[2,1]@8x768x20x20",1,4.611996975321865e-06,0.00044372837838540033,3.004110974853889e-05,0.00041368726863686144,96.21176699805471,1.687493335509161e-05,
yolo26x,leaf,79,8,m.0.cv1,Conv,81d7ab74644f6bb0,"Conv[384->192,k1,s1]@8x384x20x20",1,4.225074876062941e-05,0.0108706081545798,0.00708079715813455,0.0037898109964452508,257.28794100589715,0.00041340783477797317,
yolo26x,leaf,80,8,m.0.m.0.cv1,Conv,dd14200a1f7381d8,"Conv[192->192,k3,s1]@8x192x20x20",1,9.860236934928793e-05,0.026544776709591076,0.01770033360273427,0.008844443106856807,269.2103332279892,0.0010094944558877816,
yolo26x,leaf,81,8,m.0.m.0.cv2,Conv,dd14200a1f7381d8,"Conv[192->192,k3,s1]@8x192x20x20",1,9.860236934928793e-05,0.026544776709591076,0.01770033360273427,0.008844443106856807,269.2103332279892,0.0010094944558877816,
yolo26x,leaf,82,8,op:add,op:add,b3a4ee69110a3cdc,op:add[]@8x192x20x20+8x192x20x20,1,1.2738233782355822e-05,0.0027835229169817723,0.0016409278179655125,0.0011425950990162598,218.51717942540262,0.0001058570197546398,
yolo26x,leaf,83,8,m.0.m.1.cv1,Conv,dd14200a1f7381d8,"Conv[192->192,k3,s1]@8x192x20x20",1,9.860236934928793e-05,0.026544776709591076,0.01770033360273427,0.008844443106856807,269.2103332279892,0.0010094944558877816,
yolo26x,leaf,84,8,m.0.m.1.cv2,Conv,dd14200a1f7381d8,"Conv[192->192,k3,s1]@8x192x20x20",1,9.860236934928793e-05,0.026544776709591076,0.01770033360273427,0.008844443106856807,269.2103332279892,0.0010094944558877816,
yolo26x,leaf,85,8,op:add,op:add,b3a4ee69110a3cdc,op:add[]@8x192x20x20+8x192x20x20,1,1.2738233782355822e-05,0.0027835229169817723,0.0016409278179655125,0.0011425950990162598,218.51717942540262,0.0001058570197546398,
yolo26x,leaf,86,8,m.0.cv2,Conv,81d7ab74644f6bb0,"Conv[384->192,k1,s1]@8x384x20x20",1,4.225074876062941e-05,0.0108706081545798,0.00708079715813455,0.0037898109964452508,257.28794100589715,0.00041340783477797317,
yolo26x,leaf,87,8,op:cat,op:cat,c6da2dc0e8be8ba7,op:cat[1]@8x192x20x20+8x192x20x20,1,1.7180625624962865e-05,0.003963515885584768,0.002422446772509874,0.0015410691130748936,230.6968309597477,0.00015073200110495908,
yolo26x,leaf,88,8,m.0.cv3,Conv,22fd34f842a03744,"Conv[384->384,k1,s1]@8x384x20x20",1,5.413773344879578e-05,0.016259776089624946,0.011403725402588279,0.004856050687036669,300.3409092662453,0.0006183572005908939,
yolo26x,leaf,89,8,m.1.cv1,Conv,81d7ab74644f6bb0,"Conv[384->192,k1,s1]@8x384x20x20",1,4.225074876062941e-05,0.0108706081545798,0.00708079715813455,0.0037898109964452508,257.28794100589715,0.00041340783477797317,
yolo26x,leaf,90,8,m.1.m.0.cv1,Conv,dd14200a1f7381d8,"Conv[192->192,k3,s1]@8x192x20x20",1,9.860236934928793e-05,0.026544776709591076,0.01770033360273427,0.008844443106856807,269.2103332279892,0.0010094944558877816,
yolo26x,leaf,91,8,m.1.m.0.cv2,Conv,dd14200a1f7381d8,"Conv[192->192,k3,s1]@8x192x20x20",1,9.860236934928793e-05,0.026544776709591076,0.01770033360273427,0.008844443106856807,269.2103332279892,0.0010094944558877816,
yolo26x,leaf,92,8,op:add,op:add,b3a4ee69110a3cdc,op:add[]@8x192x20x20+8x192x20x20,1,1.2738233782355822e-05,0.0027835229169817723,0.0016409278179655125,0.0011425950990162598,218.51717942540262,0.0001058570197546398,
yolo26x,leaf,93,8,m.1.m.1.cv1,Conv,dd14200a1f7381d8,"Conv[192->192,k3,s1]@8x192x20x20",1,9.860236934928793e-05,0.026544776709591076,0.01770033360273427,0.008844443106856807,269.2103332279892,0.0010094944558877816,
yolo26x,leaf,94,8,m.1.m.1.cv2,Conv,dd14200a1f7381d8,"Conv[192->192,k3,s1]@8x192x20x20",1,9.860236934928793e-05,0.026544776709591076,0.01770033360273427,0.008844443106856807,269.2103332279892,0.0010094944558877816,
yolo26x,leaf,95,8,op:add,op:add,b3a4ee69110a3cdc,op:add[]@8x192x20x20+8x192x20x20,1,1.2738233782355822e-05,0.0027835229169817723,0.0016409278179655125,0.0011425950990162598,218.51717942540262,0.0001058570197546398,
yolo26x,leaf,96,8,m.1.cv2,Conv,81d7ab74644f6bb0,"Conv[384->192,k1,s1]@8x384x20x20",1,4.225074876062941e-05,0.0108706081545798,0.00708079715813455,0.0037898109964452508,257.28794100589715,0.00041340783477797317,
yolo26x,leaf,97,8,op:cat,op:cat,c6da2dc0e8be8ba7,op:cat[1]@8x192x20x20+8x192x20x20,1,1.7180625624962865e-05,0.003963515885584768,0.002422446772509874,0.0015410691130748936,230.6968309597477,0.00015073200110495908,
yolo26x,leaf,98,8,m.1.cv3,Conv,22fd34f842a03744,"Conv[384->384,k1,s1]@8x384x20x20",1,5.413773344879578e-05,0.016259776089624946,0.011403725402588279,0.004856050687036669,300.3409092662453,0.0006183572005908939,
yolo26x,leaf,99,8,op:cat,op:cat,c41e5d155278a986,op:cat[1]@8x384x20x20+8x384x20x20+8x384x20x20+8x384x20x20,1,7.286860718378258e-05,0.017582901592327428,0.011046727514908908,0.00653617407741852,241.29597465725442,0.0006686754938669975,
yolo26x,leaf,100,8,cv2,Conv,fa419221ffca8dd3,"Conv[1536->768,k1,s1]@8x1536x20x20",1,0.00028374131269016576,0.08400454622025695,0.058553495563824005,0.025451050656432946,296.06032841606884,0.0031946821254698237,
yolo26x,leaf,101,9,cv1,Conv,674ce11d58c448b1,"Conv[768->384,k1,s1]@8x768x20x20",1,8.128598820645107e-05,0.024087888480486704,0.016796691495859866,0.007291196984626837,296.3350635451219,0.0009160593114467034,
yolo26x,leaf,102,9,m,MaxPool2d,e6198e1c8fc54fef,MaxPool2d[p=0]@8x384x20x20,1,6.192804242527604e-05,0.01835518127032582,0.01280035483396368,0.00555482643636214,296.3953089987246,0.0006980451910342933,
yolo26x,leaf,103,9,m,MaxPool2d,e6198e1c8fc54fef,MaxPool2d[p=0]@8x384x20x20,1,6.192804242527604e-05,0.01835518127032582,0.01280035483396368,0.00555482643636214,296.3953089987246,0.0006980451910342933,
yolo26x,leaf,104,9,m,MaxPool2d,e6198e1c8fc54fef,MaxPool2d[p=0]@8x384x20x20,1,6.192804242527604e-05,0.01835518127032582,0.01280035483396368,0.00555482643636214,296.3953089987246,0.0006980451910342933,
yolo26x,leaf,105,9,op:cat,op:cat,c41e5d155278a986,op:cat[1]@8x384x20x20+8x384x20x20+8x384x20x20+8x384x20x20,1,7.286860718378258e-05,0.017582901592327428,0.011046727514908908,0.00653617407741852,241.29597465725442,0.0006686754938669975,
yolo26x,leaf,106,9,cv2,Conv,fa419221ffca8dd3,"Conv[1536->768,k1,s1]@8x1536x20x20",1,0.00028374131269016576,0.08400454622025695,0.058553495563824005,0.025451050656432946,296.06032841606884,0.0031946821254698237,
yolo26x,leaf,107,9,op:add,op:add,c3b0361ef203362b,op:add[]@8x768x20x20+8x768x20x20,1,5.4326086411217e-05,0.01286417645968992,0.007991230873766578,0.00487294558592334,236.7955674611927,0.0004892229818956025,
yolo26x,leaf,108,10,cv1,Conv,3357c496fd644939,"Conv[768->768,k1,s1]@8x768x20x20",1,0.00018606581801291206,0.05542737741471666,0.03873763098766635,0.01668974642705031,297.8912408880511,0.0021078960586750433,
yolo26x,leaf,109,10,op:split,op:split,cc674676c6a3a587,"op:split[[384, 384],dim=1]@8x768x20x20",1,5.795734051327705e-06,0.0005574565721308933,3.7590361838749065e-05,0.0005198662102921443,96.18394619111092,2.1200001986116285e-05,
yolo26x,leaf,110,10,m.0.attn,Attention,6adb771b7ae5c741,"Attention[384->384,p=447360]@8x384x20x20",1,0.0005006077140272496,0.14869375747866634,0.10379020724161897,0.044903550237047375,297.0265006155548,0.005654804538084526,
yolo26x,leaf,111,10,op:add,op:add,0e7b751b4d9600d6,op:add[]@8x384x20x20+8x384x20x20,1,2.7438205289222454e-05,0.006237280044753957,0.003776125741502541,0.002461154303251416,227.32099198936746,0.0002372029606383384,
yolo26x,leaf,112,10,m.0.ffn.0,Conv,e8b4ca9999122692,"Conv[384->768,k1,s1]@8x384x20x20",1,0.0001416743346498479,0.04172707073523549,0.029019155085930448,0.01270791564930504,294.5280868151957,0.0015868751516918086,
yolo26x,leaf,113,10,m.0.ffn.1,Conv,674ce11d58c448b1,"Conv[768->384,k1,s1]@8x768x20x20",1,8.128598820645107e-05,0.024087888480486704,0.016796691495859866,0.007291196984626837,296.3350635451219,0.0009160593114467034,
yolo26x,leaf,114,10,op:add,op:add,0e7b751b4d9600d6,op:add[]@8x384x20x20+8x384x20x20,1,2.7438205289222454e-05,0.006237280044753957,0.003776125741502541,0.002461154303251416,227.32099198936746,0.0002372029606383384,
yolo26x,leaf,115,10,m.1.attn,Attention,6adb771b7ae5c741,"Attention[384->384,p=447360]@8x384x20x20",1,0.0005006077140272496,0.14869375747866634,0.10379020724161897,0.044903550237047375,297.0265006155548,0.005654804538084526,
yolo26x,leaf,116,10,op:add,op:add,0e7b751b4d9600d6,op:add[]@8x384x20x20+8x384x20x20,1,2.7438205289222454e-05,0.006237280044753957,0.003776125741502541,0.002461154303251416,227.32099198936746,0.0002372029606383384,
yolo26x,leaf,117,10,m.1.ffn.0,Conv,e8b4ca9999122692,"Conv[384->768,k1,s1]@8x384x20x20",1,0.0001416743346498479,0.04172707073523549,0.029019155085930448,0.01270791564930504,294.5280868151957,0.0015868751516918086,
yolo26x,leaf,118,10,m.1.ffn.1,Conv,674ce11d58c448b1,"Conv[768->384,k1,s1]@8x768x20x20",1,8.128598820645107e-05,0.024087888480486704,0.016796691495859866,0.007291196984626837,296.3350635451219,0.0009160593114467034,
yolo26x,leaf,119,10,op:add,op:add,0e7b751b4d9600d6,op:add[]@8x384x20x20+8x384x20x20,1,2.7438205289222454e-05,0.006237280044753957,0.003776125741502541,0.002461154303251416,227.32099198936746,0.0002372029606383384,
yolo26x,leaf,120,10,op:cat,op:cat,5752b1ee84ad83d8,op:cat[1]@8x384x20x20+8x384x20x20,1,3.795597551625249e-05,0.008983976936523022,0.005579398849463399,0.0034045780870596227,236.69466571017634,0.0003416594913743164,
yolo26x,leaf,121,10,cv2,Conv,3357c496fd644939,"Conv[768->768,k1,s1]@8x768x20x20",1,0.00018606581801291206,0.05542737741471666,0.03873763098766635,0.01668974642705031,297.8912408880511,0.0021078960586750433,
yolo26x,leaf,122,11,,Upsample,2f0a0ba3dc7ccddf,"Upsample[x2.0,nearest]@8x768x20x20",1,9.999601992225087e-05,0.028015555422365904,0.019046104536438947,0.008969450885926957,280.16670507634825,0.0010654279818174796,
yolo26x,leaf,123,12,,Concat,644ec4fa9312a521,Concat[d=1]@8x768x40x40+8x768x40x40,1,0.00028468907391358464,0.06595597520032424,0.040419912182882815,0.025536063017441428,231.6772269958794,0.0025082972829581977,
yolo26x,leaf,124,13,cv1,Conv,dfa5583b27981368,"Conv[1536->768,k1,s1]@8x1536x40x40",1,0.0009199309721247005,0.2749168044087863,0.1924007634770463,0.08251604093174,298.84503592028227,0.010455050834192183,
yolo26x,leaf,125,13,op:chunk,op:chunk,873551c6915c4829,"op:chunk[2,1]@8x768x40x40",1,4.6227878808646674e-06,0.0004633728845803878,4.8717692446610184e-05,0.00041465519213377763,100.23667460461466,1.762201140775151e-05,
yolo26x,leaf,126,13,m.0.cv1,Conv,0ce8afac5d1cb14f,"Conv[384->192,k1,s1]@8x384x40x40",1,0.00013248970444464786,0.039861429552563624,0.027977357588187205,0.011884071964376419,300.86435560898326,0.0015159250566434415,
yolo26x,leaf,127,13,m.0.m.0.cv1,Conv,b72d49766820946c,"Conv[192->192,k3,s1]@8x192x40x40",1,0.00033730233959878734,0.09983676767710484,0.06958139580238515,0.030255371874719685,295.9859922580382,0.0037967794781780407,
yolo26x,leaf,128,13,m.0.m.0.cv2,Conv,b72d49766820946c,"Conv[192->192,k3,s1]@8x192x40x40",1,0.00033730233959878734,0.09983676767710484,0.06958139580238515,0.030255371874719685,295.9859922580382,0.0037967794781780407,
yolo26x,leaf,129,13,op:add,op:add,5c2cd1ee74aa08cd,op:add[]@8x192x40x40+8x192x40x40,1,5.440890508856946e-05,0.012818897980450805,0.007938523718270871,0.004880374262179934,235.60293962143845,0.00048750104713371007,
yolo26x,leaf,130,13,m.0.m.1.cv1,Conv,b72d49766820946c,"Conv[192->192,k3,s1]@8x192x40x40",1,0.00033730233959878734,0.09983676767710484,0.06958139580238515,0.030255371874719685,295.9859922580382,0.0037967794781780407,
yolo26x,leaf,131,13,m.0.m.1.cv2,Conv,b72d49766820946c,"Conv[192->192,k3,s1]@8x192x40x40",1,0.00033730233959878734,0.09983676767710484,0.06958139580238515,0.030255371874719685,295.9859922580382,0.0037967794781780407,
yolo26x,leaf,132,13,op:add,op:add,5c2cd1ee74aa08cd,op:add[]@8x192x40x40+8x192x40x40,1,5.440890508856946e-05,0.012818897980450805,0.007938523718270871,0.004880374262179934,235.60293962143845,0.00048750104713371007,
yolo26x,leaf,133,13,m.0.cv2,Conv,0ce8afac5d1cb14f,"Conv[384->192,k1,s1]@8x384x40x40",1,0.00013248970444464786,0.039861429552563624,0.027977357588187205,0.011884071964376419,300.86435560898326,0.0015159250566434415,
yolo26x,leaf,134,13,op:cat,op:cat,5d1f8ed3b6f42a7b,op:cat[1]@8x192x40x40+8x192x40x40,1,7.298480505550583e-05,0.017470009043944475,0.010923412240658653,0.006546596803285822,239.36501619286813,0.0006643822047220013,
yolo26x,leaf,135,13,m.0.cv3,Conv,a086da0f4115858c,"Conv[384->384,k1,s1]@8x384x40x40",1,0.0002400249338015845,0.07125745218711083,0.049727676733996765,0.02152977545311406,296.87520816489615,0.0027099117732486367,
yolo26x,leaf,136,13,m.1.cv1,Conv,0ce8afac5d1cb14f,"Conv[384->192,k1,s1]@8x384x40x40",1,0.00013248970444464786,0.039861429552563624,0.027977357588187205,0.011884071964376419,300.86435560898326,0.0015159250566434415,
yolo26x,leaf,137,13,m.1.m.0.cv1,Conv,b72d49766820946c,"Conv[192->192,k3,s1]@8x192x40x40",1,0.00033730233959878734,0.09983676767710484,0.06958139580238515,0.030255371874719685,295.9859922580382,0.0037967794781780407,
yolo26x,leaf,138,13,m.1.m.0.cv2,Conv,b72d49766820946c,"Conv[192->192,k3,s1]@8x192x40x40",1,0.00033730233959878734,0.09983676767710484,0.06958139580238515,0.030255371874719685,295.9859922580382,0.0037967794781780407,
yolo26x,leaf,139,13,op:add,op:add,5c2cd1ee74aa08cd,op:add[]@8x192x40x40+8x192x40x40,1,5.440890508856946e-05,0.012818897980450805,0.007938523718270871,0.004880374262179934,235.60293962143845,0.00048750104713371007,
yolo26x,leaf,140,13,m.1.m.1.cv1,Conv,b72d49766820946c,"Conv[192->192,k3,s1]@8x192x40x40",1,0.00033730233959878734,0.09983676767710484,0.06958139580238515,0.030255371874719685,295.9859922580382,0.0037967794781780407,
yolo26x,leaf,141,13,m.1.m.1.cv2,Conv,b72d49766820946c,"Conv[192->192,k3,s1]@8x192x40x40",1,0.00033730233959878734,0.09983676767710484,0.06958139580238515,0.030255371874719685,295.9859922580382,0.0037967794781780407,
yolo26x,leaf,142,13,op:add,op:add,5c2cd1ee74aa08cd,op:add[]@8x192x40x40+8x192x40x40,1,5.440890508856946e-05,0.012818897980450805,0.007938523718270871,0.004880374262179934,235.60293962143845,0.00048750104713371007,
yolo26x,leaf,143,13,m.1.cv2,Conv,0ce8afac5d1cb14f,"Conv[384->192,k1,s1]@8x384x40x40",1,0.00013248970444464786,0.039861429552563624,0.027977357588187205,0.011884071964376419,300.86435560898326,0.0015159250566434415,
yolo26x,leaf,144,13,op:cat,op:cat,5d1f8ed3b6f42a7b,op:cat[1]@8x192x40x40+8x192x40x40,1,7.298480505550583e-05,0.017470009043944475,0.010923412240658653,0.006546596803285822,239.36501619286813,0.0006643822047220013,
yolo26x,leaf,145,13,m.1.cv3,Conv,a086da0f4115858c,"Conv[384->384,k1,s1]@8x384x40x40",1,0.0002400249338015845,0.07125745218711083,0.049727676733996765,0.02152977545311406,296.87520816489615,0.0027099117732486367,
yolo26x,leaf,146,13,op:cat,op:cat,e686b75002fcb71f,op:cat[1]@8x384x40x40+8x384x40x40+8x384x40x40+8x384x40x40,1,0.0002831784599484217,0.06917150455467407,0.04377094070788622,0.025400563846787842,244.26824189690487,0.0026305834521534997,
yolo26x,leaf,147,13,cv2,Conv,dfa5583b27981368,"Conv[1536->768,k1,s1]@8x1536x40x40",1,0.0009199309721247005,0.2749168044087863,0.1924007634770463,0.08251604093174,298.84503592028227,0.010455050834192183,
yolo26x,leaf,148,14,,Upsample,79e3604cc810f9bd,"Upsample[x2.0,nearest]@8x768x40x40",1,0.0003784205287075223,0.10554623818465127,0.07160264373851513,0.033943594446136136,278.9125593823874,0.004013909909768389,
yolo26x,leaf,149,15,,Concat,7291a4d75ba845c1,Concat[d=1]@8x768x80x80+8x768x80x80,1,0.0011374450813640248,0.270025909092616,0.1679992704257341,0.10202663866688189,237.3968761364731,0.010269050712208957,
yolo26x,leaf,150,16,cv1,Conv,ecc600bd546c5b19,"Conv[1536->384,k1,s1]@8x1536x80x80",1,0.0019216110812537315,0.5746394009222083,0.402274578516681,0.17236482240552728,299.0404283822572,0.02185346276264013,
yolo26x,leaf,151,16,op:chunk,op:chunk,56ca63c6628f8146,"op:chunk[2,1]@8x384x80x80",1,4.602443523514906e-06,0.0004519729226641429,3.914258030134933e-05,0.0004128303423627936,98.20281777601679,1.7188472317267354e-05,
yolo26x,leaf,152,16,m.0.cv1,Conv,5d60a3dec5546382,"Conv[192->96,k1,s1]@8x192x80x80",1,0.0002569965570843906,0.07521194703880796,0.052159849581198695,0.023052097457609267,292.6574110255898,0.0028603007055911203,
yolo26x,leaf,153,16,m.0.m.0.cv1,Conv,e43110717192bb87,"Conv[96->96,k3,s1]@8x96x80x80",1,0.00043517796671817944,0.1299765604655769,0.0909419328658867,0.03903462759969021,298.67449734593185,0.004942991934754316,
yolo26x,leaf,154,16,m.0.m.0.cv2,Conv,e43110717192bb87,"Conv[96->96,k3,s1]@8x96x80x80",1,0.00043517796671817944,0.1299765604655769,0.0909419328658867,0.03903462759969021,298.67449734593185,0.004942991934754316,
yolo26x,leaf,155,16,op:add,op:add,e2333fa709ec29b3,op:add[]@8x96x80x80+8x96x80x80,1,0.0001071337461701312,0.02544144163446324,0.015831750416297738,0.009609691218165503,237.47364900375615,0.0009675347644006937,
yolo26x,leaf,156,16,m.0.m.1.cv1,Conv,e43110717192bb87,"Conv[96->96,k3,s1]@8x96x80x80",1,0.00043517796671817944,0.1299765604655769,0.0909419328658867,0.03903462759969021,298.67449734593185,0.004942991934754316,
yolo26x,leaf,157,16,m.0.m.1.cv2,Conv,e43110717192bb87,"Conv[96->96,k3,s1]@8x96x80x80",1,0.00043517796671817944,0.1299765604655769,0.0909419328658867,0.03903462759969021,298.67449734593185,0.004942991934754316,
yolo26x,leaf,158,16,op:add,op:add,e2333fa709ec29b3,op:add[]@8x96x80x80+8x96x80x80,1,0.0001071337461701312,0.02544144163446324,0.015831750416297738,0.009609691218165503,237.47364900375615,0.0009675347644006937,
yolo26x,leaf,159,16,m.0.cv2,Conv,5d60a3dec5546382,"Conv[192->96,k1,s1]@8x192x80x80",1,0.0002569965570843906,0.07521194703880796,0.052159849581198695,0.023052097457609267,292.6574110255898,0.0028603007055911203,
yolo26x,leaf,160,16,op:cat,op:cat,16d0927d446727d1,op:cat[1]@8x96x80x80+8x96x80x80,1,0.0001432806533235201,0.03471782688330411,0.021865827534849322,0.01285199934845479,242.30645295086074,0.0013203145064130091,
yolo26x,leaf,161,16,m.0.cv3,Conv,16cc881448c7e099,"Conv[192->192,k1,s1]@8x192x80x80",1,0.0004479354334116494,0.13324203650729094,0.09306308865340562,0.04017894785388531,297.4581302766519,0.00506717757006816,
yolo26x,leaf,162,16,m.1.cv1,Conv,5d60a3dec5546382,"Conv[192->96,k1,s1]@8x192x80x80",1,0.0002569965570843906,0.07521194703880796,0.052159849581198695,0.023052097457609267,292.6574110255898,0.0028603007055911203,
yolo26x,leaf,163,16,m.1.m.0.cv1,Conv,e43110717192bb87,"Conv[96->96,k3,s1]@8x96x80x80",1,0.00043517796671817944,0.1299765604655769,0.0909419328658867,0.03903462759969021,298.67449734593185,0.004942991934754316,
yolo26x,leaf,164,16,m.1.m.0.cv2,Conv,e43110717192bb87,"Conv[96->96,k3,s1]@8x96x80x80",1,0.00043517796671817944,0.1299765604655769,0.0909419328658867,0.03903462759969021,298.67449734593185,0.004942991934754316,
yolo26x,leaf,165,16,op:add,op:add,e2333fa709ec29b3,op:add[]@8x96x80x80+8x96x80x80,1,0.0001071337461701312,0.02544144163446324,0.015831750416297738,0.009609691218165503,237.47364900375615,0.0009675347644006937,
yolo26x,leaf,166,16,m.1.m.1.cv1,Conv,e43110717192bb87,"Conv[96->96,k3,s1]@8x96x80x80",1,0.00043517796671817944,0.1299765604655769,0.0909419328658867,0.03903462759969021,298.67449734593185,0.004942991934754316,
yolo26x,leaf,167,16,m.1.m.1.cv2,Conv,e43110717192bb87,"Conv[96->96,k3,s1]@8x96x80x80",1,0.00043517796671817944,0.1299765604655769,0.0909419328658867,0.03903462759969021,298.67449734593185,0.004942991934754316,
yolo26x,leaf,168,16,op:add,op:add,e2333fa709ec29b3,op:add[]@8x96x80x80+8x96x80x80,1,0.0001071337461701312,0.02544144163446324,0.015831750416297738,0.009609691218165503,237.47364900375615,0.0009675347644006937,
yolo26x,leaf,169,16,m.1.cv2,Conv,5d60a3dec5546382,"Conv[192->96,k1,s1]@8x192x80x80",1,0.0002569965570843906,0.07521194703880796,0.052159849581198695,0.023052097457609267,292.6574110255898,0.0028603007055911203,
yolo26x,leaf,170,16,op:cat,op:cat,16d0927d446727d1,op:cat[1]@8x96x80x80+8x96x80x80,1,0.0001432806533235201,0.03471782688330411,0.021865827534849322,0.01285199934845479,242.30645295086074,0.0013203145064130091,
yolo26x,leaf,171,16,m.1.cv3,Conv,16cc881448c7e099,"Conv[192->192,k1,s1]@8x192x80x80",1,0.0004479354334116494,0.13324203650729094,0.09306308865340562,0.04017894785388531,297.4581302766519,0.00506717757006816,
yolo26x,leaf,172,16,op:cat,op:cat,a7408b09af525f9a,op:cat[1]@8x192x80x80+8x192x80x80+8x192x80x80+8x192x80x80,1,0.0005663865558427812,0.13745421618644843,0.08665043020545538,0.05080378598099306,242.68622686835678,0.005227366223370197,
yolo26x,leaf,173,16,cv2,Conv,4f81d5d2be79b812,"Conv[768->384,k1,s1]@8x768x80x80",1,0.0012622241839081996,0.3777364967169935,0.2645174122634671,0.11321908445352641,299.26260448236343,0.014365270553754547,
yolo26x,leaf,174,17,,Conv,21e8eefcf06ce9f7,"Conv[384->384,k3,s2]@8x384x80x80",1,0.001045919547700872,0.3129145907468568,0.21909761662100563,0.09381697412585117,299.1765393759988,0.011900101778261006,
yolo26x,leaf,175,18,,Concat,6ac5193ce082c13a,Concat[d=1]@8x384x40x40+8x768x40x40,1,0.0002140339653694777,0.04991220117191383,0.030713765656236475,0.01919843551567735,233.19757257102873,0.0018981546130692182,
yolo26x,leaf,176,19,cv1,Conv,92189b2f7574760a,"Conv[1152->768,k1,s1]@8x1152x40x40",1,0.000765334484423443,0.22940802573016564,0.16075899275185607,0.06864903297830957,299.74871170608213,0.008724357814134024,
yolo26x,leaf,177,19,op:chunk,op:chunk,873551c6915c4829,"op:chunk[2,1]@8x768x40x40",1,4.6227878808646674e-06,0.0004633728845803878,4.8717692446610184e-05,0.00041465519213377763,100.23667460461466,1.762201140775151e-05,
yolo26x,leaf,178,19,m.0.cv1,Conv,0ce8afac5d1cb14f,"Conv[384->192,k1,s1]@8x384x40x40",1,0.00013248970444464786,0.039861429552563624,0.027977357588187205,0.011884071964376419,300.86435560898326,0.0015159250566434415,
yolo26x,leaf,179,19,m.0.m.0.cv1,Conv,b72d49766820946c,"Conv[192->192,k3,s1]@8x192x40x40",1,0.00033730233959878734,0.09983676767710484,0.06958139580238515,0.030255371874719685,295.9859922580382,0.0037967794781780407,
yolo26x,leaf,180,19,m.0.m.0.cv2,Conv,b72d49766820946c,"Conv[192->192,k3,s1]@8x192x40x40",1,0.00033730233959878734,0.09983676767710484,0.06958139580238515,0.030255371874719685,295.9859922580382,0.0037967794781780407,
yolo26x,leaf,181,19,op:add,op:add,5c2cd1ee74aa08cd,op:add[]@8x192x40x40+8x192x40x40,1,5.440890508856946e-05,0.012818897980450805,0.007938523718270871,0.004880374262179934,235.60293962143845,0.00048750104713371007,
yolo26x,leaf,182,19,m.0.m.1.cv1,Conv,b72d49766820946c,"Conv[192->192,k3,s1]@8x192x40x40",1,0.00033730233959878734,0.09983676767710484,0.06958139580238515,0.030255371874719685,295.9859922580382,0.0037967794781780407,
yolo26x,leaf,183,19,m.0.m.1.cv2,Conv,b72d49766820946c,"Conv[192->192,k3,s1]@8x192x40x40",1,0.00033730233959878734,0.09983676767710484,0.06958139580238515,0.030255371874719685,295.9859922580382,0.0037967794781780407,
yolo26x,leaf,184,19,op:add,op:add,5c2cd1ee74aa08cd,op:add[]@8x192x40x40+8x192x40x40,1,5.440890508856946e-05,0.012818897980450805,0.007938523718270871,0.004880374262179934,235.60293962143845,0.00048750104713371007,
yolo26x,leaf,185,19,m.0.cv2,Conv,0ce8afac5d1cb14f,"Conv[384->192,k1,s1]@8x384x40x40",1,0.00013248970444464786,0.039861429552563624,0.027977357588187205,0.011884071964376419,300.86435560898326,0.0015159250566434415,
yolo26x,leaf,186,19,op:cat,op:cat,5d1f8ed3b6f42a7b,op:cat[1]@8x192x40x40+8x192x40x40,1,7.298480505550583e-05,0.017470009043944475,0.010923412240658653,0.006546596803285822,239.36501619286813,0.0006643822047220013,
yolo26x,leaf,187,19,m.0.cv3,Conv,a086da0f4115858c,"Conv[384->384,k1,s1]@8x384x40x40",1,0.0002400249338015845,0.07125745218711083,0.049727676733996765,0.02152977545311406,296.87520816489615,0.0027099117732486367,
yolo26x,leaf,188,19,m.1.cv1,Conv,0ce8afac5d1cb14f,"Conv[384->192,k1,s1]@8x384x40x40",1,0.00013248970444464786,0.039861429552563624,0.027977357588187205,0.011884071964376419,300.86435560898326,0.0015159250566434415,
yolo26x,leaf,189,19,m.1.m.0.cv1,Conv,b72d49766820946c,"Conv[192->192,k3,s1]@8x192x40x40",1,0.00033730233959878734,0.09983676767710484,0.06958139580238515,0.030255371874719685,295.9859922580382,0.0037967794781780407,
yolo26x,leaf,190,19,m.1.m.0.cv2,Conv,b72d49766820946c,"Conv[192->192,k3,s1]@8x192x40x40",1,0.00033730233959878734,0.09983676767710484,0.06958139580238515,0.030255371874719685,295.9859922580382,0.0037967794781780407,
yolo26x,leaf,191,19,op:add,op:add,5c2cd1ee74aa08cd,op:add[]@8x192x40x40+8x192x40x40,1,5.440890508856946e-05,0.012818897980450805,0.007938523718270871,0.004880374262179934,235.60293962143845,0.00048750104713371007,
yolo26x,leaf,192,19,m.1.m.1.cv1,Conv,b72d49766820946c,"Conv[192->192,k3,s1]@8x192x40x40",1,0.00033730233959878734,0.09983676767710484,0.06958139580238515,0.030255371874719685,295.9859922580382,0.0037967794781780407,
yolo26x,leaf,193,19,m.1.m.1.cv2,Conv,b72d49766820946c,"Conv[192->192,k3,s1]@8x192x40x40",1,0.00033730233959878734,0.09983676767710484,0.06958139580238515,0.030255371874719685,295.9859922580382,0.0037967794781780407,
yolo26x,leaf,194,19,op:add,op:add,5c2cd1ee74aa08cd,op:add[]@8x192x40x40+8x192x40x40,1,5.440890508856946e-05,0.012818897980450805,0.007938523718270871,0.004880374262179934,235.60293962143845,0.00048750104713371007,
yolo26x,leaf,195,19,m.1.cv2,Conv,0ce8afac5d1cb14f,"Conv[384->192,k1,s1]@8x384x40x40",1,0.00013248970444464786,0.039861429552563624,0.027977357588187205,0.011884071964376419,300.86435560898326,0.0015159250566434415,
yolo26x,leaf,196,19,op:cat,op:cat,5d1f8ed3b6f42a7b,op:cat[1]@8x192x40x40+8x192x40x40,1,7.298480505550583e-05,0.017470009043944475,0.010923412240658653,0.006546596803285822,239.36501619286813,0.0006643822047220013,
yolo26x,leaf,197,19,m.1.cv3,Conv,a086da0f4115858c,"Conv[384->384,k1,s1]@8x384x40x40",1,0.0002400249338015845,0.07125745218711083,0.049727676733996765,0.02152977545311406,296.87520816489615,0.0027099117732486367,
yolo26x,leaf,198,19,op:cat,op:cat,e686b75002fcb71f,op:cat[1]@8x384x40x40+8x384x40x40+8x384x40x40+8x384x40x40,1,0.0002831784599484217,0.06917150455467407,0.04377094070788622,0.025400563846787842,244.26824189690487,0.0026305834521534997,
yolo26x,leaf,199,19,cv2,Conv,dfa5583b27981368,"Conv[1536->768,k1,s1]@8x1536x40x40",1,0.0009199309721247005,0.2749168044087863,0.1924007634770463,0.08251604093174,298.84503592028227,0.010455050834192183,
yolo26x,leaf,200,20,,Conv,7d8eae6ea0331061,"Conv[768->768,k3,s2]@8x768x40x40",1,0.0008856470613287895,0.2653766233786169,0.18593578338287933,0.07944083999573756,299.6415106718204,0.01009223897242798,
yolo26x,leaf,201,21,,Concat,501c827f2750d7a5,Concat[d=1]@8x768x20x20+8x768x20x20,1,7.306830860291075e-05,0.016881379692983655,0.010327292781913227,0.006554086911070427,231.03558869448318,0.0006419967059525553,
yolo26x,leaf,202,22,cv1,Conv,fa419221ffca8dd3,"Conv[1536->768,k1,s1]@8x1536x20x20",1,0.00028374131269016576,0.08400454622025695,0.058553495563824005,0.025451050656432946,296.06032841606884,0.0031946821254698237,
yolo26x,leaf,203,22,op:chunk,op:chunk,6850cb550b65db8b,"op:chunk[2,1]@8x768x20x20",1,4.611996975321865e-06,0.00044372837838540033,3.004110974853889e-05,0.00041368726863686144,96.21176699805471,1.687493335509161e-05,
yolo26x,leaf,204,22,m.0.0.cv1,Conv,b60c085463b5307f,"Conv[384->192,k3,s1]@8x384x20x20",1,0.00017670741279477697,0.05206297120702509,0.03621265574972668,0.01585031545729841,294.62811086193403,0.0019799481218294524,
yolo26x,leaf,205,22,m.0.0.cv2,Conv,74d60c183a694564,"Conv[192->384,k3,s1]@8x192x20x20",1,0.00014084193046715035,0.04191406995700589,0.029280819363767592,0.0126332505932383,297.59653121753985,0.001593986708127103,
yolo26x,leaf,206,22,op:add,op:add,0e7b751b4d9600d6,op:add[]@8x384x20x20+8x384x20x20,1,2.7438205289222454e-05,0.006237280044753957,0.003776125741502541,0.002461154303251416,227.32099198936746,0.0002372029606383384,
yolo26x,leaf,207,22,m.0.1.attn,Attention,6adb771b7ae5c741,"Attention[384->384,p=447360]@8x384x20x20",1,0.0005006077140272496,0.14869375747866634,0.10379020724161897,0.044903550237047375,297.0265006155548,0.005654804538084526,
yolo26x,leaf,208,22,op:add,op:add,0e7b751b4d9600d6,op:add[]@8x384x20x20+8x384x20x20,1,2.7438205289222454e-05,0.006237280044753957,0.003776125741502541,0.002461154303251416,227.32099198936746,0.0002372029606383384,
yolo26x,leaf,209,22,m.0.1.ffn.0,Conv,e8b4ca9999122692,"Conv[384->768,k1,s1]@8x384x20x20",1,0.0001416743346498479,0.04172707073523549,0.029019155085930448,0.01270791564930504,294.5280868151957,0.0015868751516918086,
yolo26x,leaf,210,22,m.0.1.ffn.1,Conv,674ce11d58c448b1,"Conv[768->384,k1,s1]@8x768x20x20",1,8.128598820645107e-05,0.024087888480486704,0.016796691495859866,0.007291196984626837,296.3350635451219,0.0009160593114467034,
yolo26x,leaf,211,22,op:add,op:add,0e7b751b4d9600d6,op:add[]@8x384x20x20+8x384x20x20,1,2.7438205289222454e-05,0.006237280044753957,0.003776125741502541,0.002461154303251416,227.32099198936746,0.0002372029606383384,
yolo26x,leaf,212,22,op:cat,op:cat,223436206b52285e,op:cat[1]@8x384x20x20+8x384x20x20+8x384x20x20,1,5.5201822215978207e-05,0.013241327183776812,0.008289829778531457,0.0049514974052453555,239.87119722189354,0.0005035659755913157,
yolo26x,leaf,213,22,cv2,Conv,3c39876910bce41d,"Conv[1152->768,k1,s1]@8x1152x20x20",1,0.000233041220355103,0.06979098982979055,0.048887640056501626,0.020903349773288928,299.479163915485,0.0026541423977636262,
yolo26x,leaf,214,23,,Detect,f58a477c3a27431e,"Detect[nc=80,e2e]@8x384x80x80+8x768x40x40+8x768x20x20",1,0.008282932278331042,2.4766815920324863,1.7337184789034428,0.7429631131290434,299.0102428474185,0.09418788349621929,
