model,level,layer_idx,parent_layer_idx,path,layer_type,kernel_key,short_desc,hit,time_s,energy_j,dyn_energy_j,static_energy_j,power_w,energy_share,shared_with
yolo26n,leaf,0,0,,Conv,1a2658234970b8d3,"Conv[3->16,k3,s2]@1x3x640x640",1,6.911111883911499e-05,0.02067699412133751,0.014477859529971968,0.006199134591365541,299.18476894393586,0.029527393072349657,
yolo26n,leaf,1,1,,Conv,83a9d30579dbb458,"Conv[16->32,k3,s2]@1x16x320x320",1,5.040069441143903e-05,0.014550985052901286,0.010030139588336724,0.004520845464564564,288.70604309766753,0.0207792608889666,
yolo26n,leaf,2,2,cv1,Conv,9e24bd488005f64f,"Conv[32->32,k1,s1]@1x32x160x160",1,4.060889012575913e-05,0.006895890388309958,0.003253350957258553,0.003642539431051405,169.81233338203796,0.009847546741300462,
yolo26n,leaf,3,2,op:chunk,op:chunk,1124075bc75b39b9,"op:chunk[2,1]@1x32x160x160",1,5.031847444889131e-06,0.00041417193002471,-3.717511916286715e-05,0.00045134704918757713,82.31011264965638,0.0005914504451473064,
yolo26n,leaf,4,2,m.0.cv1,Conv,4e416f931b548397,"Conv[16->8,k3,s1]@1x16x160x160",1,4.287888565065473e-05,0.006325388727598626,0.0024792350588240006,0.0038461536687746252,147.51756328588363,0.009032852560637704,
yolo26n,leaf,5,2,m.0.cv2,Conv,361f3c9ef79bd4d6,"Conv[8->16,k3,s1]@1x8x160x160",1,3.792574308945243e-05,0.0067563603872258515,0.0033544940907710586,0.003401866296454793,178.14707997388902,0.009648293544089161,
yolo26n,leaf,6,2,op:add,op:add,f4f936b4f090938e,op:add[]@1x16x160x160+1x16x160x160,1,9.085827172757505e-06,0.001091160064642006,0.0002761788219142144,0.0008149812427277916,120.09474139170139,0.0015582106347018126,
yolo26n,leaf,7,2,op:cat,op:cat,ee647930db6c0760,op:cat[1]@1x16x160x160+1x16x160x160+1x16x160x160,1,1.8272438400845635e-05,0.003892036772985673,0.0022530341513819167,0.0016390026216037564,213.0004046315763,0.005557950008284543,
yolo26n,leaf,8,2,cv2,Conv,af29c9eb0f797471,"Conv[48->64,k1,s1]@1x48x160x160",1,6.640732295483994e-05,0.015638758680991016,0.009682149386216605,0.0059566092947744105,235.49750215990633,0.02233263558655846,
yolo26n,leaf,9,3,,Conv,8d2936e6409a1ec3,"Conv[64->64,k3,s2]@1x64x160x160",1,6.925975031625572e-05,0.020519126262432335,0.014306659713101336,0.006212466549330999,296.2633588590394,0.029301952841722854,
yolo26n,leaf,10,4,cv1,Conv,aee5afff7f63a13b,"Conv[64->64,k1,s1]@1x64x80x80",1,4.141637338944877e-05,0.005174004937303888,0.0014590358087454864,0.003714969128558402,124.92655715292582,0.007388640565719103,yolo26s
yolo26n,leaf,11,4,op:chunk,op:chunk,11d3b25859ad0ee1,"op:chunk[2,1]@1x64x80x80",1,4.54345388880901e-06,0.00040963336737133074,2.0942819174090787e-06,0.00040753908545392166,90.15902381672663,0.0005849692359994293,
yolo26n,leaf,12,4,m.0.cv1,Conv,ba1a96ddc32d5fa5,"Conv[32->16,k3,s1]@1x32x80x80",1,4.2539402530580686e-05,0.005250675913338243,0.001434973228257498,0.0038157026850807454,123.4308805715746,0.007498129112909378,
yolo26n,leaf,13,4,m.0.cv2,Conv,e7d8777b8a31bc7f,"Conv[16->32,k3,s1]@1x16x80x80",1,4.25949075334485e-05,0.005174272582801823,0.0013535912055937988,0.003820681377208024,121.47631917591609,0.0073890227718451575,
yolo26n,leaf,14,4,op:add,op:add,1ae61c3fc0e3b8fe,op:add[]@1x32x80x80+1x32x80x80,1,9.201131717690522e-06,0.0010486778343938995,0.00022335399549573047,0.000825323838898169,113.9727010295552,0.0014975446837533892,yolo26s
yolo26n,leaf,15,4,op:cat,op:cat,369944de179e955c,op:cat[1]@1x32x80x80+1x32x80x80+1x32x80x80,1,1.0375037490984797e-05,0.0013799109542201788,0.00044929002263316225,0.0009306209315870166,133.00298484889598,0.001970555918863156,
yolo26n,leaf,16,4,cv2,Conv,525eca210e9e11cd,"Conv[96->128,k1,s1]@1x96x80x80",1,4.187153328632022e-05,0.007251247046458794,0.003495450949552989,0.003755796096905805,173.17844552943174,0.010355007142191583,
yolo26n,leaf,17,5,,Conv,0f7d240e4bd8b441,"Conv[128->128,k3,s2]@1x128x80x80",1,5.195171085326804e-05,0.011410570939817647,0.006750602280059243,0.004659968659758405,219.63802062352798,0.016294651502185155,yolo26s
yolo26n,leaf,18,6,cv1,Conv,1e47e2f3f4f773f4,"Conv[128->128,k1,s1]@1x128x40x40",1,4.16688424113888e-05,0.004979407699063282,0.0012417925842519288,0.0037376151148113533,119.49954476542706,0.007110749634832076,yolo26s
yolo26n,leaf,19,6,op:chunk,op:chunk,4022d51d7b8c891d,"op:chunk[2,1]@1x128x40x40",1,4.5422189890358545e-06,0.00042739399147364145,1.9965674157021375e-05,0.00040742831731662007,94.09365609744884,0.0006103319616452231,
yolo26n,leaf,20,6,m.0.cv1,Conv,bd29b2a64f84413f,"Conv[64->32,k1,s1]@1x64x40x40",1,4.11322435810137e-05,0.004225800824104341,0.0005363175935243557,0.0036894832305799856,102.73693959293131,0.00603457549228711,
yolo26n,leaf,21,6,m.0.m.0.cv1,Conv,01c06ea79927d431,"Conv[32->32,k3,s1]@1x32x40x40",1,4.2473029709754694e-05,0.004654680404622936,0.0008449312340622892,0.003809749170560647,109.59143805919514,0.006647028921463683,
yolo26n,leaf,22,6,m.0.m.0.cv2,Conv,01c06ea79927d431,"Conv[32->32,k3,s1]@1x32x40x40",1,4.2473029709754694e-05,0.004654680404622936,0.0008449312340622892,0.003809749170560647,109.59143805919514,0.006647028921463683,
yolo26n,leaf,23,6,op:add,op:add,4056b52dc706d47d,op:add[]@1x32x40x40+1x32x40x40,1,9.174074012958625e-06,0.000959811005613644,0.00013691419084970922,0.0008228968147639347,104.62211273398114,0.001370640078127953,
yolo26n,leaf,24,6,m.0.m.1.cv1,Conv,01c06ea79927d431,"Conv[32->32,k3,s1]@1x32x40x40",1,4.2473029709754694e-05,0.004654680404622936,0.0008449312340622892,0.003809749170560647,109.59143805919514,0.006647028921463683,
yolo26n,leaf,25,6,m.0.m.1.cv2,Conv,01c06ea79927d431,"Conv[32->32,k3,s1]@1x32x40x40",1,4.2473029709754694e-05,0.004654680404622936,0.0008449312340622892,0.003809749170560647,109.59143805919514,0.006647028921463683,
yolo26n,leaf,26,6,op:add,op:add,4056b52dc706d47d,op:add[]@1x32x40x40+1x32x40x40,1,9.174074012958625e-06,0.000959811005613644,0.00013691419084970922,0.0008228968147639347,104.62211273398114,0.001370640078127953,
yolo26n,leaf,27,6,m.0.cv2,Conv,bd29b2a64f84413f,"Conv[64->32,k1,s1]@1x64x40x40",1,4.11322435810137e-05,0.004225800824104341,0.0005363175935243557,0.0036894832305799856,102.73693959293131,0.00603457549228711,
yolo26n,leaf,28,6,op:cat,op:cat,7cd5ab3bb08ead26,op:cat[1]@1x32x40x40+1x32x40x40,1,1.0159263146757469e-05,0.001097991936350987,0.00018672554891977693,0.00091126638743121,108.07791081791527,0.0015679667607705807,
yolo26n,leaf,29,6,m.0.cv3,Conv,343c9aeb5aa8f5dd,"Conv[64->64,k1,s1]@1x64x40x40",1,4.154827188310779e-05,0.004476757864982419,0.0007499576949313433,0.0037268001700510754,107.74835298992366,0.00639294998070629,
yolo26n,leaf,30,6,op:cat,op:cat,94fbae4f210729f9,op:cat[1]@1x64x40x40+1x64x40x40+1x64x40x40,1,1.0387253309153129e-05,0.0012105173844188803,0.0002788007174098193,0.000931716667009061,116.53873727640648,0.0017286566132822781,
yolo26n,leaf,31,6,cv2,Conv,e2557d6faa342b7c,"Conv[192->128,k1,s1]@1x192x40x40",1,4.158073933483537e-05,0.005114855465816094,0.001385143027717869,0.003729712438098225,123.0102097182045,0.007304173273984492,
yolo26n,leaf,32,7,,Conv,8c8483e2fb489460,"Conv[128->256,k3,s2]@1x128x40x40",1,5.7611700826682557e-05,0.008778710801426958,0.0036110519143889783,0.00516765888703798,152.37721982617018,0.012536273066631218,
yolo26n,leaf,33,8,cv1,Conv,73cbfd59c6c24dfa,"Conv[256->256,k1,s1]@1x256x20x20",1,4.2946511398775335e-05,0.00485819637769302,0.001005976809226952,0.0038522195684660677,113.12202596813384,0.006937656084100481,yolo26l;yolo26m;yolo26s
yolo26n,leaf,34,8,op:chunk,op:chunk,dfb92eed26b36b50,"op:chunk[2,1]@1x256x20x20",1,4.540554116873969e-06,0.00042422316031734235,1.694417883527842e-05,0.00040727898148206393,93.42982142659868,0.0006058039157712108,
yolo26n,leaf,35,8,m.0.cv1,Conv,91e516475f8cd6a6,"Conv[128->64,k1,s1]@1x128x20x20",1,4.137924656617052e-05,0.004170401185338617,0.00045876226150439944,0.003711638923834217,100.78485065380856,0.005955463078736938,
yolo26n,leaf,36,8,m.0.m.0.cv1,Conv,40ea6f039f44eb87,"Conv[64->64,k3,s1]@1x64x20x20",1,5.1402242537146196e-05,0.005530135531835522,0.0009194531244565603,0.004610682407378962,107.58549158315671,0.00789720617192458,
yolo26n,leaf,37,8,m.0.m.0.cv2,Conv,40ea6f039f44eb87,"Conv[64->64,k3,s1]@1x64x20x20",1,5.1402242537146196e-05,0.005530135531835522,0.0009194531244565603,0.004610682407378962,107.58549158315671,0.00789720617192458,
yolo26n,leaf,38,8,op:add,op:add,53236dc425b31719,op:add[]@1x64x20x20+1x64x20x20,1,9.127386903317731e-06,0.0009351794729535105,0.00011647040223434352,0.000818709070719167,102.45862072676906,0.001335465480574644,
yolo26n,leaf,39,8,m.0.m.1.cv1,Conv,40ea6f039f44eb87,"Conv[64->64,k3,s1]@1x64x20x20",1,5.1402242537146196e-05,0.005530135531835522,0.0009194531244565603,0.004610682407378962,107.58549158315671,0.00789720617192458,
yolo26n,leaf,40,8,m.0.m.1.cv2,Conv,40ea6f039f44eb87,"Conv[64->64,k3,s1]@1x64x20x20",1,5.1402242537146196e-05,0.005530135531835522,0.0009194531244565603,0.004610682407378962,107.58549158315671,0.00789720617192458,
yolo26n,leaf,41,8,op:add,op:add,53236dc425b31719,op:add[]@1x64x20x20+1x64x20x20,1,9.127386903317731e-06,0.0009351794729535105,0.00011647040223434352,0.000818709070719167,102.45862072676906,0.001335465480574644,
yolo26n,leaf,42,8,m.0.cv2,Conv,91e516475f8cd6a6,"Conv[128->64,k1,s1]@1x128x20x20",1,4.137924656617052e-05,0.004170401185338617,0.00045876226150439944,0.003711638923834217,100.78485065380856,0.005955463078736938,
yolo26n,leaf,43,8,op:cat,op:cat,029bc9f572e2f991,op:cat[1]@1x64x20x20+1x64x20x20,1,1.019273169024206e-05,0.0010590947388563244,0.00014482628737054546,0.000914268451485779,103.90685942123262,0.0015124203485068904,
yolo26n,leaf,44,8,m.0.cv3,Conv,36e066b1c615f87a,"Conv[128->128,k1,s1]@1x128x20x20",1,4.135149385022739e-05,0.004302172814457429,0.0005930232559279167,0.0037091495585295127,104.03911476667902,0.0061436370785911965,
yolo26n,leaf,45,8,op:cat,op:cat,fbbc3543b0a2476b,op:cat[1]@1x128x20x20+1x128x20x20+1x128x20x20,1,1.0445226088197208e-05,0.0011396459661889315,0.0002027292522703949,0.0009369167139185366,109.10687395045449,0.001627450015679627,
yolo26n,leaf,46,8,cv2,Conv,b28a91210469f737,"Conv[384->256,k1,s1]@1x384x20x20",1,4.2613330578205604e-05,0.005054355855604245,0.0012320219666737894,0.003822333888930456,118.60973519373943,0.007217777942005086,
yolo26n,leaf,47,9,cv1,Conv,5888eb952ec6c5be,"Conv[256->128,k1,s1]@1x256x20x20",1,3.89298947025914e-05,0.004290134806267308,0.0007981980391770123,0.003491936767090296,110.20155176483773,0.006126446427109071,
yolo26n,leaf,48,9,m,MaxPool2d,c560254500ec5289,MaxPool2d[p=0]@1x128x20x20,1,1.2250689713260218e-05,0.0016914016693466963,0.0005925383367135196,0.0010988633326331767,138.06583212338757,0.0024153743837693606,
yolo26n,leaf,49,9,m,MaxPool2d,c560254500ec5289,MaxPool2d[p=0]@1x128x20x20,1,1.2250689713260218e-05,0.0016914016693466963,0.0005925383367135196,0.0010988633326331767,138.06583212338757,0.0024153743837693606,
yolo26n,leaf,50,9,m,MaxPool2d,c560254500ec5289,MaxPool2d[p=0]@1x128x20x20,1,1.2250689713260218e-05,0.0016914016693466963,0.0005925383367135196,0.0010988633326331767,138.06583212338757,0.0024153743837693606,
yolo26n,leaf,51,9,op:cat,op:cat,3c68e9a3528b1f31,op:cat[1]@1x128x20x20+1x128x20x20+1x128x20x20+1x128x20x20,1,1.0693885500773126e-05,0.0011985166576854163,0.00023929567215529675,0.0009592209855301195,112.07494765104491,0.001711519200884062,
yolo26n,leaf,52,9,cv2,Conv,5836000bc19cc10b,"Conv[512->256,k1,s1]@1x512x20x20",1,4.580250715680436e-05,0.005914981217992815,0.001806584316649153,0.004108396901343662,129.1409921675891,0.008446777825361287,
yolo26n,leaf,53,9,op:add,op:add,d10599b21e83f03c,op:add[]@1x256x20x20+1x256x20x20,1,9.076604192349383e-06,0.0009889556896381716,0.00017480173053483665,0.0008141539591033349,108.95657326026804,0.001412259596715212,yolo26l;yolo26m;yolo26s
yolo26n,leaf,54,10,cv1,Conv,73cbfd59c6c24dfa,"Conv[256->256,k1,s1]@1x256x20x20",1,4.2946511398775335e-05,0.00485819637769302,0.001005976809226952,0.0038522195684660677,113.12202596813384,0.006937656084100481,yolo26l;yolo26m;yolo26s
yolo26n,leaf,55,10,op:split,op:split,9d6786c1065bc72b,"op:split[[128, 128],dim=1]@1x256x20x20",1,5.641465400288955e-06,0.0005240807289748605,1.8052120317322683e-05,0.0005060286086575378,92.89797805868263,0.0007484036410357723,
yolo26n,leaf,56,10,m.0.attn,Attention,b265be72a26f24f7,"Attention[128->128,p=50816]@1x128x20x20",1,0.0002620565949441419,0.028149692339709223,0.0046437192068554956,0.023505973132853727,107.41837024063221,0.04019863940100294,
yolo26n,leaf,57,10,op:add,op:add,501e281da4c6ecce,op:add[]@1x128x20x20+1x128x20x20,1,9.148922786778318e-06,0.000962172182809087,0.0001415313847158207,0.0008206407980932663,105.16781103449493,0.001374011912871155,yolo26l;yolo26m;yolo26s
yolo26n,leaf,58,10,m.0.ffn.0,Conv,81bf5132b5f1bb75,"Conv[128->256,k1,s1]@1x128x20x20",1,4.150289330716175e-05,0.004545109503571577,0.0008223797046066489,0.003722729798964928,109.51307586999656,0.006490558254322741,
yolo26n,leaf,59,10,m.0.ffn.1,Conv,5888eb952ec6c5be,"Conv[256->128,k1,s1]@1x256x20x20",1,3.89298947025914e-05,0.004290134806267308,0.0007981980391770123,0.003491936767090296,110.20155176483773,0.006126446427109071,
yolo26n,leaf,60,10,op:add,op:add,501e281da4c6ecce,op:add[]@1x128x20x20+1x128x20x20,1,9.148922786778318e-06,0.000962172182809087,0.0001415313847158207,0.0008206407980932663,105.16781103449493,0.001374011912871155,yolo26l;yolo26m;yolo26s
yolo26n,leaf,61,10,op:cat,op:cat,4455eab86eb73a18,op:cat[1]@1x128x20x20+1x128x20x20,1,1.020778652985353e-05,0.001091000738747156,0.00017538189706989174,0.0009156188416772643,106.87926668102166,0.0015579831123503417,yolo26l;yolo26m;yolo26s
yolo26n,leaf,62,10,cv2,Conv,73cbfd59c6c24dfa,"Conv[256->256,k1,s1]@1x256x20x20",1,4.2946511398775335e-05,0.00485819637769302,0.001005976809226952,0.0038522195684660677,113.12202596813384,0.006937656084100481,yolo26l;yolo26m;yolo26s
yolo26n,leaf,63,11,,Upsample,a189f149d76af255,"Upsample[x2.0,nearest]@1x256x20x20",1,1.1023244602872043e-05,0.0014925408550244398,0.0005037769907636851,0.0009887638642607547,135.39941358423334,0.0021313949331430537,
yolo26n,leaf,64,12,,Concat,103cf9c61254beea,Concat[d=1]@1x256x40x40+1x128x40x40,1,1.0663560459069692e-05,0.0014305130312767544,0.0004740121437303758,0.0009565008875463786,134.14966199774844,0.002042817264528721,
yolo26n,leaf,65,13,cv1,Conv,ba442894a9364995,"Conv[384->128,k1,s1]@1x384x40x40",1,4.136627837118077e-05,0.005509752532672496,0.0017992768310158228,0.0037104757016566733,133.1943010012487,0.007868098612830247,
yolo26n,leaf,66,13,op:chunk,op:chunk,4022d51d7b8c891d,"op:chunk[2,1]@1x128x40x40",1,4.5422189890358545e-06,0.00042739399147364145,1.9965674157021375e-05,0.00040742831731662007,94.09365609744884,0.0006103319616452231,
yolo26n,leaf,67,13,m.0.cv1,Conv,bd29b2a64f84413f,"Conv[64->32,k1,s1]@1x64x40x40",1,4.11322435810137e-05,0.004225800824104341,0.0005363175935243557,0.0036894832305799856,102.73693959293131,0.00603457549228711,
yolo26n,leaf,68,13,m.0.m.0.cv1,Conv,01c06ea79927d431,"Conv[32->32,k3,s1]@1x32x40x40",1,4.2473029709754694e-05,0.004654680404622936,0.0008449312340622892,0.003809749170560647,109.59143805919514,0.006647028921463683,
yolo26n,leaf,69,13,m.0.m.0.cv2,Conv,01c06ea79927d431,"Conv[32->32,k3,s1]@1x32x40x40",1,4.2473029709754694e-05,0.004654680404622936,0.0008449312340622892,0.003809749170560647,109.59143805919514,0.006647028921463683,
yolo26n,leaf,70,13,op:add,op:add,4056b52dc706d47d,op:add[]@1x32x40x40+1x32x40x40,1,9.174074012958625e-06,0.000959811005613644,0.00013691419084970922,0.0008228968147639347,104.62211273398114,0.001370640078127953,
yolo26n,leaf,71,13,m.0.m.1.cv1,Conv,01c06ea79927d431,"Conv[32->32,k3,s1]@1x32x40x40",1,4.2473029709754694e-05,0.004654680404622936,0.0008449312340622892,0.003809749170560647,109.59143805919514,0.006647028921463683,
yolo26n,leaf,72,13,m.0.m.1.cv2,Conv,01c06ea79927d431,"Conv[32->32,k3,s1]@1x32x40x40",1,4.2473029709754694e-05,0.004654680404622936,0.0008449312340622892,0.003809749170560647,109.59143805919514,0.006647028921463683,
yolo26n,leaf,73,13,op:add,op:add,4056b52dc706d47d,op:add[]@1x32x40x40+1x32x40x40,1,9.174074012958625e-06,0.000959811005613644,0.00013691419084970922,0.0008228968147639347,104.62211273398114,0.001370640078127953,
yolo26n,leaf,74,13,m.0.cv2,Conv,bd29b2a64f84413f,"Conv[64->32,k1,s1]@1x64x40x40",1,4.11322435810137e-05,0.004225800824104341,0.0005363175935243557,0.0036894832305799856,102.73693959293131,0.00603457549228711,
yolo26n,leaf,75,13,op:cat,op:cat,7cd5ab3bb08ead26,op:cat[1]@1x32x40x40+1x32x40x40,1,1.0159263146757469e-05,0.001097991936350987,0.00018672554891977693,0.00091126638743121,108.07791081791527,0.0015679667607705807,
yolo26n,leaf,76,13,m.0.cv3,Conv,343c9aeb5aa8f5dd,"Conv[64->64,k1,s1]@1x64x40x40",1,4.154827188310779e-05,0.004476757864982419,0.0007499576949313433,0.0037268001700510754,107.74835298992366,0.00639294998070629,
yolo26n,leaf,77,13,op:cat,op:cat,94fbae4f210729f9,op:cat[1]@1x64x40x40+1x64x40x40+1x64x40x40,1,1.0387253309153129e-05,0.0012105173844188803,0.0002788007174098193,0.000931716667009061,116.53873727640648,0.0017286566132822781,
yolo26n,leaf,78,13,cv2,Conv,e2557d6faa342b7c,"Conv[192->128,k1,s1]@1x192x40x40",1,4.158073933483537e-05,0.005114855465816094,0.001385143027717869,0.003729712438098225,123.0102097182045,0.007304173273984492,
yolo26n,leaf,79,14,,Upsample,f666e0a07709c942,"Upsample[x2.0,nearest]@1x128x40x40",1,1.090760016951547e-05,0.0021262758693499297,0.00114788508859819,0.0009783907807517397,194.93525948012282,0.0030363883167021065,
yolo26n,leaf,80,15,,Concat,648e0dc76efeeea9,Concat[d=1]@1x128x80x80+1x128x80x80,1,2.6078284198860395e-05,0.0060013556211556875,0.0036621836271824083,0.0023391719939732793,230.12846916584886,0.00857012316939985,
yolo26n,leaf,81,16,cv1,Conv,910fe0cfb54ab5d1,"Conv[256->64,k1,s1]@1x256x80x80",1,4.147422434426672e-05,0.007330932658125964,0.003610774410057136,0.0037201582480688284,176.75876460699553,0.01046880068317243,
yolo26n,leaf,82,16,op:chunk,op:chunk,11d3b25859ad0ee1,"op:chunk[2,1]@1x64x80x80",1,4.54345388880901e-06,0.00040963336737133074,2.0942819174090787e-06,0.00040753908545392166,90.15902381672663,0.0005849692359994293,
yolo26n,leaf,83,16,m.0.cv1,Conv,15e8874883834149,"Conv[32->16,k1,s1]@1x32x80x80",1,4.171751647066699e-05,0.004658525295281126,0.000916544210859644,0.003741981084421482,111.66832758504918,0.006652519545348293,
yolo26n,leaf,84,16,m.0.m.0.cv1,Conv,7042132e3bcadc69,"Conv[16->16,k3,s1]@1x16x80x80",1,4.289827327913865e-05,0.005112219064809304,0.0012643263630050003,0.003847892701804304,119.17074217752644,0.007300408411047113,
yolo26n,leaf,85,16,m.0.m.0.cv2,Conv,7042132e3bcadc69,"Conv[16->16,k3,s1]@1x16x80x80",1,4.289827327913865e-05,0.005112219064809304,0.0012643263630050003,0.003847892701804304,119.17074217752644,0.007300408411047113,
yolo26n,leaf,86,16,op:add,op:add,0f39113ed840c325,op:add[]@1x16x80x80+1x16x80x80,1,9.158616546614367e-06,0.0010054799236139018,0.00018396961388590237,0.0008215103097279994,109.78513168406357,0.0014358567186642558,
yolo26n,leaf,87,16,m.0.m.1.cv1,Conv,7042132e3bcadc69,"Conv[16->16,k3,s1]@1x16x80x80",1,4.289827327913865e-05,0.005112219064809304,0.0012643263630050003,0.003847892701804304,119.17074217752644,0.007300408411047113,
yolo26n,leaf,88,16,m.0.m.1.cv2,Conv,7042132e3bcadc69,"Conv[16->16,k3,s1]@1x16x80x80",1,4.289827327913865e-05,0.005112219064809304,0.0012643263630050003,0.003847892701804304,119.17074217752644,0.007300408411047113,
yolo26n,leaf,89,16,op:add,op:add,0f39113ed840c325,op:add[]@1x16x80x80+1x16x80x80,1,9.158616546614367e-06,0.0010054799236139018,0.00018396961388590237,0.0008215103097279994,109.78513168406357,0.0014358567186642558,
yolo26n,leaf,90,16,m.0.cv2,Conv,15e8874883834149,"Conv[32->16,k1,s1]@1x32x80x80",1,4.171751647066699e-05,0.004658525295281126,0.000916544210859644,0.003741981084421482,111.66832758504918,0.006652519545348293,
yolo26n,leaf,91,16,op:cat,op:cat,73b813cdb14150f3,op:cat[1]@1x16x80x80+1x16x80x80,1,1.0173420418933769e-05,0.0011388217382830997,0.00022628547073503342,0.0009125362675480663,111.94089022052374,0.0016262729925004416,
yolo26n,leaf,92,16,m.0.cv3,Conv,a6c515c9b0ef8008,"Conv[32->32,k1,s1]@1x32x80x80",1,4.145358608306966e-05,0.0047577853805729955,0.0010394783448856386,0.003718307035687357,114.77379474573745,0.0067942660457152625,
yolo26n,leaf,93,16,op:cat,op:cat,369944de179e955c,op:cat[1]@1x32x80x80+1x32x80x80+1x32x80x80,1,1.0375037490984797e-05,0.0013799109542201788,0.00044929002263316225,0.0009306209315870166,133.00298484889598,0.001970555918863156,
yolo26n,leaf,94,16,cv2,Conv,136d267f587ecfa6,"Conv[96->64,k1,s1]@1x96x80x80",1,4.146505436797407e-05,0.005546392712560622,0.0018270569937489183,0.003719335718811704,133.7606521226325,0.00792042193349521,
yolo26n,leaf,95,17,,Conv,ac064414c0d3e45f,"Conv[64->64,k3,s2]@1x64x80x80",1,5.539740133433499e-05,0.007153133441938207,0.0021840929655008376,0.00496904047643737,129.12398902554182,0.010214897852155328,
yolo26n,leaf,96,18,,Concat,ed712066ec1e01bd,Concat[d=1]@1x64x40x40+1x128x40x40,1,1.064203369364245e-05,0.001286048585536569,0.00033147860749421505,0.000954569978042354,120.84612984310078,0.0018365175263115663,
yolo26n,leaf,97,19,cv1,Conv,e2557d6faa342b7c,"Conv[192->128,k1,s1]@1x192x40x40",1,4.158073933483537e-05,0.005114855465816094,0.001385143027717869,0.003729712438098225,123.0102097182045,0.007304173273984492,
yolo26n,leaf,98,19,op:chunk,op:chunk,4022d51d7b8c891d,"op:chunk[2,1]@1x128x40x40",1,4.5422189890358545e-06,0.00042739399147364145,1.9965674157021375e-05,0.00040742831731662007,94.09365609744884,0.0006103319616452231,
yolo26n,leaf,99,19,m.0.cv1,Conv,bd29b2a64f84413f,"Conv[64->32,k1,s1]@1x64x40x40",1,4.11322435810137e-05,0.004225800824104341,0.0005363175935243557,0.0036894832305799856,102.73693959293131,0.00603457549228711,
yolo26n,leaf,100,19,m.0.m.0.cv1,Conv,01c06ea79927d431,"Conv[32->32,k3,s1]@1x32x40x40",1,4.2473029709754694e-05,0.004654680404622936,0.0008449312340622892,0.003809749170560647,109.59143805919514,0.006647028921463683,
yolo26n,leaf,101,19,m.0.m.0.cv2,Conv,01c06ea79927d431,"Conv[32->32,k3,s1]@1x32x40x40",1,4.2473029709754694e-05,0.004654680404622936,0.0008449312340622892,0.003809749170560647,109.59143805919514,0.006647028921463683,
yolo26n,leaf,102,19,op:add,op:add,4056b52dc706d47d,op:add[]@1x32x40x40+1x32x40x40,1,9.174074012958625e-06,0.000959811005613644,0.00013691419084970922,0.0008228968147639347,104.62211273398114,0.001370640078127953,
yolo26n,leaf,103,19,m.0.m.1.cv1,Conv,01c06ea79927d431,"Conv[32->32,k3,s1]@1x32x40x40",1,4.2473029709754694e-05,0.004654680404622936,0.0008449312340622892,0.003809749170560647,109.59143805919514,0.006647028921463683,
yolo26n,leaf,104,19,m.0.m.1.cv2,Conv,01c06ea79927d431,"Conv[32->32,k3,s1]@1x32x40x40",1,4.2473029709754694e-05,0.004654680404622936,0.0008449312340622892,0.003809749170560647,109.59143805919514,0.006647028921463683,
yolo26n,leaf,105,19,op:add,op:add,4056b52dc706d47d,op:add[]@1x32x40x40+1x32x40x40,1,9.174074012958625e-06,0.000959811005613644,0.00013691419084970922,0.0008228968147639347,104.62211273398114,0.001370640078127953,
yolo26n,leaf,106,19,m.0.cv2,Conv,bd29b2a64f84413f,"Conv[64->32,k1,s1]@1x64x40x40",1,4.11322435810137e-05,0.004225800824104341,0.0005363175935243557,0.0036894832305799856,102.73693959293131,0.00603457549228711,
yolo26n,leaf,107,19,op:cat,op:cat,7cd5ab3bb08ead26,op:cat[1]@1x32x40x40+1x32x40x40,1,1.0159263146757469e-05,0.001097991936350987,0.00018672554891977693,0.00091126638743121,108.07791081791527,0.0015679667607705807,
yolo26n,leaf,108,19,m.0.cv3,Conv,343c9aeb5aa8f5dd,"Conv[64->64,k1,s1]@1x64x40x40",1,4.154827188310779e-05,0.004476757864982419,0.0007499576949313433,0.0037268001700510754,107.74835298992366,0.00639294998070629,
yolo26n,leaf,109,19,op:cat,op:cat,94fbae4f210729f9,op:cat[1]@1x64x40x40+1x64x40x40+1x64x40x40,1,1.0387253309153129e-05,0.0012105173844188803,0.0002788007174098193,0.000931716667009061,116.53873727640648,0.0017286566132822781,
yolo26n,leaf,110,19,cv2,Conv,e2557d6faa342b7c,"Conv[192->128,k1,s1]@1x192x40x40",1,4.158073933483537e-05,0.005114855465816094,0.001385143027717869,0.003729712438098225,123.0102097182045,0.007304173273984492,
yolo26n,leaf,111,20,,Conv,e0df47f3e45ecf61,"Conv[128->128,k3,s2]@1x128x40x40",1,5.131723411808762e-05,0.006754495295045208,0.002151437979547194,0.004603057315498014,131.6223567213743,0.009645630134233219,
yolo26n,leaf,112,21,,Concat,b719d1ee743159f0,Concat[d=1]@1x128x20x20+1x256x20x20,1,1.0903704892127526e-05,0.0011821247818250915,0.00020408339997188187,0.0009780413818532097,108.41496477757624,0.001688111090455598,
yolo26n,leaf,113,22,cv1,Conv,b28a91210469f737,"Conv[384->256,k1,s1]@1x384x20x20",1,4.2613330578205604e-05,0.005054355855604245,0.0012320219666737894,0.003822333888930456,118.60973519373943,0.007217777942005086,
yolo26n,leaf,114,22,op:chunk,op:chunk,dfb92eed26b36b50,"op:chunk[2,1]@1x256x20x20",1,4.540554116873969e-06,0.00042422316031734235,1.694417883527842e-05,0.00040727898148206393,93.42982142659868,0.0006058039157712108,
yolo26n,leaf,115,22,m.0.0.cv1,Conv,cf8e41e4368720f1,"Conv[128->64,k3,s1]@1x128x20x20",1,5.338375337569432e-05,0.00646043870796427,0.0016720185850231462,0.004788420122941124,121.0188175136017,0.009225708148411674,
yolo26n,leaf,116,22,m.0.0.cv2,Conv,c683490f270f2aa4,"Conv[64->128,k3,s1]@1x64x20x20",1,5.168598281378068e-05,0.006046793431735401,0.0014106600666322104,0.0046361333651031905,116.9909732300415,0.00863500978132521,
yolo26n,leaf,117,22,op:add,op:add,501e281da4c6ecce,op:add[]@1x128x20x20+1x128x20x20,1,9.148922786778318e-06,0.000962172182809087,0.0001415313847158207,0.0008206407980932663,105.16781103449493,0.001374011912871155,yolo26l;yolo26m;yolo26s
yolo26n,leaf,118,22,m.0.1.attn,Attention,b265be72a26f24f7,"Attention[128->128,p=50816]@1x128x20x20",1,0.0002620565949441419,0.028149692339709223,0.0046437192068554956,0.023505973132853727,107.41837024063221,0.04019863940100294,
yolo26n,leaf,119,22,op:add,op:add,501e281da4c6ecce,op:add[]@1x128x20x20+1x128x20x20,1,9.148922786778318e-06,0.000962172182809087,0.0001415313847158207,0.0008206407980932663,105.16781103449493,0.001374011912871155,yolo26l;yolo26m;yolo26s
yolo26n,leaf,120,22,m.0.1.ffn.0,Conv,81bf5132b5f1bb75,"Conv[128->256,k1,s1]@1x128x20x20",1,4.150289330716175e-05,0.004545109503571577,0.0008223797046066489,0.003722729798964928,109.51307586999656,0.006490558254322741,
yolo26n,leaf,121,22,m.0.1.ffn.1,Conv,5888eb952ec6c5be,"Conv[256->128,k1,s1]@1x256x20x20",1,3.89298947025914e-05,0.004290134806267308,0.0007981980391770123,0.003491936767090296,110.20155176483773,0.006126446427109071,
yolo26n,leaf,122,22,op:add,op:add,501e281da4c6ecce,op:add[]@1x128x20x20+1x128x20x20,1,9.148922786778318e-06,0.000962172182809087,0.0001415313847158207,0.0008206407980932663,105.16781103449493,0.001374011912871155,yolo26l;yolo26m;yolo26s
yolo26n,leaf,123,22,op:cat,op:cat,fbbc3543b0a2476b,op:cat[1]@1x128x20x20+1x128x20x20+1x128x20x20,1,1.0445226088197208e-05,0.0011396459661889315,0.0002027292522703949,0.0009369167139185366,109.10687395045449,0.001627450015679627,
yolo26n,leaf,124,22,cv2,Conv,b28a91210469f737,"Conv[384->256,k1,s1]@1x384x20x20",1,4.2613330578205604e-05,0.005054355855604245,0.0012320219666737894,0.003822333888930456,118.60973519373943,0.007217777942005086,
yolo26n,leaf,125,23,,Detect,1805e3dcc06abfde,"Detect[nc=80,e2e]@1x64x80x80+1x128x40x40+1x256x20x20",1,0.0013225613045660782,0.1573747675969781,0.03874355933332527,0.11863120826365284,118.99241801015152,0.22473608084602298,
yolo26s,leaf,0,0,,Conv,0bc149d28c6c8862,"Conv[3->32,k3,s2]@1x3x640x640",1,0.0001412590666749205,0.03922319789924994,0.026552530989529793,0.012670666909720147,277.66853358527624,0.03921734024028883,
yolo26s,leaf,1,1,,Conv,c5f83e3221059400,"Conv[32->64,k3,s2]@1x32x320x320",1,0.00011210454936129782,0.03327238666162112,0.0232168239465556,0.010055562715065521,296.7978271282168,0.033267417706912564,
yolo26s,leaf,2,2,cv1,Conv,8610e43e956152d8,"Conv[64->64,k1,s1]@1x64x160x160",1,6.889128510571379e-05,0.016556591945629324,0.010377176017830045,0.00617941592779928,240.3292654538699,0.016554119356081042,yolo26l;yolo26m
yolo26s,leaf,3,2,op:chunk,op:chunk,2e3a551c4fe866cc,"op:chunk[2,1]@1x64x160x160",1,4.415268241638508e-06,0.0004099039675947619,1.386288843619615e-05,0.00039604107915856574,92.83784023111727,0.00040984275184037224,
yolo26s,leaf,4,2,m.0.cv1,Conv,1cbd682f933b5571,"Conv[32->16,k3,s1]@1x32x160x160",1,4.326252397884917e-05,0.009565968178441969,0.00568540288863108,0.0038805652898108887,221.11442649806384,0.009564539580514637,
yolo26s,leaf,5,2,m.0.cv2,Conv,c4616747efd6a455,"Conv[16->32,k3,s1]@1x16x160x160",1,4.3378687079517234e-05,0.009324337950429359,0.005433353053648019,0.0038909848967813394,214.9520554491879,0.009322945437970478,
yolo26s,leaf,6,2,op:add,op:add,1191e4f142683e30,op:add[]@1x32x160x160+1x32x160x160,1,1.7473654213277732e-05,0.003908880683820286,0.0023415274693070927,0.0015673532145131935,223.70138702012537,0.003908296924943095,yolo26l;yolo26m
yolo26s,leaf,7,2,op:cat,op:cat,e7c053555673f38b,op:cat[1]@1x32x160x160+1x32x160x160+1x32x160x160,1,3.769885848507116e-05,0.008787908245489643,0.005406393062182683,0.0033815151833069593,233.10807272771072,0.008786595844353564,
yolo26s,leaf,8,2,cv2,Conv,6a61aeb8099789d8,"Conv[96->128,k1,s1]@1x96x160x160",1,0.00014592902751711062,0.03893696425428431,0.02584741082842288,0.013089553425861435,266.8212412346737,0.03893114934194166,
yolo26s,leaf,9,3,,Conv,15553e44bcc83312,"Conv[128->128,k3,s2]@1x128x160x160",1,0.00013115475534505286,0.037483013526138,0.025718683931441288,0.011764329594696709,285.7922568459265,0.037477415749265365,
yolo26s,leaf,10,4,cv1,Conv,37c70738f9f86043,"Conv[128->128,k1,s1]@1x128x80x80",1,4.201328918966044e-05,0.008301192478089947,0.004532681148980011,0.003768511329109936,197.58492225200231,0.008299952763912839,yolo26l;yolo26m
yolo26s,leaf,11,4,op:chunk,op:chunk,c92332570fb74484,"op:chunk[2,1]@1x128x80x80",1,4.395279496795503e-06,0.00042175899283975,2.751086569347498e-05,0.00039424812714627505,95.95726350218337,0.0004216960066357647,
yolo26s,leaf,12,4,m.0.cv1,Conv,b78cb3fbac166b98,"Conv[64->32,k3,s1]@1x64x80x80",1,4.289984890465768e-05,0.0070239367015258024,0.0031759026691393563,0.003848034032386446,163.72870489907964,0.007022887734894686,
yolo26s,leaf,13,4,m.0.cv2,Conv,1e8e3d64e53727ae,"Conv[32->64,k3,s1]@1x32x80x80",1,4.301239002676029e-05,0.00762968622479884,0.0037715574699611273,0.003858128754837713,177.38345207164744,0.007628546794505574,
yolo26s,leaf,14,4,op:add,op:add,bd915cfbe647f0e6,op:add[]@1x64x80x80+1x64x80x80,1,9.322305881311355e-06,0.001229508166408619,0.0003933152378198262,0.0008361929285887927,131.88884617843775,0.001229324549571786,yolo26l;yolo26m
yolo26s,leaf,15,4,op:cat,op:cat,286c012767bdcbfe,op:cat[1]@1x64x80x80+1x64x80x80+1x64x80x80,1,1.77690366247753e-05,0.004045397042010241,0.002451548592641159,0.0015938484493690818,227.66552444209378,0.004044792895548362,
yolo26s,leaf,16,4,cv2,Conv,189b8319ff110f54,"Conv[192->256,k1,s1]@1x192x80x80",1,6.768891291167851e-05,0.01883145048906917,0.012759885037212723,0.006071565451856447,278.2058342943212,0.01882863816828412,
yolo26s,leaf,17,5,,Conv,8db2c8e048a70901,"Conv[256->256,k3,s2]@1x256x80x80",1,9.665851250358084e-05,0.028691410617104722,0.02002132773498885,0.008670082882115872,296.8327348927681,0.0286871257931355,yolo26l;yolo26m
yolo26s,leaf,18,6,cv1,Conv,23af8dfe52fcdc4d,"Conv[256->256,k1,s1]@1x256x40x40",1,4.1633185493107026e-05,0.006505857680623277,0.002771440922881741,0.0037344167577415357,156.26615171448785,0.006504886084792653,yolo26l;yolo26m
yolo26s,leaf,19,6,op:chunk,op:chunk,382b90d25efa9670,"op:chunk[2,1]@1x256x40x40",1,4.41171107176387e-06,0.000424937748343213,2.9215740488767875e-05,0.0003957220078544451,96.32039393126357,0.0004248742874184844,
yolo26s,leaf,20,6,m.0.cv1,Conv,60f5936cd97a1273,"Conv[128->64,k1,s1]@1x128x40x40",1,4.1526513786980505e-05,0.004642731681082769,0.0009178831704551062,0.0037248485106276628,111.80162401541084,0.004642038327651832,
yolo26s,leaf,21,6,m.0.m.0.cv1,Conv,ba295554e3a87a49,"Conv[64->64,k3,s1]@1x64x40x40",1,4.32369343313422e-05,0.0059801673816483065,0.002101897434058842,0.0038782699475894645,138.31154946879104,0.005979274293299364,
yolo26s,leaf,22,6,m.0.m.0.cv2,Conv,ba295554e3a87a49,"Conv[64->64,k3,s1]@1x64x40x40",1,4.32369343313422e-05,0.0059801673816483065,0.002101897434058842,0.0038782699475894645,138.31154946879104,0.005979274293299364,
yolo26s,leaf,23,6,op:add,op:add,8e9352ef37e5b809,op:add[]@1x64x40x40+1x64x40x40,1,9.375287430619122e-06,0.001030700640062685,0.00018975536828317512,0.0008409452717795099,109.93803098734648,0.00103054671347934,
yolo26s,leaf,24,6,m.0.m.1.cv1,Conv,ba295554e3a87a49,"Conv[64->64,k3,s1]@1x64x40x40",1,4.32369343313422e-05,0.0059801673816483065,0.002101897434058842,0.0038782699475894645,138.31154946879104,0.005979274293299364,
yolo26s,leaf,25,6,m.0.m.1.cv2,Conv,ba295554e3a87a49,"Conv[64->64,k3,s1]@1x64x40x40",1,4.32369343313422e-05,0.0059801673816483065,0.002101897434058842,0.0038782699475894645,138.31154946879104,0.005979274293299364,
yolo26s,leaf,26,6,op:add,op:add,8e9352ef37e5b809,op:add[]@1x64x40x40+1x64x40x40,1,9.375287430619122e-06,0.001030700640062685,0.00018975536828317512,0.0008409452717795099,109.93803098734648,0.00103054671347934,
yolo26s,leaf,27,6,m.0.cv2,Conv,60f5936cd97a1273,"Conv[128->64,k1,s1]@1x128x40x40",1,4.1526513786980505e-05,0.004642731681082769,0.0009178831704551062,0.0037248485106276628,111.80162401541084,0.004642038327651832,
yolo26s,leaf,28,6,op:cat,op:cat,656724c06b1c7ace,op:cat[1]@1x64x40x40+1x64x40x40,1,1.0401009466696384e-05,0.001170658800171234,0.0002377082322573246,0.0009329505679139094,112.55242137021763,0.00117048397199866,
yolo26s,leaf,29,6,m.0.cv3,Conv,1e47e2f3f4f773f4,"Conv[128->128,k1,s1]@1x128x40x40",1,4.16688424113888e-05,0.004979407699063282,0.0012417925842519288,0.0037376151148113533,119.49954476542706,0.004978664065864266,yolo26n
yolo26s,leaf,30,6,op:cat,op:cat,c0156b37de35a110,op:cat[1]@1x128x40x40+1x128x40x40+1x128x40x40,1,1.0491427893354917e-05,0.0014588886799028699,0.0005178277528193948,0.0009410609270834751,139.05530255103824,0.0014586708069907464,
yolo26s,leaf,31,6,cv2,Conv,440a73cfd49e8a0f,"Conv[384->256,k1,s1]@1x384x40x40",1,4.1637704568855395e-05,0.007282525181708928,0.003547703071554303,0.003734822110154625,174.90217717612097,0.007281437597035191,
yolo26s,leaf,32,7,,Conv,d691679f9f58a1b4,"Conv[256->512,k3,s2]@1x256x40x40",1,6.495589059310441e-05,0.019156103802209813,0.013329685201954586,0.005826418600255228,294.9094166410119,0.019153242997147837,
yolo26s,leaf,33,8,cv1,Conv,8ca8a00b85e9776d,"Conv[512->512,k1,s1]@1x512x20x20",1,4.28691248578454e-05,0.006258995994049006,0.0024137178496380406,0.0038452781444109655,146.00242050202615,0.006258061264961737,yolo26l;yolo26m
yolo26s,leaf,34,8,op:chunk,op:chunk,12889ce8ea8cddec,"op:chunk[2,1]@1x512x20x20",1,4.400606371074762e-06,0.00041284383390901577,1.8117896373282514e-05,0.00039472593753573325,93.81521524457247,0.0004127821791099999,yolo26l;yolo26m
yolo26s,leaf,35,8,m.0.cv1,Conv,c8333f13264ecfd9,"Conv[256->128,k1,s1]@1x256x20x20",1,4.600609400384554e-05,0.005065908963238938,0.000939250712823819,0.004126658250415119,110.11386801964737,0.0050651524117942825,yolo26l;yolo26m
yolo26s,leaf,36,8,m.0.m.0.cv1,Conv,5f6a6a2149226c08,"Conv[128->128,k3,s1]@1x128x20x20",1,5.2126299013671044e-05,0.0067147585855958005,0.0020391297032483708,0.00467562888234743,128.81709832947735,0.0067137557921493896,yolo26l;yolo26m
yolo26s,leaf,37,8,m.0.m.0.cv2,Conv,5f6a6a2149226c08,"Conv[128->128,k3,s1]@1x128x20x20",1,5.2126299013671044e-05,0.0067147585855958005,0.0020391297032483708,0.00467562888234743,128.81709832947735,0.0067137557921493896,yolo26l;yolo26m
yolo26s,leaf,38,8,op:add,op:add,501e281da4c6ecce,op:add[]@1x128x20x20+1x128x20x20,1,9.148922786778318e-06,0.000962172182809087,0.0001415313847158207,0.0008206407980932663,105.16781103449493,0.0009620284903818849,yolo26l;yolo26m;yolo26n
yolo26s,leaf,39,8,m.0.m.1.cv1,Conv,5f6a6a2149226c08,"Conv[128->128,k3,s1]@1x128x20x20",1,5.2126299013671044e-05,0.0067147585855958005,0.0020391297032483708,0.00467562888234743,128.81709832947735,0.0067137557921493896,yolo26l;yolo26m
yolo26s,leaf,40,8,m.0.m.1.cv2,Conv,5f6a6a2149226c08,"Conv[128->128,k3,s1]@1x128x20x20",1,5.2126299013671044e-05,0.0067147585855958005,0.0020391297032483708,0.00467562888234743,128.81709832947735,0.0067137557921493896,yolo26l;yolo26m
yolo26s,leaf,41,8,op:add,op:add,501e281da4c6ecce,op:add[]@1x128x20x20+1x128x20x20,1,9.148922786778318e-06,0.000962172182809087,0.0001415313847158207,0.0008206407980932663,105.16781103449493,0.0009620284903818849,yolo26l;yolo26m;yolo26n
yolo26s,leaf,42,8,m.0.cv2,Conv,c8333f13264ecfd9,"Conv[256->128,k1,s1]@1x256x20x20",1,4.600609400384554e-05,0.005065908963238938,0.000939250712823819,0.004126658250415119,110.11386801964737,0.0050651524117942825,yolo26l;yolo26m
yolo26s,leaf,43,8,op:cat,op:cat,4455eab86eb73a18,op:cat[1]@1x128x20x20+1x128x20x20,1,1.020778652985353e-05,0.001091000738747156,0.00017538189706989174,0.0009156188416772643,106.87926668102166,0.001090837806844706,yolo26l;yolo26m;yolo26n
yolo26s,leaf,44,8,m.0.cv3,Conv,73cbfd59c6c24dfa,"Conv[256->256,k1,s1]@1x256x20x20",1,4.2946511398775335e-05,0.00485819637769302,0.001005976809226952,0.0038522195684660677,113.12202596813384,0.00485747084639851,yolo26l;yolo26m;yolo26n
yolo26s,leaf,45,8,op:cat,op:cat,b15e0002af07527a,op:cat[1]@1x256x20x20+1x256x20x20+1x256x20x20,1,1.044258547240657e-05,0.0012479594472313638,0.0003112795914763936,0.0009366798557549702,119.506749600371,0.0012477730748489293,yolo26l;yolo26m
yolo26s,leaf,46,8,cv2,Conv,8fa73bf7f1bdcb03,"Conv[768->512,k1,s1]@1x768x20x20",1,4.271784009920738e-05,0.007048469721587983,0.0032167615293955966,0.003831708192192386,165.00061110811558,0.007047417091154002,yolo26l;yolo26m
yolo26s,leaf,47,9,cv1,Conv,67568c7ff087692a,"Conv[512->256,k1,s1]@1x512x20x20",1,3.883377821291349e-05,0.005224339558135304,0.0017410242555209346,0.0034833153026143696,134.5308079345739,0.005223559346396648,yolo26l;yolo26m
yolo26s,leaf,48,9,m,MaxPool2d,c3660bbcc966afd5,MaxPool2d[p=0]@1x256x20x20,1,1.2152107565292478e-05,0.0021538243265689394,0.0010638036232235417,0.0010900207033453977,177.23874768196234,0.002153502670787593,yolo26l;yolo26m
yolo26s,leaf,49,9,m,MaxPool2d,c3660bbcc966afd5,MaxPool2d[p=0]@1x256x20x20,1,1.2152107565292478e-05,0.0021538243265689394,0.0010638036232235417,0.0010900207033453977,177.23874768196234,0.002153502670787593,yolo26l;yolo26m
yolo26s,leaf,50,9,m,MaxPool2d,c3660bbcc966afd5,MaxPool2d[p=0]@1x256x20x20,1,1.2152107565292478e-05,0.0021538243265689394,0.0010638036232235417,0.0010900207033453977,177.23874768196234,0.002153502670787593,yolo26l;yolo26m
yolo26s,leaf,51,9,op:cat,op:cat,de774739b210b292,op:cat[1]@1x256x20x20+1x256x20x20+1x256x20x20+1x256x20x20,1,1.0760400715292149e-05,0.0013479112751129355,0.0003827240026220034,0.0009651872724909321,125.26589954938673,0.001347709975754843,yolo26l;yolo26m
yolo26s,leaf,52,9,cv2,Conv,2f88b651e610ec87,"Conv[1024->512,k1,s1]@1x1024x20x20",1,4.6217959434164726e-05,0.009939645511972406,0.0057939833394696745,0.004145662172502731,215.06024137934855,0.009938161108437715,yolo26l;yolo26m
yolo26s,leaf,53,9,op:add,op:add,58048019ce9edcbc,op:add[]@1x512x20x20+1x512x20x20,1,9.288686453662437e-06,0.0011048356552203864,0.00027165832470584113,0.0008331773305145453,118.94422970696364,0.0011046706571880233,yolo26l;yolo26m
yolo26s,leaf,54,10,cv1,Conv,8ca8a00b85e9776d,"Conv[512->512,k1,s1]@1x512x20x20",1,4.28691248578454e-05,0.006258995994049006,0.0024137178496380406,0.0038452781444109655,146.00242050202615,0.006258061264961737,yolo26l;yolo26m
yolo26s,leaf,55,10,op:split,op:split,e4d960981e560242,"op:split[[256, 256],dim=1]@1x512x20x20",1,5.729954132389466e-06,0.000543405576085177,2.9439698152816077e-05,0.0005139658779323609,94.83593821693817,0.0005433244229739379,yolo26l;yolo26m
yolo26s,leaf,56,10,m.0.attn,Attention,87501ab6eeead3a3,"Attention[256->256,p=199936]@1x256x20x20",1,0.0002678893740720354,0.032388033817362535,0.008358871602015542,0.024029162215346993,120.90077827668297,0.032383196933409054,yolo26l;yolo26m
yolo26s,leaf,57,10,op:add,op:add,d10599b21e83f03c,op:add[]@1x256x20x20+1x256x20x20,1,9.076604192349383e-06,0.0009889556896381716,0.00017480173053483665,0.0008141539591033349,108.95657326026804,0.000988807997316591,yolo26l;yolo26m;yolo26n
yolo26s,leaf,58,10,m.0.ffn.0,Conv,9107ffd7fc86dace,"Conv[256->512,k1,s1]@1x256x20x20",1,4.308888259652748e-05,0.005565081526598514,0.0017000915352016004,0.003864989991396914,129.15353546547996,0.005564250427875831,yolo26l;yolo26m
yolo26s,leaf,59,10,m.0.ffn.1,Conv,67568c7ff087692a,"Conv[512->256,k1,s1]@1x512x20x20",1,3.883377821291349e-05,0.005224339558135304,0.0017410242555209346,0.0034833153026143696,134.5308079345739,0.005223559346396648,yolo26l;yolo26m
yolo26s,leaf,60,10,op:add,op:add,d10599b21e83f03c,op:add[]@1x256x20x20+1x256x20x20,1,9.076604192349383e-06,0.0009889556896381716,0.00017480173053483665,0.0008141539591033349,108.95657326026804,0.000988807997316591,yolo26l;yolo26m;yolo26n
yolo26s,leaf,61,10,op:cat,op:cat,c9379f0477365213,op:cat[1]@1x256x20x20+1x256x20x20,1,1.0303482489807105e-05,0.0011677878091702382,0.00024358522372544577,0.0009242025854447924,113.33913658081063,0.0011676134097563342,yolo26l;yolo26m
yolo26s,leaf,62,10,cv2,Conv,8ca8a00b85e9776d,"Conv[512->512,k1,s1]@1x512x20x20",1,4.28691248578454e-05,0.006258995994049006,0.0024137178496380406,0.0038452781444109655,146.00242050202615,0.006258061264961737,yolo26l;yolo26m
yolo26s,leaf,63,11,,Upsample,f2bd84b1cf0e5086,"Upsample[x2.0,nearest]@1x512x20x20",1,1.0859562468356649e-05,0.0022791023320621624,0.001305020440819744,0.0009740818912424184,209.8705485329791,0.0022787619670507986,yolo26l;yolo26m
yolo26s,leaf,64,12,,Concat,12c81b34f69ff9c1,Concat[d=1]@1x512x40x40+1x256x40x40,1,1.7556679031563348e-05,0.004019488043798741,0.0024446876625832644,0.0015748003812154768,228.94352836162906,0.00401888776663064,
yolo26s,leaf,65,13,cv1,Conv,5263083285b2ec73,"Conv[768->256,k1,s1]@1x768x40x40",1,4.1842865074358315e-05,0.011009465648877207,0.007256241035510242,0.0037532246133669643,263.1145269166548,0.011007821476587102,
yolo26s,leaf,66,13,op:chunk,op:chunk,382b90d25efa9670,"op:chunk[2,1]@1x256x40x40",1,4.41171107176387e-06,0.000424937748343213,2.9215740488767875e-05,0.0003957220078544451,96.32039393126357,0.0004248742874184844,
yolo26s,leaf,67,13,m.0.cv1,Conv,60f5936cd97a1273,"Conv[128->64,k1,s1]@1x128x40x40",1,4.1526513786980505e-05,0.004642731681082769,0.0009178831704551062,0.0037248485106276628,111.80162401541084,0.004642038327651832,
yolo26s,leaf,68,13,m.0.m.0.cv1,Conv,ba295554e3a87a49,"Conv[64->64,k3,s1]@1x64x40x40",1,4.32369343313422e-05,0.0059801673816483065,0.002101897434058842,0.0038782699475894645,138.31154946879104,0.005979274293299364,
yolo26s,leaf,69,13,m.0.m.0.cv2,Conv,ba295554e3a87a49,"Conv[64->64,k3,s1]@1x64x40x40",1,4.32369343313422e-05,0.0059801673816483065,0.002101897434058842,0.0038782699475894645,138.31154946879104,0.005979274293299364,
yolo26s,leaf,70,13,op:add,op:add,8e9352ef37e5b809,op:add[]@1x64x40x40+1x64x40x40,1,9.375287430619122e-06,0.001030700640062685,0.00018975536828317512,0.0008409452717795099,109.93803098734648,0.00103054671347934,
yolo26s,leaf,71,13,m.0.m.1.cv1,Conv,ba295554e3a87a49,"Conv[64->64,k3,s1]@1x64x40x40",1,4.32369343313422e-05,0.0059801673816483065,0.002101897434058842,0.0038782699475894645,138.31154946879104,0.005979274293299364,
yolo26s,leaf,72,13,m.0.m.1.cv2,Conv,ba295554e3a87a49,"Conv[64->64,k3,s1]@1x64x40x40",1,4.32369343313422e-05,0.0059801673816483065,0.002101897434058842,0.0038782699475894645,138.31154946879104,0.005979274293299364,
yolo26s,leaf,73,13,op:add,op:add,8e9352ef37e5b809,op:add[]@1x64x40x40+1x64x40x40,1,9.375287430619122e-06,0.001030700640062685,0.00018975536828317512,0.0008409452717795099,109.93803098734648,0.00103054671347934,
yolo26s,leaf,74,13,m.0.cv2,Conv,60f5936cd97a1273,"Conv[128->64,k1,s1]@1x128x40x40",1,4.1526513786980505e-05,0.004642731681082769,0.0009178831704551062,0.0037248485106276628,111.80162401541084,0.004642038327651832,
yolo26s,leaf,75,13,op:cat,op:cat,656724c06b1c7ace,op:cat[1]@1x64x40x40+1x64x40x40,1,1.0401009466696384e-05,0.001170658800171234,0.0002377082322573246,0.0009329505679139094,112.55242137021763,0.00117048397199866,
yolo26s,leaf,76,13,m.0.cv3,Conv,1e47e2f3f4f773f4,"Conv[128->128,k1,s1]@1x128x40x40",1,4.16688424113888e-05,0.004979407699063282,0.0012417925842519288,0.0037376151148113533,119.49954476542706,0.004978664065864266,yolo26n
yolo26s,leaf,77,13,op:cat,op:cat,c0156b37de35a110,op:cat[1]@1x128x40x40+1x128x40x40+1x128x40x40,1,1.0491427893354917e-05,0.0014588886799028699,0.0005178277528193948,0.0009410609270834751,139.05530255103824,0.0014586708069907464,
yolo26s,leaf,78,13,cv2,Conv,440a73cfd49e8a0f,"Conv[384->256,k1,s1]@1x384x40x40",1,4.1637704568855395e-05,0.007282525181708928,0.003547703071554303,0.003734822110154625,174.90217717612097,0.007281437597035191,
yolo26s,leaf,79,14,,Upsample,015187bc98b76f09,"Upsample[x2.0,nearest]@1x256x40x40",1,1.9078490513890708e-05,0.004909494858571241,0.0031981909109239405,0.0017113039476473006,257.33140968341945,0.0049087616662745115,
yolo26s,leaf,80,15,,Concat,a9bba7c13e04c0dc,Concat[d=1]@1x256x80x80+1x256x80x80,1,4.944593702803001e-05,0.01199740146815861,0.007562195906713408,0.004435205561445202,242.63675014101764,0.011995609755856096,
yolo26s,leaf,81,16,cv1,Conv,f5907edea3d3240b,"Conv[512->128,k1,s1]@1x512x80x80",1,5.358725799242517e-05,0.01602555706072977,0.011218882964618055,0.004806674096111715,299.055366165499,0.016023163776832706,
yolo26s,leaf,82,16,op:chunk,op:chunk,c92332570fb74484,"op:chunk[2,1]@1x128x80x80",1,4.395279496795503e-06,0.00042175899283975,2.751086569347498e-05,0.00039424812714627505,95.95726350218337,0.0004216960066357647,
yolo26s,leaf,83,16,m.0.cv1,Conv,94e53f13e35826ef,"Conv[64->32,k1,s1]@1x64x80x80",1,4.140823882744778e-05,0.005259354893009889,0.001545115419035771,0.003714239473974118,127.01228166032706,0.00525856945202168,
yolo26s,leaf,84,16,m.0.m.0.cv1,Conv,1bb4424e0d8414de,"Conv[32->32,k3,s1]@1x32x80x80",1,4.298578788054148e-05,0.006195413386119175,0.0023396707926922407,0.0038557425934269344,144.12701712799532,0.006194488152566515,
yolo26s,leaf,85,16,m.0.m.0.cv2,Conv,1bb4424e0d8414de,"Conv[32->32,k3,s1]@1x32x80x80",1,4.298578788054148e-05,0.006195413386119175,0.0023396707926922407,0.0038557425934269344,144.12701712799532,0.006194488152566515,
yolo26s,leaf,86,16,op:add,op:add,1ae61c3fc0e3b8fe,op:add[]@1x32x80x80+1x32x80x80,1,9.201131717690522e-06,0.0010486778343938995,0.00022335399549573047,0.000825323838898169,113.9727010295552,0.0010485212230658344,yolo26n
yolo26s,leaf,87,16,m.0.m.1.cv1,Conv,1bb4424e0d8414de,"Conv[32->32,k3,s1]@1x32x80x80",1,4.298578788054148e-05,0.006195413386119175,0.0023396707926922407,0.0038557425934269344,144.12701712799532,0.006194488152566515,
yolo26s,leaf,88,16,m.0.m.1.cv2,Conv,1bb4424e0d8414de,"Conv[32->32,k3,s1]@1x32x80x80",1,4.298578788054148e-05,0.006195413386119175,0.0023396707926922407,0.0038557425934269344,144.12701712799532,0.006194488152566515,
yolo26s,leaf,89,16,op:add,op:add,1ae61c3fc0e3b8fe,op:add[]@1x32x80x80+1x32x80x80,1,9.201131717690522e-06,0.0010486778343938995,0.00022335399549573047,0.000825323838898169,113.9727010295552,0.0010485212230658344,yolo26n
yolo26s,leaf,90,16,m.0.cv2,Conv,94e53f13e35826ef,"Conv[64->32,k1,s1]@1x64x80x80",1,4.140823882744778e-05,0.005259354893009889,0.001545115419035771,0.003714239473974118,127.01228166032706,0.00525856945202168,
yolo26s,leaf,91,16,op:cat,op:cat,382cc3b613d45a31,op:cat[1]@1x32x80x80+1x32x80x80,1,1.0429312880325679e-05,0.0013544158137505273,0.00041892648400740297,0.0009354893297431244,129.8662557439961,0.0013542135429935923,
yolo26s,leaf,92,16,m.0.cv3,Conv,aee5afff7f63a13b,"Conv[64->64,k1,s1]@1x64x80x80",1,4.141637338944877e-05,0.005174004937303888,0.0014590358087454864,0.003714969128558402,124.92655715292582,0.005173232242622957,yolo26n
yolo26s,leaf,93,16,op:cat,op:cat,286c012767bdcbfe,op:cat[1]@1x64x80x80+1x64x80x80+1x64x80x80,1,1.77690366247753e-05,0.004045397042010241,0.002451548592641159,0.0015938484493690818,227.66552444209378,0.004044792895548362,
yolo26s,leaf,94,16,cv2,Conv,9972dc81813aedfb,"Conv[192->128,k1,s1]@1x192x80x80",1,4.223413548917852e-05,0.009586213675192279,0.005797892857280626,0.0037883208179116533,226.97785959531515,0.009584782053768092,
yolo26s,leaf,95,17,,Conv,0f7d240e4bd8b441,"Conv[128->128,k3,s2]@1x128x80x80",1,5.195171085326804e-05,0.011410570939817647,0.006750602280059243,0.004659968659758405,219.63802062352798,0.011408866865782461,yolo26n
yolo26s,leaf,96,18,,Concat,587fae78570d683a,Concat[d=1]@1x128x40x40+1x256x40x40,1,1.0568990099595809e-05,0.0014995741246162102,0.0005515560166367082,0.000948018107979502,141.8843343105751,0.001499350175670704,
yolo26s,leaf,97,19,cv1,Conv,440a73cfd49e8a0f,"Conv[384->256,k1,s1]@1x384x40x40",1,4.1637704568855395e-05,0.007282525181708928,0.003547703071554303,0.003734822110154625,174.90217717612097,0.007281437597035191,
yolo26s,leaf,98,19,op:chunk,op:chunk,382b90d25efa9670,"op:chunk[2,1]@1x256x40x40",1,4.41171107176387e-06,0.000424937748343213,2.9215740488767875e-05,0.0003957220078544451,96.32039393126357,0.0004248742874184844,
yolo26s,leaf,99,19,m.0.cv1,Conv,60f5936cd97a1273,"Conv[128->64,k1,s1]@1x128x40x40",1,4.1526513786980505e-05,0.004642731681082769,0.0009178831704551062,0.0037248485106276628,111.80162401541084,0.004642038327651832,
yolo26s,leaf,100,19,m.0.m.0.cv1,Conv,ba295554e3a87a49,"Conv[64->64,k3,s1]@1x64x40x40",1,4.32369343313422e-05,0.0059801673816483065,0.002101897434058842,0.0038782699475894645,138.31154946879104,0.005979274293299364,
yolo26s,leaf,101,19,m.0.m.0.cv2,Conv,ba295554e3a87a49,"Conv[64->64,k3,s1]@1x64x40x40",1,4.32369343313422e-05,0.0059801673816483065,0.002101897434058842,0.0038782699475894645,138.31154946879104,0.005979274293299364,
yolo26s,leaf,102,19,op:add,op:add,8e9352ef37e5b809,op:add[]@1x64x40x40+1x64x40x40,1,9.375287430619122e-06,0.001030700640062685,0.00018975536828317512,0.0008409452717795099,109.93803098734648,0.00103054671347934,
yolo26s,leaf,103,19,m.0.m.1.cv1,Conv,ba295554e3a87a49,"Conv[64->64,k3,s1]@1x64x40x40",1,4.32369343313422e-05,0.0059801673816483065,0.002101897434058842,0.0038782699475894645,138.31154946879104,0.005979274293299364,
yolo26s,leaf,104,19,m.0.m.1.cv2,Conv,ba295554e3a87a49,"Conv[64->64,k3,s1]@1x64x40x40",1,4.32369343313422e-05,0.0059801673816483065,0.002101897434058842,0.0038782699475894645,138.31154946879104,0.005979274293299364,
yolo26s,leaf,105,19,op:add,op:add,8e9352ef37e5b809,op:add[]@1x64x40x40+1x64x40x40,1,9.375287430619122e-06,0.001030700640062685,0.00018975536828317512,0.0008409452717795099,109.93803098734648,0.00103054671347934,
yolo26s,leaf,106,19,m.0.cv2,Conv,60f5936cd97a1273,"Conv[128->64,k1,s1]@1x128x40x40",1,4.1526513786980505e-05,0.004642731681082769,0.0009178831704551062,0.0037248485106276628,111.80162401541084,0.004642038327651832,
yolo26s,leaf,107,19,op:cat,op:cat,656724c06b1c7ace,op:cat[1]@1x64x40x40+1x64x40x40,1,1.0401009466696384e-05,0.001170658800171234,0.0002377082322573246,0.0009329505679139094,112.55242137021763,0.00117048397199866,
yolo26s,leaf,108,19,m.0.cv3,Conv,1e47e2f3f4f773f4,"Conv[128->128,k1,s1]@1x128x40x40",1,4.16688424113888e-05,0.004979407699063282,0.0012417925842519288,0.0037376151148113533,119.49954476542706,0.004978664065864266,yolo26n
yolo26s,leaf,109,19,op:cat,op:cat,c0156b37de35a110,op:cat[1]@1x128x40x40+1x128x40x40+1x128x40x40,1,1.0491427893354917e-05,0.0014588886799028699,0.0005178277528193948,0.0009410609270834751,139.05530255103824,0.0014586708069907464,
yolo26s,leaf,110,19,cv2,Conv,440a73cfd49e8a0f,"Conv[384->256,k1,s1]@1x384x40x40",1,4.1637704568855395e-05,0.007282525181708928,0.003547703071554303,0.003734822110154625,174.90217717612097,0.007281437597035191,
yolo26s,leaf,111,20,,Conv,363d18475893ade5,"Conv[256->256,k3,s2]@1x256x40x40",1,5.757392377763087e-05,0.012955526860686479,0.00779125650237542,0.005164270358311059,225.02421253630231,0.012953592060311292,
yolo26s,leaf,112,21,,Concat,53ad61ab4d97c03b,Concat[d=1]@1x256x20x20+1x512x20x20,1,1.0654148401213798e-05,0.001295238217016319,0.00033958157297822784,0.0009556566440380911,121.57125733941871,0.0012950447839421425,
yolo26s,leaf,113,22,cv1,Conv,8fa73bf7f1bdcb03,"Conv[768->512,k1,s1]@1x768x20x20",1,4.271784009920738e-05,0.007048469721587983,0.0032167615293955966,0.003831708192192386,165.00061110811558,0.007047417091154002,yolo26l;yolo26m
yolo26s,leaf,114,22,op:chunk,op:chunk,12889ce8ea8cddec,"op:chunk[2,1]@1x512x20x20",1,4.400606371074762e-06,0.00041284383390901577,1.8117896373282514e-05,0.00039472593753573325,93.81521524457247,0.0004127821791099999,yolo26l;yolo26m
yolo26s,leaf,115,22,m.0.0.cv1,Conv,25413d56f2c7fefc,"Conv[256->128,k3,s1]@1x256x20x20",1,5.216806283910609e-05,0.008495190177792837,0.0038158151605358443,0.004679375017256993,162.84273778754718,0.008493921491669918,yolo26l;yolo26m
yolo26s,leaf,116,22,m.0.0.cv2,Conv,22cdcbd6500093a8,"Conv[128->256,k3,s1]@1x128x20x20",1,5.901982920412517e-05,0.00906487057951547,0.003770905282158641,0.005293965297356829,153.5902543561052,0.009063516816354244,yolo26l;yolo26m
yolo26s,leaf,117,22,op:add,op:add,d10599b21e83f03c,op:add[]@1x256x20x20+1x256x20x20,1,9.076604192349383e-06,0.0009889556896381716,0.00017480173053483665,0.0008141539591033349,108.95657326026804,0.000988807997316591,yolo26l;yolo26m;yolo26n
yolo26s,leaf,118,22,m.0.1.attn,Attention,87501ab6eeead3a3,"Attention[256->256,p=199936]@1x256x20x20",1,0.0002678893740720354,0.032388033817362535,0.008358871602015542,0.024029162215346993,120.90077827668297,0.032383196933409054,yolo26l;yolo26m
yolo26s,leaf,119,22,op:add,op:add,d10599b21e83f03c,op:add[]@1x256x20x20+1x256x20x20,1,9.076604192349383e-06,0.0009889556896381716,0.00017480173053483665,0.0008141539591033349,108.95657326026804,0.000988807997316591,yolo26l;yolo26m;yolo26n
yolo26s,leaf,120,22,m.0.1.ffn.0,Conv,9107ffd7fc86dace,"Conv[256->512,k1,s1]@1x256x20x20",1,4.308888259652748e-05,0.005565081526598514,0.0017000915352016004,0.003864989991396914,129.15353546547996,0.005564250427875831,yolo26l;yolo26m
yolo26s,leaf,121,22,m.0.1.ffn.1,Conv,67568c7ff087692a,"Conv[512->256,k1,s1]@1x512x20x20",1,3.883377821291349e-05,0.005224339558135304,0.0017410242555209346,0.0034833153026143696,134.5308079345739,0.005223559346396648,yolo26l;yolo26m
yolo26s,leaf,122,22,op:add,op:add,d10599b21e83f03c,op:add[]@1x256x20x20+1x256x20x20,1,9.076604192349383e-06,0.0009889556896381716,0.00017480173053483665,0.0008141539591033349,108.95657326026804,0.000988807997316591,yolo26l;yolo26m;yolo26n
yolo26s,leaf,123,22,op:cat,op:cat,b15e0002af07527a,op:cat[1]@1x256x20x20+1x256x20x20+1x256x20x20,1,1.044258547240657e-05,0.0012479594472313638,0.0003112795914763936,0.0009366798557549702,119.506749600371,0.0012477730748489293,yolo26l;yolo26m
yolo26s,leaf,124,22,cv2,Conv,8fa73bf7f1bdcb03,"Conv[768->512,k1,s1]@1x768x20x20",1,4.271784009920738e-05,0.007048469721587983,0.0032167615293955966,0.003831708192192386,165.00061110811558,0.007047417091154002,yolo26l;yolo26m
yolo26s,leaf,125,23,,Detect,22f6b4f1fd7aa6a9,"Detect[nc=80,e2e]@1x128x80x80+1x256x40x40+1x512x20x20",1,0.001337181420638661,0.18367105263068265,0.06372844804184064,0.11994260458884201,137.35686855636848,0.1836436228838756,
yolo26m,leaf,0,0,,Conv,7c444c1e370f89b1,"Conv[3->64,k3,s2]@1x3x640x640",1,0.0002658309145130311,0.07714121022149314,0.05329668787410801,0.023844522347385134,290.1890111720308,0.04131889697725411,yolo26l
yolo26m,leaf,1,1,,Conv,267db7ddf7d6fb13,"Conv[64->128,k3,s2]@1x64x320x320",1,0.00030423453195085084,0.09069150033372052,0.06340224727887045,0.02728925305485006,298.09732561316133,0.04857679505211517,yolo26l
yolo26m,leaf,2,2,cv1,Conv,20195878dbaa7d26,"Conv[128->128,k1,s1]@1x128x160x160",1,0.0001530387208677976,0.04206022366187489,0.028332944400799503,0.013727279261075384,274.8338683398209,0.022528581588691022,yolo26l
yolo26m,leaf,3,2,op:chunk,op:chunk,3647a7207f66525d,"op:chunk[2,1]@1x128x160x160",1,4.405350667903344e-06,0.0004349444284470132,3.9792936599965256e-05,0.00039515149184704795,98.73094362633748,0.00023296787771713746,yolo26l
yolo26m,leaf,4,2,m.0.cv1,Conv,f271c8cdab318f87,"Conv[64->32,k1,s1]@1x64x160x160",1,4.055281107949682e-05,0.009815538859479523,0.006178029611145094,0.003637509248334428,242.0433651378161,0.0052574653385210855,yolo26l
yolo26m,leaf,5,2,m.0.m.0.cv1,Conv,8761bda59e301a4f,"Conv[32->32,k3,s1]@1x32x160x160",1,4.310761970297367e-05,0.012710836221330488,0.008844165547480971,0.003866670673849517,294.8628643593064,0.006808264101845441,yolo26l
yolo26m,leaf,6,2,m.0.m.0.cv2,Conv,8761bda59e301a4f,"Conv[32->32,k3,s1]@1x32x160x160",1,4.310761970297367e-05,0.012710836221330488,0.008844165547480971,0.003866670673849517,294.8628643593064,0.006808264101845441,yolo26l
yolo26m,leaf,7,2,op:add,op:add,1191e4f142683e30,op:add[]@1x32x160x160+1x32x160x160,1,1.7473654213277732e-05,0.003908880683820286,0.0023415274693070927,0.0015673532145131935,223.70138702012537,0.0020937011204181077,yolo26l;yolo26s
yolo26m,leaf,8,2,m.0.m.1.cv1,Conv,8761bda59e301a4f,"Conv[32->32,k3,s1]@1x32x160x160",1,4.310761970297367e-05,0.012710836221330488,0.008844165547480971,0.003866670673849517,294.8628643593064,0.006808264101845441,yolo26l
yolo26m,leaf,9,2,m.0.m.1.cv2,Conv,8761bda59e301a4f,"Conv[32->32,k3,s1]@1x32x160x160",1,4.310761970297367e-05,0.012710836221330488,0.008844165547480971,0.003866670673849517,294.8628643593064,0.006808264101845441,yolo26l
yolo26m,leaf,10,2,op:add,op:add,1191e4f142683e30,op:add[]@1x32x160x160+1x32x160x160,1,1.7473654213277732e-05,0.003908880683820286,0.0023415274693070927,0.0015673532145131935,223.70138702012537,0.0020937011204181077,yolo26l;yolo26s
yolo26m,leaf,11,2,m.0.cv2,Conv,f271c8cdab318f87,"Conv[64->32,k1,s1]@1x64x160x160",1,4.055281107949682e-05,0.009815538859479523,0.006178029611145094,0.003637509248334428,242.0433651378161,0.0052574653385210855,yolo26l
yolo26m,leaf,12,2,op:cat,op:cat,fe23df34257d22ff,op:cat[1]@1x32x160x160+1x32x160x160,1,2.6081529414073053e-05,0.006112265352574576,0.0037728022690310635,0.0023394630835435123,234.35225962157435,0.003273892925396475,yolo26l
yolo26m,leaf,13,2,m.0.cv3,Conv,8610e43e956152d8,"Conv[64->64,k1,s1]@1x64x160x160",1,6.889128510571379e-05,0.016556591945629324,0.010377176017830045,0.00617941592779928,240.3292654538699,0.008868153804324017,yolo26l;yolo26s
yolo26m,leaf,14,2,op:cat,op:cat,5d61d2c83309399e,op:cat[1]@1x64x160x160+1x64x160x160+1x64x160x160,1,7.264199440130747e-05,0.01780860611694496,0.011292758770771483,0.006515847346173475,245.15579815391777,0.009538766106232645,
yolo26m,leaf,15,2,cv2,Conv,2fff9cfb53c9a68c,"Conv[192->256,k1,s1]@1x192x160x160",1,0.00029218977223755737,0.08695466744527655,0.06074580619767219,0.02620886124760436,297.59654754301357,0.04657524733597873,
yolo26m,leaf,16,3,,Conv,955291a5cd198354,"Conv[256->256,k3,s2]@1x256x160x160",1,0.000342759819790412,0.10139991788128959,0.07065502051767789,0.030744897363611707,295.8337355390512,0.05431251011501093,yolo26l
yolo26m,leaf,17,4,cv1,Conv,3d6d562f6d030549,"Conv[256->256,k1,s1]@1x256x80x80",1,7.376602507919103e-05,0.021482625937898053,0.014865955199279652,0.0066166707386184015,291.22656283615015,0.011506669462149326,yolo26l
yolo26m,leaf,18,4,op:chunk,op:chunk,02901759b2f335d3,"op:chunk[2,1]@1x256x80x80",1,4.363251733743323e-06,0.00043193554490325125,4.0560246574623164e-05,0.0003913752983286281,98.99395479817639,0.00023135623915450295,yolo26l
yolo26m,leaf,19,4,m.0.cv1,Conv,c34ac84e27c4b780,"Conv[128->64,k1,s1]@1x128x80x80",1,4.174005922997542e-05,0.005658342149239448,0.0019143390226146122,0.003744003126624836,135.56143076040337,0.003030759507858211,yolo26l
yolo26m,leaf,20,4,m.0.m.0.cv1,Conv,495310f3993dea8c,"Conv[64->64,k3,s1]@1x64x80x80",1,5.239108839666146e-05,0.01020714475858112,0.00550776477726301,0.004699379981318109,194.8259727169851,0.00546721993990995,yolo26l
yolo26m,leaf,21,4,m.0.m.0.cv2,Conv,495310f3993dea8c,"Conv[64->64,k3,s1]@1x64x80x80",1,5.239108839666146e-05,0.01020714475858112,0.00550776477726301,0.004699379981318109,194.8259727169851,0.00546721993990995,yolo26l
yolo26m,leaf,22,4,op:add,op:add,bd915cfbe647f0e6,op:add[]@1x64x80x80+1x64x80x80,1,9.322305881311355e-06,0.001229508166408619,0.0003933152378198262,0.0008361929285887927,131.88884617843775,0.0006585574832785791,yolo26l;yolo26s
yolo26m,leaf,23,4,m.0.m.1.cv1,Conv,495310f3993dea8c,"Conv[64->64,k3,s1]@1x64x80x80",1,5.239108839666146e-05,0.01020714475858112,0.00550776477726301,0.004699379981318109,194.8259727169851,0.00546721993990995,yolo26l
yolo26m,leaf,24,4,m.0.m.1.cv2,Conv,495310f3993dea8c,"Conv[64->64,k3,s1]@1x64x80x80",1,5.239108839666146e-05,0.01020714475858112,0.00550776477726301,0.004699379981318109,194.8259727169851,0.00546721993990995,yolo26l
yolo26m,leaf,25,4,op:add,op:add,bd915cfbe647f0e6,op:add[]@1x64x80x80+1x64x80x80,1,9.322305881311355e-06,0.001229508166408619,0.0003933152378198262,0.0008361929285887927,131.88884617843775,0.0006585574832785791,yolo26l;yolo26s
yolo26m,leaf,26,4,m.0.cv2,Conv,c34ac84e27c4b780,"Conv[128->64,k1,s1]@1x128x80x80",1,4.174005922997542e-05,0.005658342149239448,0.0019143390226146122,0.003744003126624836,135.56143076040337,0.003030759507858211,yolo26l
yolo26m,leaf,27,4,op:cat,op:cat,4fa88d8eb9608546,op:cat[1]@1x64x80x80+1x64x80x80,1,1.0325074167651091e-05,0.0020088481490051174,0.001082708831537221,0.0009261393174678966,194.5601664827674,0.0010759928379832908,yolo26l
yolo26m,leaf,28,4,m.0.cv3,Conv,37c70738f9f86043,"Conv[128->128,k1,s1]@1x128x80x80",1,4.201328918966044e-05,0.008301192478089947,0.004532681148980011,0.003768511329109936,197.58492225200231,0.0044463408832415416,yolo26l;yolo26s
yolo26m,leaf,29,4,op:cat,op:cat,005846f502a7d5d7,op:cat[1]@1x128x80x80+1x128x80x80+1x128x80x80,1,3.7668701144875414e-05,0.008774640463816007,0.005395830335989718,0.0033788101278262885,232.94247471045972,0.004699932296834027,
yolo26m,leaf,30,4,cv2,Conv,d07d882a7e8d59f0,"Conv[384->512,k1,s1]@1x384x80x80",1,0.00017236616262505757,0.051659884218590905,0.03619897056159511,0.0154609136569958,299.7101254204107,0.027670416729994582,
yolo26m,leaf,31,5,,Conv,3040cb2cd52f54a7,"Conv[512->512,k3,s2]@1x512x80x80",1,0.00039944294555644544,0.1193357319893135,0.08350646713773015,0.03582926485158336,298.7553875136596,0.06391941222614918,yolo26l
yolo26m,leaf,32,6,cv1,Conv,44f093929ecef7d3,"Conv[512->512,k1,s1]@1x512x40x40",1,4.947793811756906e-05,0.014855393010505449,0.010417317012805485,0.004438075997699963,300.2427662851712,0.007956946119918087,yolo26l
yolo26m,leaf,33,6,op:chunk,op:chunk,84c130dff5b597ff,"op:chunk[2,1]@1x512x40x40",1,4.381712136620975e-06,0.00042320521091746254,3.017404991475733e-05,0.0003930311610027052,96.58443953459339,0.0002266800385932196,yolo26l
yolo26m,leaf,34,6,m.0.cv1,Conv,75601b065a5e229b,"Conv[256->128,k1,s1]@1x256x40x40",1,4.1746095532257143e-05,0.005410817903680107,0.0016662733323368653,0.003744544571343242,129.6125502203955,0.002898178896635322,yolo26l
yolo26m,leaf,35,6,m.0.m.0.cv1,Conv,a1483ba7dbc7c07c,"Conv[128->128,k3,s1]@1x128x40x40",1,5.2859455372948154e-05,0.009363974649097384,0.004622583049780278,0.004741391599317106,177.14852684406543,0.00501559546074989,yolo26l
yolo26m,leaf,36,6,m.0.m.0.cv2,Conv,a1483ba7dbc7c07c,"Conv[128->128,k3,s1]@1x128x40x40",1,5.2859455372948154e-05,0.009363974649097384,0.004622583049780278,0.004741391599317106,177.14852684406543,0.00501559546074989,yolo26l
yolo26m,leaf,37,6,op:add,op:add,c8acca76a87407e6,op:add[]@1x128x40x40+1x128x40x40,1,9.356890679840459e-06,0.001104117237607893,0.00026482211903146205,0.0008392951185764309,118.00044217538286,0.000591394745565192,yolo26l
yolo26m,leaf,38,6,m.0.m.1.cv1,Conv,a1483ba7dbc7c07c,"Conv[128->128,k3,s1]@1x128x40x40",1,5.2859455372948154e-05,0.009363974649097384,0.004622583049780278,0.004741391599317106,177.14852684406543,0.00501559546074989,yolo26l
yolo26m,leaf,39,6,m.0.m.1.cv2,Conv,a1483ba7dbc7c07c,"Conv[128->128,k3,s1]@1x128x40x40",1,5.2859455372948154e-05,0.009363974649097384,0.004622583049780278,0.004741391599317106,177.14852684406543,0.00501559546074989,yolo26l
yolo26m,leaf,40,6,op:add,op:add,c8acca76a87407e6,op:add[]@1x128x40x40+1x128x40x40,1,9.356890679840459e-06,0.001104117237607893,0.00026482211903146205,0.0008392951185764309,118.00044217538286,0.000591394745565192,yolo26l
yolo26m,leaf,41,6,m.0.cv2,Conv,75601b065a5e229b,"Conv[256->128,k1,s1]@1x256x40x40",1,4.1746095532257143e-05,0.005410817903680107,0.0016662733323368653,0.003744544571343242,129.6125502203955,0.002898178896635322,yolo26l
yolo26m,leaf,42,6,op:cat,op:cat,8b70423467a04261,op:cat[1]@1x128x40x40+1x128x40x40,1,1.0269723268498217e-05,0.0012925476928698251,0.0003713732447220236,0.0009211744481478015,125.8600313831864,0.0006923231409843191,yolo26l
yolo26m,leaf,43,6,m.0.cv3,Conv,23af8dfe52fcdc4d,"Conv[256->256,k1,s1]@1x256x40x40",1,4.1633185493107026e-05,0.006505857680623277,0.002771440922881741,0.0037344167577415357,156.26615171448785,0.0034847115112987058,yolo26l;yolo26s
yolo26m,leaf,44,6,op:cat,op:cat,dc96e059221738e0,op:cat[1]@1x256x40x40+1x256x40x40+1x256x40x40,1,1.7734990767525767e-05,0.004016475649824963,0.0024256810484460955,0.0015907946013788677,226.4718207341535,0.002151331864126349,
yolo26m,leaf,45,6,cv2,Conv,32b8518782441a3a,"Conv[768->512,k1,s1]@1x768x40x40",1,6.128725189051453e-05,0.018134141498998026,0.012636792742589338,0.005497348756408687,295.88765917247235,0.00971313157022888,yolo26l
yolo26m,leaf,46,7,,Conv,e4ef9ed73247fe48,"Conv[512->512,k3,s2]@1x512x40x40",1,0.00011354698306171188,0.03403465335426912,0.023849707107317736,0.010184946246951383,299.74071029057245,0.018229871317338817,yolo26l
yolo26m,leaf,47,8,cv1,Conv,8ca8a00b85e9776d,"Conv[512->512,k1,s1]@1x512x20x20",1,4.28691248578454e-05,0.006258995994049006,0.0024137178496380406,0.0038452781444109655,146.00242050202615,0.003352485784402454,yolo26l;yolo26s
yolo26m,leaf,48,8,op:chunk,op:chunk,12889ce8ea8cddec,"op:chunk[2,1]@1x512x20x20",1,4.400606371074762e-06,0.00041284383390901577,1.8117896373282514e-05,0.00039472593753573325,93.81521524457247,0.00022113020773205922,yolo26l;yolo26s
yolo26m,leaf,49,8,m.0.cv1,Conv,c8333f13264ecfd9,"Conv[256->128,k1,s1]@1x256x20x20",1,4.600609400384554e-05,0.005065908963238938,0.000939250712823819,0.004126658250415119,110.11386801964737,0.0027134364362084843,yolo26l;yolo26s
yolo26m,leaf,50,8,m.0.m.0.cv1,Conv,5f6a6a2149226c08,"Conv[128->128,k3,s1]@1x128x20x20",1,5.2126299013671044e-05,0.0067147585855958005,0.0020391297032483708,0.00467562888234743,128.81709832947735,0.0035966044275004523,yolo26l;yolo26s
yolo26m,leaf,51,8,m.0.m.0.cv2,Conv,5f6a6a2149226c08,"Conv[128->128,k3,s1]@1x128x20x20",1,5.2126299013671044e-05,0.0067147585855958005,0.0020391297032483708,0.00467562888234743,128.81709832947735,0.0035966044275004523,yolo26l;yolo26s
yolo26m,leaf,52,8,op:add,op:add,501e281da4c6ecce,op:add[]@1x128x20x20+1x128x20x20,1,9.148922786778318e-06,0.000962172182809087,0.0001415313847158207,0.0008206407980932663,105.16781103449493,0.0005153651748749925,yolo26l;yolo26n;yolo26s
yolo26m,leaf,53,8,m.0.m.1.cv1,Conv,5f6a6a2149226c08,"Conv[128->128,k3,s1]@1x128x20x20",1,5.2126299013671044e-05,0.0067147585855958005,0.0020391297032483708,0.00467562888234743,128.81709832947735,0.0035966044275004523,yolo26l;yolo26s
yolo26m,leaf,54,8,m.0.m.1.cv2,Conv,5f6a6a2149226c08,"Conv[128->128,k3,s1]@1x128x20x20",1,5.2126299013671044e-05,0.0067147585855958005,0.0020391297032483708,0.00467562888234743,128.81709832947735,0.0035966044275004523,yolo26l;yolo26s
yolo26m,leaf,55,8,op:add,op:add,501e281da4c6ecce,op:add[]@1x128x20x20+1x128x20x20,1,9.148922786778318e-06,0.000962172182809087,0.0001415313847158207,0.0008206407980932663,105.16781103449493,0.0005153651748749925,yolo26l;yolo26n;yolo26s
yolo26m,leaf,56,8,m.0.cv2,Conv,c8333f13264ecfd9,"Conv[256->128,k1,s1]@1x256x20x20",1,4.600609400384554e-05,0.005065908963238938,0.000939250712823819,0.004126658250415119,110.11386801964737,0.0027134364362084843,yolo26l;yolo26s
yolo26m,leaf,57,8,op:cat,op:cat,4455eab86eb73a18,op:cat[1]@1x128x20x20+1x128x20x20,1,1.020778652985353e-05,0.001091000738747156,0.00017538189706989174,0.0009156188416772643,106.87926668102166,0.0005843691976956039,yolo26l;yolo26n;yolo26s
yolo26m,leaf,58,8,m.0.cv3,Conv,73cbfd59c6c24dfa,"Conv[256->256,k1,s1]@1x256x20x20",1,4.2946511398775335e-05,0.00485819637769302,0.001005976809226952,0.0038522195684660677,113.12202596813384,0.0026021800156985084,yolo26l;yolo26n;yolo26s
yolo26m,leaf,59,8,op:cat,op:cat,b15e0002af07527a,op:cat[1]@1x256x20x20+1x256x20x20+1x256x20x20,1,1.044258547240657e-05,0.0012479594472313638,0.0003112795914763936,0.0009366798557549702,119.506749600371,0.0006684404831592442,yolo26l;yolo26s
yolo26m,leaf,60,8,cv2,Conv,8fa73bf7f1bdcb03,"Conv[768->512,k1,s1]@1x768x20x20",1,4.271784009920738e-05,0.007048469721587983,0.0032167615293955966,0.003831708192192386,165.00061110811558,0.0037753490441409317,yolo26l;yolo26s
yolo26m,leaf,61,9,cv1,Conv,67568c7ff087692a,"Conv[512->256,k1,s1]@1x512x20x20",1,3.883377821291349e-05,0.005224339558135304,0.0017410242555209346,0.0034833153026143696,134.5308079345739,0.002798296103431389,yolo26l;yolo26s
yolo26m,leaf,62,9,m,MaxPool2d,c3660bbcc966afd5,MaxPool2d[p=0]@1x256x20x20,1,1.2152107565292478e-05,0.0021538243265689394,0.0010638036232235417,0.0010900207033453977,177.23874768196234,0.0011536459591582897,yolo26l;yolo26s
yolo26m,leaf,63,9,m,MaxPool2d,c3660bbcc966afd5,MaxPool2d[p=0]@1x256x20x20,1,1.2152107565292478e-05,0.0021538243265689394,0.0010638036232235417,0.0010900207033453977,177.23874768196234,0.0011536459591582897,yolo26l;yolo26s
yolo26m,leaf,64,9,m,MaxPool2d,c3660bbcc966afd5,MaxPool2d[p=0]@1x256x20x20,1,1.2152107565292478e-05,0.0021538243265689394,0.0010638036232235417,0.0010900207033453977,177.23874768196234,0.0011536459591582897,yolo26l;yolo26s
yolo26m,leaf,65,9,op:cat,op:cat,de774739b210b292,op:cat[1]@1x256x20x20+1x256x20x20+1x256x20x20+1x256x20x20,1,1.0760400715292149e-05,0.0013479112751129355,0.0003827240026220034,0.0009651872724909321,125.26589954938673,0.0007219773575104353,yolo26l;yolo26s
yolo26m,leaf,66,9,cv2,Conv,2f88b651e610ec87,"Conv[1024->512,k1,s1]@1x1024x20x20",1,4.6217959434164726e-05,0.009939645511972406,0.0057939833394696745,0.004145662172502731,215.06024137934855,0.005323940183468703,yolo26l;yolo26s
yolo26m,leaf,67,9,op:add,op:add,58048019ce9edcbc,op:add[]@1x512x20x20+1x512x20x20,1,9.288686453662437e-06,0.0011048356552203864,0.00027165832470584113,0.0008331773305145453,118.94422970696364,0.0005917795492678048,yolo26l;yolo26s
yolo26m,leaf,68,10,cv1,Conv,8ca8a00b85e9776d,"Conv[512->512,k1,s1]@1x512x20x20",1,4.28691248578454e-05,0.006258995994049006,0.0024137178496380406,0.0038452781444109655,146.00242050202615,0.003352485784402454,yolo26l;yolo26s
yolo26m,leaf,69,10,op:split,op:split,e4d960981e560242,"op:split[[256, 256],dim=1]@1x512x20x20",1,5.729954132389466e-06,0.000543405576085177,2.9439698152816077e-05,0.0005139658779323609,94.83593821693817,0.00029106257149272725,yolo26l;yolo26s
yolo26m,leaf,70,10,m.0.attn,Attention,87501ab6eeead3a3,"Attention[256->256,p=199936]@1x256x20x20",1,0.0002678893740720354,0.032388033817362535,0.008358871602015542,0.024029162215346993,120.90077827668297,0.01734789781950509,yolo26l;yolo26s
yolo26m,leaf,71,10,op:add,op:add,d10599b21e83f03c,op:add[]@1x256x20x20+1x256x20x20,1,9.076604192349383e-06,0.0009889556896381716,0.00017480173053483665,0.0008141539591033349,108.95657326026804,0.0005297111380272815,yolo26l;yolo26n;yolo26s
yolo26m,leaf,72,10,m.0.ffn.0,Conv,9107ffd7fc86dace,"Conv[256->512,k1,s1]@1x256x20x20",1,4.308888259652748e-05,0.005565081526598514,0.0017000915352016004,0.003864989991396914,129.15353546547996,0.0029808066221325255,yolo26l;yolo26s
yolo26m,leaf,73,10,m.0.ffn.1,Conv,67568c7ff087692a,"Conv[512->256,k1,s1]@1x512x20x20",1,3.883377821291349e-05,0.005224339558135304,0.0017410242555209346,0.0034833153026143696,134.5308079345739,0.002798296103431389,yolo26l;yolo26s
yolo26m,leaf,74,10,op:add,op:add,d10599b21e83f03c,op:add[]@1x256x20x20+1x256x20x20,1,9.076604192349383e-06,0.0009889556896381716,0.00017480173053483665,0.0008141539591033349,108.95657326026804,0.0005297111380272815,yolo26l;yolo26n;yolo26s
yolo26m,leaf,75,10,op:cat,op:cat,c9379f0477365213,op:cat[1]@1x256x20x20+1x256x20x20,1,1.0303482489807105e-05,0.0011677878091702382,0.00024358522372544577,0.0009242025854447924,113.33913658081063,0.0006254984079178268,yolo26l;yolo26s
yolo26m,leaf,76,10,cv2,Conv,8ca8a00b85e9776d,"Conv[512->512,k1,s1]@1x512x20x20",1,4.28691248578454e-05,0.006258995994049006,0.0024137178496380406,0.0038452781444109655,146.00242050202615,0.003352485784402454,yolo26l;yolo26s
yolo26m,leaf,77,11,,Upsample,f2bd84b1cf0e5086,"Upsample[x2.0,nearest]@1x512x20x20",1,1.0859562468356649e-05,0.0022791023320621624,0.001305020440819744,0.0009740818912424184,209.8705485329791,0.0012207482121256422,yolo26l;yolo26s
yolo26m,leaf,78,12,,Concat,09590a79613b3a3b,Concat[d=1]@1x512x40x40+1x512x40x40,1,2.6020136633813423e-05,0.005889859321919294,0.003555903052824171,0.0023339562690951232,226.35773996149445,0.0031547663023971744,yolo26l
yolo26m,leaf,79,13,cv1,Conv,e24e0f340f874db2,"Conv[1024->512,k1,s1]@1x1024x40x40",1,7.226662100479075e-05,0.02154300273954678,0.015060825665915732,0.006482177073631047,298.10446980935546,0.011539008893174284,yolo26l
yolo26m,leaf,80,13,op:chunk,op:chunk,84c130dff5b597ff,"op:chunk[2,1]@1x512x40x40",1,4.381712136620975e-06,0.00042320521091746254,3.017404991475733e-05,0.0003930311610027052,96.58443953459339,0.0002266800385932196,yolo26l
yolo26m,leaf,81,13,m.0.cv1,Conv,75601b065a5e229b,"Conv[256->128,k1,s1]@1x256x40x40",1,4.1746095532257143e-05,0.005410817903680107,0.0016662733323368653,0.003744544571343242,129.6125502203955,0.002898178896635322,yolo26l
yolo26m,leaf,82,13,m.0.m.0.cv1,Conv,a1483ba7dbc7c07c,"Conv[128->128,k3,s1]@1x128x40x40",1,5.2859455372948154e-05,0.009363974649097384,0.004622583049780278,0.004741391599317106,177.14852684406543,0.00501559546074989,yolo26l
yolo26m,leaf,83,13,m.0.m.0.cv2,Conv,a1483ba7dbc7c07c,"Conv[128->128,k3,s1]@1x128x40x40",1,5.2859455372948154e-05,0.009363974649097384,0.004622583049780278,0.004741391599317106,177.14852684406543,0.00501559546074989,yolo26l
yolo26m,leaf,84,13,op:add,op:add,c8acca76a87407e6,op:add[]@1x128x40x40+1x128x40x40,1,9.356890679840459e-06,0.001104117237607893,0.00026482211903146205,0.0008392951185764309,118.00044217538286,0.000591394745565192,yolo26l
yolo26m,leaf,85,13,m.0.m.1.cv1,Conv,a1483ba7dbc7c07c,"Conv[128->128,k3,s1]@1x128x40x40",1,5.2859455372948154e-05,0.009363974649097384,0.004622583049780278,0.004741391599317106,177.14852684406543,0.00501559546074989,yolo26l
yolo26m,leaf,86,13,m.0.m.1.cv2,Conv,a1483ba7dbc7c07c,"Conv[128->128,k3,s1]@1x128x40x40",1,5.2859455372948154e-05,0.009363974649097384,0.004622583049780278,0.004741391599317106,177.14852684406543,0.00501559546074989,yolo26l
yolo26m,leaf,87,13,op:add,op:add,c8acca76a87407e6,op:add[]@1x128x40x40+1x128x40x40,1,9.356890679840459e-06,0.001104117237607893,0.00026482211903146205,0.0008392951185764309,118.00044217538286,0.000591394745565192,yolo26l
yolo26m,leaf,88,13,m.0.cv2,Conv,75601b065a5e229b,"Conv[256->128,k1,s1]@1x256x40x40",1,4.1746095532257143e-05,0.005410817903680107,0.0016662733323368653,0.003744544571343242,129.6125502203955,0.002898178896635322,yolo26l
yolo26m,leaf,89,13,op:cat,op:cat,8b70423467a04261,op:cat[1]@1x128x40x40+1x128x40x40,1,1.0269723268498217e-05,0.0012925476928698251,0.0003713732447220236,0.0009211744481478015,125.8600313831864,0.0006923231409843191,yolo26l
yolo26m,leaf,90,13,m.0.cv3,Conv,23af8dfe52fcdc4d,"Conv[256->256,k1,s1]@1x256x40x40",1,4.1633185493107026e-05,0.006505857680623277,0.002771440922881741,0.0037344167577415357,156.26615171448785,0.0034847115112987058,yolo26l;yolo26s
yolo26m,leaf,91,13,op:cat,op:cat,dc96e059221738e0,op:cat[1]@1x256x40x40+1x256x40x40+1x256x40x40,1,1.7734990767525767e-05,0.004016475649824963,0.0024256810484460955,0.0015907946013788677,226.4718207341535,0.002151331864126349,
yolo26m,leaf,92,13,cv2,Conv,32b8518782441a3a,"Conv[768->512,k1,s1]@1x768x40x40",1,6.128725189051453e-05,0.018134141498998026,0.012636792742589338,0.005497348756408687,295.88765917247235,0.00971313157022888,yolo26l
yolo26m,leaf,93,14,,Upsample,8b039439e1af6674,"Upsample[x2.0,nearest]@1x512x40x40",1,3.4595579816019196e-05,0.009302697841781045,0.006199540793418341,0.0031031570483627036,268.8984515147079,0.004982773962599561,yolo26l
yolo26m,leaf,94,15,,Concat,96c7f9427dfced2c,Concat[d=1]@1x512x80x80+1x512x80x80,1,9.646772961393303e-05,0.023387753528283466,0.014734783504858387,0.008652970023425079,242.44121450646773,0.01252710679272321,yolo26l
yolo26m,leaf,95,16,cv1,Conv,b60e7b93172dcc57,"Conv[1024->256,k1,s1]@1x1024x80x80",1,0.0001258229441032909,0.03723343403827988,0.025947357669093556,0.011286076369186325,295.9192721457393,0.019943223871129134,yolo26l
yolo26m,leaf,96,16,op:chunk,op:chunk,02901759b2f335d3,"op:chunk[2,1]@1x256x80x80",1,4.363251733743323e-06,0.00043193554490325125,4.0560246574623164e-05,0.0003913752983286281,98.99395479817639,0.00023135623915450295,yolo26l
yolo26m,leaf,97,16,m.0.cv1,Conv,c34ac84e27c4b780,"Conv[128->64,k1,s1]@1x128x80x80",1,4.174005922997542e-05,0.005658342149239448,0.0019143390226146122,0.003744003126624836,135.56143076040337,0.003030759507858211,yolo26l
yolo26m,leaf,98,16,m.0.m.0.cv1,Conv,495310f3993dea8c,"Conv[64->64,k3,s1]@1x64x80x80",1,5.239108839666146e-05,0.01020714475858112,0.00550776477726301,0.004699379981318109,194.8259727169851,0.00546721993990995,yolo26l
yolo26m,leaf,99,16,m.0.m.0.cv2,Conv,495310f3993dea8c,"Conv[64->64,k3,s1]@1x64x80x80",1,5.239108839666146e-05,0.01020714475858112,0.00550776477726301,0.004699379981318109,194.8259727169851,0.00546721993990995,yolo26l
yolo26m,leaf,100,16,op:add,op:add,bd915cfbe647f0e6,op:add[]@1x64x80x80+1x64x80x80,1,9.322305881311355e-06,0.001229508166408619,0.0003933152378198262,0.0008361929285887927,131.88884617843775,0.0006585574832785791,yolo26l;yolo26s
yolo26m,leaf,101,16,m.0.m.1.cv1,Conv,495310f3993dea8c,"Conv[64->64,k3,s1]@1x64x80x80",1,5.239108839666146e-05,0.01020714475858112,0.00550776477726301,0.004699379981318109,194.8259727169851,0.00546721993990995,yolo26l
yolo26m,leaf,102,16,m.0.m.1.cv2,Conv,495310f3993dea8c,"Conv[64->64,k3,s1]@1x64x80x80",1,5.239108839666146e-05,0.01020714475858112,0.00550776477726301,0.004699379981318109,194.8259727169851,0.00546721993990995,yolo26l
yolo26m,leaf,103,16,op:add,op:add,bd915cfbe647f0e6,op:add[]@1x64x80x80+1x64x80x80,1,9.322305881311355e-06,0.001229508166408619,0.0003933152378198262,0.0008361929285887927,131.88884617843775,0.0006585574832785791,yolo26l;yolo26s
yolo26m,leaf,104,16,m.0.cv2,Conv,c34ac84e27c4b780,"Conv[128->64,k1,s1]@1x128x80x80",1,4.174005922997542e-05,0.005658342149239448,0.0019143390226146122,0.003744003126624836,135.56143076040337,0.003030759507858211,yolo26l
yolo26m,leaf,105,16,op:cat,op:cat,4fa88d8eb9608546,op:cat[1]@1x64x80x80+1x64x80x80,1,1.0325074167651091e-05,0.0020088481490051174,0.001082708831537221,0.0009261393174678966,194.5601664827674,0.0010759928379832908,yolo26l
yolo26m,leaf,106,16,m.0.cv3,Conv,37c70738f9f86043,"Conv[128->128,k1,s1]@1x128x80x80",1,4.201328918966044e-05,0.008301192478089947,0.004532681148980011,0.003768511329109936,197.58492225200231,0.0044463408832415416,yolo26l;yolo26s
yolo26m,leaf,107,16,op:cat,op:cat,005846f502a7d5d7,op:cat[1]@1x128x80x80+1x128x80x80+1x128x80x80,1,3.7668701144875414e-05,0.008774640463816007,0.005395830335989718,0.0033788101278262885,232.94247471045972,0.004699932296834027,
yolo26m,leaf,108,16,cv2,Conv,e03a8685f84bb63d,"Conv[384->256,k1,s1]@1x384x80x80",1,0.00013320201432071095,0.03961929231354431,0.027671327521694593,0.011947964791849714,297.43763647712416,0.02122115342389253,
yolo26m,leaf,109,17,,Conv,8db2c8e048a70901,"Conv[256->256,k3,s2]@1x256x80x80",1,9.665851250358084e-05,0.028691410617104722,0.02002132773498885,0.008670082882115872,296.8327348927681,0.015367887488624603,yolo26l;yolo26s
yolo26m,leaf,110,18,,Concat,d3902b4375aba7ef,Concat[d=1]@1x256x40x40+1x512x40x40,1,1.7102999617559822e-05,0.003947079810394236,0.0024129736010570467,0.0015341062093371892,230.7828976585914,0.002114161595059331,yolo26l
yolo26m,leaf,111,19,cv1,Conv,32b8518782441a3a,"Conv[768->512,k1,s1]@1x768x40x40",1,6.128725189051453e-05,0.018134141498998026,0.012636792742589338,0.005497348756408687,295.88765917247235,0.00971313157022888,yolo26l
yolo26m,leaf,112,19,op:chunk,op:chunk,84c130dff5b597ff,"op:chunk[2,1]@1x512x40x40",1,4.381712136620975e-06,0.00042320521091746254,3.017404991475733e-05,0.0003930311610027052,96.58443953459339,0.0002266800385932196,yolo26l
yolo26m,leaf,113,19,m.0.cv1,Conv,75601b065a5e229b,"Conv[256->128,k1,s1]@1x256x40x40",1,4.1746095532257143e-05,0.005410817903680107,0.0016662733323368653,0.003744544571343242,129.6125502203955,0.002898178896635322,yolo26l
yolo26m,leaf,114,19,m.0.m.0.cv1,Conv,a1483ba7dbc7c07c,"Conv[128->128,k3,s1]@1x128x40x40",1,5.2859455372948154e-05,0.009363974649097384,0.004622583049780278,0.004741391599317106,177.14852684406543,0.00501559546074989,yolo26l
yolo26m,leaf,115,19,m.0.m.0.cv2,Conv,a1483ba7dbc7c07c,"Conv[128->128,k3,s1]@1x128x40x40",1,5.2859455372948154e-05,0.009363974649097384,0.004622583049780278,0.004741391599317106,177.14852684406543,0.00501559546074989,yolo26l
yolo26m,leaf,116,19,op:add,op:add,c8acca76a87407e6,op:add[]@1x128x40x40+1x128x40x40,1,9.356890679840459e-06,0.001104117237607893,0.00026482211903146205,0.0008392951185764309,118.00044217538286,0.000591394745565192,yolo26l
yolo26m,leaf,117,19,m.0.m.1.cv1,Conv,a1483ba7dbc7c07c,"Conv[128->128,k3,s1]@1x128x40x40",1,5.2859455372948154e-05,0.009363974649097384,0.004622583049780278,0.004741391599317106,177.14852684406543,0.00501559546074989,yolo26l
yolo26m,leaf,118,19,m.0.m.1.cv2,Conv,a1483ba7dbc7c07c,"Conv[128->128,k3,s1]@1x128x40x40",1,5.2859455372948154e-05,0.009363974649097384,0.004622583049780278,0.004741391599317106,177.14852684406543,0.00501559546074989,yolo26l
yolo26m,leaf,119,19,op:add,op:add,c8acca76a87407e6,op:add[]@1x128x40x40+1x128x40x40,1,9.356890679840459e-06,0.001104117237607893,0.00026482211903146205,0.0008392951185764309,118.00044217538286,0.000591394745565192,yolo26l
yolo26m,leaf,120,19,m.0.cv2,Conv,75601b065a5e229b,"Conv[256->128,k1,s1]@1x256x40x40",1,4.1746095532257143e-05,0.005410817903680107,0.0016662733323368653,0.003744544571343242,129.6125502203955,0.002898178896635322,yolo26l
yolo26m,leaf,121,19,op:cat,op:cat,8b70423467a04261,op:cat[1]@1x128x40x40+1x128x40x40,1,1.0269723268498217e-05,0.0012925476928698251,0.0003713732447220236,0.0009211744481478015,125.8600313831864,0.0006923231409843191,yolo26l
yolo26m,leaf,122,19,m.0.cv3,Conv,23af8dfe52fcdc4d,"Conv[256->256,k1,s1]@1x256x40x40",1,4.1633185493107026e-05,0.006505857680623277,0.002771440922881741,0.0037344167577415357,156.26615171448785,0.0034847115112987058,yolo26l;yolo26s
yolo26m,leaf,123,19,op:cat,op:cat,dc96e059221738e0,op:cat[1]@1x256x40x40+1x256x40x40+1x256x40x40,1,1.7734990767525767e-05,0.004016475649824963,0.0024256810484460955,0.0015907946013788677,226.4718207341535,0.002151331864126349,
yolo26m,leaf,124,19,cv2,Conv,32b8518782441a3a,"Conv[768->512,k1,s1]@1x768x40x40",1,6.128725189051453e-05,0.018134141498998026,0.012636792742589338,0.005497348756408687,295.88765917247235,0.00971313157022888,yolo26l
yolo26m,leaf,125,20,,Conv,e4ef9ed73247fe48,"Conv[512->512,k3,s2]@1x512x40x40",1,0.00011354698306171188,0.03403465335426912,0.023849707107317736,0.010184946246951383,299.74071029057245,0.018229871317338817,yolo26l
yolo26m,leaf,126,21,,Concat,2790e6163326a31a,Concat[d=1]@1x512x20x20+1x512x20x20,1,1.0717540598091814e-05,0.0013642715450231367,0.00040292874270704136,0.0009613428023160953,127.29334053243858,0.0007307403559777749,yolo26l
yolo26m,leaf,127,22,cv1,Conv,2f88b651e610ec87,"Conv[1024->512,k1,s1]@1x1024x20x20",1,4.6217959434164726e-05,0.009939645511972406,0.0057939833394696745,0.004145662172502731,215.06024137934855,0.005323940183468703,yolo26l;yolo26s
yolo26m,leaf,128,22,op:chunk,op:chunk,12889ce8ea8cddec,"op:chunk[2,1]@1x512x20x20",1,4.400606371074762e-06,0.00041284383390901577,1.8117896373282514e-05,0.00039472593753573325,93.81521524457247,0.00022113020773205922,yolo26l;yolo26s
yolo26m,leaf,129,22,m.0.0.cv1,Conv,25413d56f2c7fefc,"Conv[256->128,k3,s1]@1x256x20x20",1,5.216806283910609e-05,0.008495190177792837,0.0038158151605358443,0.004679375017256993,162.84273778754718,0.004550251243797625,yolo26l;yolo26s
yolo26m,leaf,130,22,m.0.0.cv2,Conv,22cdcbd6500093a8,"Conv[128->256,k3,s1]@1x128x20x20",1,5.901982920412517e-05,0.00906487057951547,0.003770905282158641,0.005293965297356829,153.5902543561052,0.004855387315180906,yolo26l;yolo26s
yolo26m,leaf,131,22,op:add,op:add,d10599b21e83f03c,op:add[]@1x256x20x20+1x256x20x20,1,9.076604192349383e-06,0.0009889556896381716,0.00017480173053483665,0.0008141539591033349,108.95657326026804,0.0005297111380272815,yolo26l;yolo26n;yolo26s
yolo26m,leaf,132,22,m.0.1.attn,Attention,87501ab6eeead3a3,"Attention[256->256,p=199936]@1x256x20x20",1,0.0002678893740720354,0.032388033817362535,0.008358871602015542,0.024029162215346993,120.90077827668297,0.01734789781950509,yolo26l;yolo26s
yolo26m,leaf,133,22,op:add,op:add,d10599b21e83f03c,op:add[]@1x256x20x20+1x256x20x20,1,9.076604192349383e-06,0.0009889556896381716,0.00017480173053483665,0.0008141539591033349,108.95657326026804,0.0005297111380272815,yolo26l;yolo26n;yolo26s
yolo26m,leaf,134,22,m.0.1.ffn.0,Conv,9107ffd7fc86dace,"Conv[256->512,k1,s1]@1x256x20x20",1,4.308888259652748e-05,0.005565081526598514,0.0017000915352016004,0.003864989991396914,129.15353546547996,0.0029808066221325255,yolo26l;yolo26s
yolo26m,leaf,135,22,m.0.1.ffn.1,Conv,67568c7ff087692a,"Conv[512->256,k1,s1]@1x512x20x20",1,3.883377821291349e-05,0.005224339558135304,0.0017410242555209346,0.0034833153026143696,134.5308079345739,0.002798296103431389,yolo26l;yolo26s
yolo26m,leaf,136,22,op:add,op:add,d10599b21e83f03c,op:add[]@1x256x20x20+1x256x20x20,1,9.076604192349383e-06,0.0009889556896381716,0.00017480173053483665,0.0008141539591033349,108.95657326026804,0.0005297111380272815,yolo26l;yolo26n;yolo26s
yolo26m,leaf,137,22,op:cat,op:cat,b15e0002af07527a,op:cat[1]@1x256x20x20+1x256x20x20+1x256x20x20,1,1.044258547240657e-05,0.0012479594472313638,0.0003112795914763936,0.0009366798557549702,119.506749600371,0.0006684404831592442,yolo26l;yolo26s
yolo26m,leaf,138,22,cv2,Conv,8fa73bf7f1bdcb03,"Conv[768->512,k1,s1]@1x768x20x20",1,4.271784009920738e-05,0.007048469721587983,0.0032167615293955966,0.003831708192192386,165.00061110811558,0.0037753490441409317,yolo26l;yolo26s
yolo26m,leaf,139,23,,Detect,3d1a9c8e3f245ae1,"Detect[nc=80,e2e]@1x256x80x80+1x512x40x40+1x512x20x20",1,0.0013646236606805937,0.266260071253574,0.14385595045191357,0.12240412080166042,195.11611803709982,0.14261602095292894,yolo26l
yolo26l,leaf,0,0,,Conv,7c444c1e370f89b1,"Conv[3->64,k3,s2]@1x3x640x640",1,0.0002658309145130311,0.07714121022149314,0.05329668787410801,0.023844522347385134,290.1890111720308,0.0322443335773201,yolo26m
yolo26l,leaf,1,1,,Conv,267db7ddf7d6fb13,"Conv[64->128,k3,s2]@1x64x320x320",1,0.00030423453195085084,0.09069150033372052,0.06340224727887045,0.02728925305485006,298.09732561316133,0.03790823323865036,yolo26m
yolo26l,leaf,2,2,cv1,Conv,20195878dbaa7d26,"Conv[128->128,k1,s1]@1x128x160x160",1,0.0001530387208677976,0.04206022366187489,0.028332944400799503,0.013727279261075384,274.8338683398209,0.017580796025835736,yolo26m
yolo26l,leaf,3,2,op:chunk,op:chunk,3647a7207f66525d,"op:chunk[2,1]@1x128x160x160",1,4.405350667903344e-06,0.0004349444284470132,3.9792936599965256e-05,0.00039515149184704795,98.73094362633748,0.00018180286773015667,yolo26m
yolo26l,leaf,4,2,m.0.cv1,Conv,f271c8cdab318f87,"Conv[64->32,k1,s1]@1x64x160x160",1,4.055281107949682e-05,0.009815538859479523,0.006178029611145094,0.003637509248334428,242.0433651378161,0.004102807154793944,yolo26m
yolo26l,leaf,5,2,m.0.m.0.cv1,Conv,8761bda59e301a4f,"Conv[32->32,k3,s1]@1x32x160x160",1,4.310761970297367e-05,0.012710836221330488,0.008844165547480971,0.003866670673849517,294.8628643593064,0.005313015468521517,yolo26m
yolo26l,leaf,6,2,m.0.m.0.cv2,Conv,8761bda59e301a4f,"Conv[32->32,k3,s1]@1x32x160x160",1,4.310761970297367e-05,0.012710836221330488,0.008844165547480971,0.003866670673849517,294.8628643593064,0.005313015468521517,yolo26m
yolo26l,leaf,7,2,op:add,op:add,1191e4f142683e30,op:add[]@1x32x160x160+1x32x160x160,1,1.7473654213277732e-05,0.003908880683820286,0.0023415274693070927,0.0015673532145131935,223.70138702012537,0.0016338770460192656,yolo26m;yolo26s
yolo26l,leaf,8,2,m.0.m.1.cv1,Conv,8761bda59e301a4f,"Conv[32->32,k3,s1]@1x32x160x160",1,4.310761970297367e-05,0.012710836221330488,0.008844165547480971,0.003866670673849517,294.8628643593064,0.005313015468521517,yolo26m
yolo26l,leaf,9,2,m.0.m.1.cv2,Conv,8761bda59e301a4f,"Conv[32->32,k3,s1]@1x32x160x160",1,4.310761970297367e-05,0.012710836221330488,0.008844165547480971,0.003866670673849517,294.8628643593064,0.005313015468521517,yolo26m
yolo26l,leaf,10,2,op:add,op:add,1191e4f142683e30,op:add[]@1x32x160x160+1x32x160x160,1,1.7473654213277732e-05,0.003908880683820286,0.0023415274693070927,0.0015673532145131935,223.70138702012537,0.0016338770460192656,yolo26m;yolo26s
yolo26l,leaf,11,2,m.0.cv2,Conv,f271c8cdab318f87,"Conv[64->32,k1,s1]@1x64x160x160",1,4.055281107949682e-05,0.009815538859479523,0.006178029611145094,0.003637509248334428,242.0433651378161,0.004102807154793944,yolo26m
yolo26l,leaf,12,2,op:cat,op:cat,fe23df34257d22ff,op:cat[1]@1x32x160x160+1x32x160x160,1,2.6081529414073053e-05,0.006112265352574576,0.0037728022690310635,0.0023394630835435123,234.35225962157435,0.0025548720635264087,yolo26m
yolo26l,leaf,13,2,m.0.cv3,Conv,8610e43e956152d8,"Conv[64->64,k1,s1]@1x64x160x160",1,6.889128510571379e-05,0.016556591945629324,0.010377176017830045,0.00617941592779928,240.3292654538699,0.006920506847968787,yolo26m;yolo26s
yolo26l,leaf,14,2,m.1.cv1,Conv,f271c8cdab318f87,"Conv[64->32,k1,s1]@1x64x160x160",1,4.055281107949682e-05,0.009815538859479523,0.006178029611145094,0.003637509248334428,242.0433651378161,0.004102807154793944,yolo26m
yolo26l,leaf,15,2,m.1.m.0.cv1,Conv,8761bda59e301a4f,"Conv[32->32,k3,s1]@1x32x160x160",1,4.310761970297367e-05,0.012710836221330488,0.008844165547480971,0.003866670673849517,294.8628643593064,0.005313015468521517,yolo26m
yolo26l,leaf,16,2,m.1.m.0.cv2,Conv,8761bda59e301a4f,"Conv[32->32,k3,s1]@1x32x160x160",1,4.310761970297367e-05,0.012710836221330488,0.008844165547480971,0.003866670673849517,294.8628643593064,0.005313015468521517,yolo26m
yolo26l,leaf,17,2,op:add,op:add,1191e4f142683e30,op:add[]@1x32x160x160+1x32x160x160,1,1.7473654213277732e-05,0.003908880683820286,0.0023415274693070927,0.0015673532145131935,223.70138702012537,0.0016338770460192656,yolo26m;yolo26s
yolo26l,leaf,18,2,m.1.m.1.cv1,Conv,8761bda59e301a4f,"Conv[32->32,k3,s1]@1x32x160x160",1,4.310761970297367e-05,0.012710836221330488,0.008844165547480971,0.003866670673849517,294.8628643593064,0.005313015468521517,yolo26m
yolo26l,leaf,19,2,m.1.m.1.cv2,Conv,8761bda59e301a4f,"Conv[32->32,k3,s1]@1x32x160x160",1,4.310761970297367e-05,0.012710836221330488,0.008844165547480971,0.003866670673849517,294.8628643593064,0.005313015468521517,yolo26m
yolo26l,leaf,20,2,op:add,op:add,1191e4f142683e30,op:add[]@1x32x160x160+1x32x160x160,1,1.7473654213277732e-05,0.003908880683820286,0.0023415274693070927,0.0015673532145131935,223.70138702012537,0.0016338770460192656,yolo26m;yolo26s
yolo26l,leaf,21,2,m.1.cv2,Conv,f271c8cdab318f87,"Conv[64->32,k1,s1]@1x64x160x160",1,4.055281107949682e-05,0.009815538859479523,0.006178029611145094,0.003637509248334428,242.0433651378161,0.004102807154793944,yolo26m
yolo26l,leaf,22,2,op:cat,op:cat,fe23df34257d22ff,op:cat[1]@1x32x160x160+1x32x160x160,1,2.6081529414073053e-05,0.006112265352574576,0.0037728022690310635,0.0023394630835435123,234.35225962157435,0.0025548720635264087,yolo26m
yolo26l,leaf,23,2,m.1.cv3,Conv,8610e43e956152d8,"Conv[64->64,k1,s1]@1x64x160x160",1,6.889128510571379e-05,0.016556591945629324,0.010377176017830045,0.00617941592779928,240.3292654538699,0.006920506847968787,yolo26m;yolo26s
yolo26l,leaf,24,2,op:cat,op:cat,e96d6067e7c9ecd0,op:cat[1]@1x64x160x160+1x64x160x160+1x64x160x160+1x64x160x160,1,9.585179180374467e-05,0.023936930730784938,0.015339209145663358,0.00859772158512158,249.72856824414404,0.010005422226129221,
yolo26l,leaf,25,2,cv2,Conv,2ee7c9cfe7b7f33d,"Conv[256->256,k1,s1]@1x256x160x160",1,0.0003060145729491024,0.09077752657989469,0.06332860726711588,0.0274489193127788,296.6444561938989,0.03794419143751813,
yolo26l,leaf,26,3,,Conv,955291a5cd198354,"Conv[256->256,k3,s2]@1x256x160x160",1,0.000342759819790412,0.10139991788128959,0.07065502051767789,0.030744897363611707,295.8337355390512,0.04238425567202465,yolo26m
yolo26l,leaf,27,4,cv1,Conv,3d6d562f6d030549,"Conv[256->256,k1,s1]@1x256x80x80",1,7.376602507919103e-05,0.021482625937898053,0.014865955199279652,0.0066166707386184015,291.22656283615015,0.00897954484858957,yolo26m
yolo26l,leaf,28,4,op:chunk,op:chunk,02901759b2f335d3,"op:chunk[2,1]@1x256x80x80",1,4.363251733743323e-06,0.00043193554490325125,4.0560246574623164e-05,0.0003913752983286281,98.99395479817639,0.00018054518141175693,yolo26m
yolo26l,leaf,29,4,m.0.cv1,Conv,c34ac84e27c4b780,"Conv[128->64,k1,s1]@1x128x80x80",1,4.174005922997542e-05,0.005658342149239448,0.0019143390226146122,0.003744003126624836,135.56143076040337,0.0023651362382159373,yolo26m
yolo26l,leaf,30,4,m.0.m.0.cv1,Conv,495310f3993dea8c,"Conv[64->64,k3,s1]@1x64x80x80",1,5.239108839666146e-05,0.01020714475858112,0.00550776477726301,0.004699379981318109,194.8259727169851,0.004266494906194558,yolo26m
yolo26l,leaf,31,4,m.0.m.0.cv2,Conv,495310f3993dea8c,"Conv[64->64,k3,s1]@1x64x80x80",1,5.239108839666146e-05,0.01020714475858112,0.00550776477726301,0.004699379981318109,194.8259727169851,0.004266494906194558,yolo26m
yolo26l,leaf,32,4,op:add,op:add,bd915cfbe647f0e6,op:add[]@1x64x80x80+1x64x80x80,1,9.322305881311355e-06,0.001229508166408619,0.0003933152378198262,0.0008361929285887927,131.88884617843775,0.0005139233794736717,yolo26m;yolo26s
yolo26l,leaf,33,4,m.0.m.1.cv1,Conv,495310f3993dea8c,"Conv[64->64,k3,s1]@1x64x80x80",1,5.239108839666146e-05,0.01020714475858112,0.00550776477726301,0.004699379981318109,194.8259727169851,0.004266494906194558,yolo26m
yolo26l,leaf,34,4,m.0.m.1.cv2,Conv,495310f3993dea8c,"Conv[64->64,k3,s1]@1x64x80x80",1,5.239108839666146e-05,0.01020714475858112,0.00550776477726301,0.004699379981318109,194.8259727169851,0.004266494906194558,yolo26m
yolo26l,leaf,35,4,op:add,op:add,bd915cfbe647f0e6,op:add[]@1x64x80x80+1x64x80x80,1,9.322305881311355e-06,0.001229508166408619,0.0003933152378198262,0.0008361929285887927,131.88884617843775,0.0005139233794736717,yolo26m;yolo26s
yolo26l,leaf,36,4,m.0.cv2,Conv,c34ac84e27c4b780,"Conv[128->64,k1,s1]@1x128x80x80",1,4.174005922997542e-05,0.005658342149239448,0.0019143390226146122,0.003744003126624836,135.56143076040337,0.0023651362382159373,yolo26m
yolo26l,leaf,37,4,op:cat,op:cat,4fa88d8eb9608546,op:cat[1]@1x64x80x80+1x64x80x80,1,1.0325074167651091e-05,0.0020088481490051174,0.001082708831537221,0.0009261393174678966,194.5601664827674,0.0008396804980984815,yolo26m
yolo26l,leaf,38,4,m.0.cv3,Conv,37c70738f9f86043,"Conv[128->128,k1,s1]@1x128x80x80",1,4.201328918966044e-05,0.008301192478089947,0.004532681148980011,0.003768511329109936,197.58492225200231,0.003469823957707307,yolo26m;yolo26s
yolo26l,leaf,39,4,m.1.cv1,Conv,c34ac84e27c4b780,"Conv[128->64,k1,s1]@1x128x80x80",1,4.174005922997542e-05,0.005658342149239448,0.0019143390226146122,0.003744003126624836,135.56143076040337,0.0023651362382159373,yolo26m
yolo26l,leaf,40,4,m.1.m.0.cv1,Conv,495310f3993dea8c,"Conv[64->64,k3,s1]@1x64x80x80",1,5.239108839666146e-05,0.01020714475858112,0.00550776477726301,0.004699379981318109,194.8259727169851,0.004266494906194558,yolo26m
yolo26l,leaf,41,4,m.1.m.0.cv2,Conv,495310f3993dea8c,"Conv[64->64,k3,s1]@1x64x80x80",1,5.239108839666146e-05,0.01020714475858112,0.00550776477726301,0.004699379981318109,194.8259727169851,0.004266494906194558,yolo26m
yolo26l,leaf,42,4,op:add,op:add,bd915cfbe647f0e6,op:add[]@1x64x80x80+1x64x80x80,1,9.322305881311355e-06,0.001229508166408619,0.0003933152378198262,0.0008361929285887927,131.88884617843775,0.0005139233794736717,yolo26m;yolo26s
yolo26l,leaf,43,4,m.1.m.1.cv1,Conv,495310f3993dea8c,"Conv[64->64,k3,s1]@1x64x80x80",1,5.239108839666146e-05,0.01020714475858112,0.00550776477726301,0.004699379981318109,194.8259727169851,0.004266494906194558,yolo26m
yolo26l,leaf,44,4,m.1.m.1.cv2,Conv,495310f3993dea8c,"Conv[64->64,k3,s1]@1x64x80x80",1,5.239108839666146e-05,0.01020714475858112,0.00550776477726301,0.004699379981318109,194.8259727169851,0.004266494906194558,yolo26m
yolo26l,leaf,45,4,op:add,op:add,bd915cfbe647f0e6,op:add[]@1x64x80x80+1x64x80x80,1,9.322305881311355e-06,0.001229508166408619,0.0003933152378198262,0.0008361929285887927,131.88884617843775,0.0005139233794736717,yolo26m;yolo26s
yolo26l,leaf,46,4,m.1.cv2,Conv,c34ac84e27c4b780,"Conv[128->64,k1,s1]@1x128x80x80",1,4.174005922997542e-05,0.005658342149239448,0.0019143390226146122,0.003744003126624836,135.56143076040337,0.0023651362382159373,yolo26m
yolo26l,leaf,47,4,op:cat,op:cat,4fa88d8eb9608546,op:cat[1]@1x64x80x80+1x64x80x80,1,1.0325074167651091e-05,0.0020088481490051174,0.001082708831537221,0.0009261393174678966,194.5601664827674,0.0008396804980984815,yolo26m
yolo26l,leaf,48,4,m.1.cv3,Conv,37c70738f9f86043,"Conv[128->128,k1,s1]@1x128x80x80",1,4.201328918966044e-05,0.008301192478089947,0.004532681148980011,0.003768511329109936,197.58492225200231,0.003469823957707307,yolo26m;yolo26s
yolo26l,leaf,49,4,op:cat,op:cat,ad32be0bc1ce8da4,op:cat[1]@1x128x80x80+1x128x80x80+1x128x80x80+1x128x80x80,1,4.923181072044615e-05,0.01198472658520002,0.007568727742189728,0.004415998843010292,243.43460883966065,0.005009508157009647,
yolo26l,leaf,50,4,cv2,Conv,d550e5702bafb220,"Conv[512->512,k1,s1]@1x512x80x80",1,0.00019024015463819962,0.056174625963359974,0.03911044956028707,0.0170641764030729,295.28269712665747,0.023480489519713238,
yolo26l,leaf,51,5,,Conv,3040cb2cd52f54a7,"Conv[512->512,k3,s2]@1x512x80x80",1,0.00039944294555644544,0.1193357319893135,0.08350646713773015,0.03582926485158336,298.7553875136596,0.04988126500619754,yolo26m
yolo26l,leaf,52,6,cv1,Conv,44f093929ecef7d3,"Conv[512->512,k1,s1]@1x512x40x40",1,4.947793811756906e-05,0.014855393010505449,0.010417317012805485,0.004438075997699963,300.2427662851712,0.006209420960308802,yolo26m
yolo26l,leaf,53,6,op:chunk,op:chunk,84c130dff5b597ff,"op:chunk[2,1]@1x512x40x40",1,4.381712136620975e-06,0.00042320521091746254,3.017404991475733e-05,0.0003930311610027052,96.58443953459339,0.00017689598015511456,yolo26m
yolo26l,leaf,54,6,m.0.cv1,Conv,75601b065a5e229b,"Conv[256->128,k1,s1]@1x256x40x40",1,4.1746095532257143e-05,0.005410817903680107,0.0016662733323368653,0.003744544571343242,129.6125502203955,0.002261673324951114,yolo26m
yolo26l,leaf,55,6,m.0.m.0.cv1,Conv,a1483ba7dbc7c07c,"Conv[128->128,k3,s1]@1x128x40x40",1,5.2859455372948154e-05,0.009363974649097384,0.004622583049780278,0.004741391599317106,177.14852684406543,0.003914057367367301,yolo26m
yolo26l,leaf,56,6,m.0.m.0.cv2,Conv,a1483ba7dbc7c07c,"Conv[128->128,k3,s1]@1x128x40x40",1,5.2859455372948154e-05,0.009363974649097384,0.004622583049780278,0.004741391599317106,177.14852684406543,0.003914057367367301,yolo26m
yolo26l,leaf,57,6,op:add,op:add,c8acca76a87407e6,op:add[]@1x128x40x40+1x128x40x40,1,9.356890679840459e-06,0.001104117237607893,0.00026482211903146205,0.0008392951185764309,118.00044217538286,0.00046151109654199814,yolo26m
yolo26l,leaf,58,6,m.0.m.1.cv1,Conv,a1483ba7dbc7c07c,"Conv[128->128,k3,s1]@1x128x40x40",1,5.2859455372948154e-05,0.009363974649097384,0.004622583049780278,0.004741391599317106,177.14852684406543,0.003914057367367301,yolo26m
yolo26l,leaf,59,6,m.0.m.1.cv2,Conv,a1483ba7dbc7c07c,"Conv[128->128,k3,s1]@1x128x40x40",1,5.2859455372948154e-05,0.009363974649097384,0.004622583049780278,0.004741391599317106,177.14852684406543,0.003914057367367301,yolo26m
yolo26l,leaf,60,6,op:add,op:add,c8acca76a87407e6,op:add[]@1x128x40x40+1x128x40x40,1,9.356890679840459e-06,0.001104117237607893,0.00026482211903146205,0.0008392951185764309,118.00044217538286,0.00046151109654199814,yolo26m
yolo26l,leaf,61,6,m.0.cv2,Conv,75601b065a5e229b,"Conv[256->128,k1,s1]@1x256x40x40",1,4.1746095532257143e-05,0.005410817903680107,0.0016662733323368653,0.003744544571343242,129.6125502203955,0.002261673324951114,yolo26m
yolo26l,leaf,62,6,op:cat,op:cat,8b70423467a04261,op:cat[1]@1x128x40x40+1x128x40x40,1,1.0269723268498217e-05,0.0012925476928698251,0.0003713732447220236,0.0009211744481478015,125.8600313831864,0.0005402733357931939,yolo26m
yolo26l,leaf,63,6,m.0.cv3,Conv,23af8dfe52fcdc4d,"Conv[256->256,k1,s1]@1x256x40x40",1,4.1633185493107026e-05,0.006505857680623277,0.002771440922881741,0.0037344167577415357,156.26615171448785,0.0027193901243999247,yolo26m;yolo26s
yolo26l,leaf,64,6,m.1.cv1,Conv,75601b065a5e229b,"Conv[256->128,k1,s1]@1x256x40x40",1,4.1746095532257143e-05,0.005410817903680107,0.0016662733323368653,0.003744544571343242,129.6125502203955,0.002261673324951114,yolo26m
yolo26l,leaf,65,6,m.1.m.0.cv1,Conv,a1483ba7dbc7c07c,"Conv[128->128,k3,s1]@1x128x40x40",1,5.2859455372948154e-05,0.009363974649097384,0.004622583049780278,0.004741391599317106,177.14852684406543,0.003914057367367301,yolo26m
yolo26l,leaf,66,6,m.1.m.0.cv2,Conv,a1483ba7dbc7c07c,"Conv[128->128,k3,s1]@1x128x40x40",1,5.2859455372948154e-05,0.009363974649097384,0.004622583049780278,0.004741391599317106,177.14852684406543,0.003914057367367301,yolo26m
yolo26l,leaf,67,6,op:add,op:add,c8acca76a87407e6,op:add[]@1x128x40x40+1x128x40x40,1,9.356890679840459e-06,0.001104117237607893,0.00026482211903146205,0.0008392951185764309,118.00044217538286,0.00046151109654199814,yolo26m
yolo26l,leaf,68,6,m.1.m.1.cv1,Conv,a1483ba7dbc7c07c,"Conv[128->128,k3,s1]@1x128x40x40",1,5.2859455372948154e-05,0.009363974649097384,0.004622583049780278,0.004741391599317106,177.14852684406543,0.003914057367367301,yolo26m
yolo26l,leaf,69,6,m.1.m.1.cv2,Conv,a1483ba7dbc7c07c,"Conv[128->128,k3,s1]@1x128x40x40",1,5.2859455372948154e-05,0.009363974649097384,0.004622583049780278,0.004741391599317106,177.14852684406543,0.003914057367367301,yolo26m
yolo26l,leaf,70,6,op:add,op:add,c8acca76a87407e6,op:add[]@1x128x40x40+1x128x40x40,1,9.356890679840459e-06,0.001104117237607893,0.00026482211903146205,0.0008392951185764309,118.00044217538286,0.00046151109654199814,yolo26m
yolo26l,leaf,71,6,m.1.cv2,Conv,75601b065a5e229b,"Conv[256->128,k1,s1]@1x256x40x40",1,4.1746095532257143e-05,0.005410817903680107,0.0016662733323368653,0.003744544571343242,129.6125502203955,0.002261673324951114,yolo26m
yolo26l,leaf,72,6,op:cat,op:cat,8b70423467a04261,op:cat[1]@1x128x40x40+1x128x40x40,1,1.0269723268498217e-05,0.0012925476928698251,0.0003713732447220236,0.0009211744481478015,125.8600313831864,0.0005402733357931939,yolo26m
yolo26l,leaf,73,6,m.1.cv3,Conv,23af8dfe52fcdc4d,"Conv[256->256,k1,s1]@1x256x40x40",1,4.1633185493107026e-05,0.006505857680623277,0.002771440922881741,0.0037344167577415357,156.26615171448785,0.0027193901243999247,yolo26m;yolo26s
yolo26l,leaf,74,6,op:cat,op:cat,b39584e240b9b78e,op:cat[1]@1x256x40x40+1x256x40x40+1x256x40x40+1x256x40x40,1,2.604362616768999e-05,0.006081130074595677,0.003745066839437275,0.0023360632351584025,233.49782535812906,0.0025418577967513396,
yolo26l,leaf,75,6,cv2,Conv,e24e0f340f874db2,"Conv[1024->512,k1,s1]@1x1024x40x40",1,7.226662100479075e-05,0.02154300273954678,0.015060825665915732,0.006482177073631047,298.10446980935546,0.009004781809833806,yolo26m
yolo26l,leaf,76,7,,Conv,e4ef9ed73247fe48,"Conv[512->512,k3,s2]@1x512x40x40",1,0.00011354698306171188,0.03403465335426912,0.023849707107317736,0.010184946246951383,299.74071029057245,0.014226179661850113,yolo26m
yolo26l,leaf,77,8,cv1,Conv,8ca8a00b85e9776d,"Conv[512->512,k1,s1]@1x512x20x20",1,4.28691248578454e-05,0.006258995994049006,0.0024137178496380406,0.0038452781444109655,146.00242050202615,0.002616204154844798,yolo26m;yolo26s
yolo26l,leaf,78,8,op:chunk,op:chunk,12889ce8ea8cddec,"op:chunk[2,1]@1x512x20x20",1,4.400606371074762e-06,0.00041284383390901577,1.8117896373282514e-05,0.00039472593753573325,93.81521524457247,0.00017256501755261644,yolo26m;yolo26s
yolo26l,leaf,79,8,m.0.cv1,Conv,c8333f13264ecfd9,"Conv[256->128,k1,s1]@1x256x20x20",1,4.600609400384554e-05,0.005065908963238938,0.000939250712823819,0.004126658250415119,110.11386801964737,0.002117504483193865,yolo26m;yolo26s
yolo26l,leaf,80,8,m.0.m.0.cv1,Conv,5f6a6a2149226c08,"Conv[128->128,k3,s1]@1x128x20x20",1,5.2126299013671044e-05,0.0067147585855958005,0.0020391297032483708,0.00467562888234743,128.81709832947735,0.0028067088279203596,yolo26m;yolo26s
yolo26l,leaf,81,8,m.0.m.0.cv2,Conv,5f6a6a2149226c08,"Conv[128->128,k3,s1]@1x128x20x20",1,5.2126299013671044e-05,0.0067147585855958005,0.0020391297032483708,0.00467562888234743,128.81709832947735,0.0028067088279203596,yolo26m;yolo26s
yolo26l,leaf,82,8,op:add,op:add,501e281da4c6ecce,op:add[]@1x128x20x20+1x128x20x20,1,9.148922786778318e-06,0.000962172182809087,0.0001415313847158207,0.0008206407980932663,105.16781103449493,0.0004021793375063011,yolo26m;yolo26n;yolo26s
yolo26l,leaf,83,8,m.0.m.1.cv1,Conv,5f6a6a2149226c08,"Conv[128->128,k3,s1]@1x128x20x20",1,5.2126299013671044e-05,0.0067147585855958005,0.0020391297032483708,0.00467562888234743,128.81709832947735,0.0028067088279203596,yolo26m;yolo26s
yolo26l,leaf,84,8,m.0.m.1.cv2,Conv,5f6a6a2149226c08,"Conv[128->128,k3,s1]@1x128x20x20",1,5.2126299013671044e-05,0.0067147585855958005,0.0020391297032483708,0.00467562888234743,128.81709832947735,0.0028067088279203596,yolo26m;yolo26s
yolo26l,leaf,85,8,op:add,op:add,501e281da4c6ecce,op:add[]@1x128x20x20+1x128x20x20,1,9.148922786778318e-06,0.000962172182809087,0.0001415313847158207,0.0008206407980932663,105.16781103449493,0.0004021793375063011,yolo26m;yolo26n;yolo26s
yolo26l,leaf,86,8,m.0.cv2,Conv,c8333f13264ecfd9,"Conv[256->128,k1,s1]@1x256x20x20",1,4.600609400384554e-05,0.005065908963238938,0.000939250712823819,0.004126658250415119,110.11386801964737,0.002117504483193865,yolo26m;yolo26s
yolo26l,leaf,87,8,op:cat,op:cat,4455eab86eb73a18,op:cat[1]@1x128x20x20+1x128x20x20,1,1.020778652985353e-05,0.001091000738747156,0.00017538189706989174,0.0009156188416772643,106.87926668102166,0.0004560285177307793,yolo26m;yolo26n;yolo26s
yolo26l,leaf,88,8,m.0.cv3,Conv,73cbfd59c6c24dfa,"Conv[256->256,k1,s1]@1x256x20x20",1,4.2946511398775335e-05,0.00485819637769302,0.001005976809226952,0.0038522195684660677,113.12202596813384,0.0020306824865293097,yolo26m;yolo26n;yolo26s
yolo26l,leaf,89,8,m.1.cv1,Conv,c8333f13264ecfd9,"Conv[256->128,k1,s1]@1x256x20x20",1,4.600609400384554e-05,0.005065908963238938,0.000939250712823819,0.004126658250415119,110.11386801964737,0.002117504483193865,yolo26m;yolo26s
yolo26l,leaf,90,8,m.1.m.0.cv1,Conv,5f6a6a2149226c08,"Conv[128->128,k3,s1]@1x128x20x20",1,5.2126299013671044e-05,0.0067147585855958005,0.0020391297032483708,0.00467562888234743,128.81709832947735,0.0028067088279203596,yolo26m;yolo26s
yolo26l,leaf,91,8,m.1.m.0.cv2,Conv,5f6a6a2149226c08,"Conv[128->128,k3,s1]@1x128x20x20",1,5.2126299013671044e-05,0.0067147585855958005,0.0020391297032483708,0.00467562888234743,128.81709832947735,0.0028067088279203596,yolo26m;yolo26s
yolo26l,leaf,92,8,op:add,op:add,501e281da4c6ecce,op:add[]@1x128x20x20+1x128x20x20,1,9.148922786778318e-06,0.000962172182809087,0.0001415313847158207,0.0008206407980932663,105.16781103449493,0.0004021793375063011,yolo26m;yolo26n;yolo26s
yolo26l,leaf,93,8,m.1.m.1.cv1,Conv,5f6a6a2149226c08,"Conv[128->128,k3,s1]@1x128x20x20",1,5.2126299013671044e-05,0.0067147585855958005,0.0020391297032483708,0.00467562888234743,128.81709832947735,0.0028067088279203596,yolo26m;yolo26s
yolo26l,leaf,94,8,m.1.m.1.cv2,Conv,5f6a6a2149226c08,"Conv[128->128,k3,s1]@1x128x20x20",1,5.2126299013671044e-05,0.0067147585855958005,0.0020391297032483708,0.00467562888234743,128.81709832947735,0.0028067088279203596,yolo26m;yolo26s
yolo26l,leaf,95,8,op:add,op:add,501e281da4c6ecce,op:add[]@1x128x20x20+1x128x20x20,1,9.148922786778318e-06,0.000962172182809087,0.0001415313847158207,0.0008206407980932663,105.16781103449493,0.0004021793375063011,yolo26m;yolo26n;yolo26s
yolo26l,leaf,96,8,m.1.cv2,Conv,c8333f13264ecfd9,"Conv[256->128,k1,s1]@1x256x20x20",1,4.600609400384554e-05,0.005065908963238938,0.000939250712823819,0.004126658250415119,110.11386801964737,0.002117504483193865,yolo26m;yolo26s
yolo26l,leaf,97,8,op:cat,op:cat,4455eab86eb73a18,op:cat[1]@1x128x20x20+1x128x20x20,1,1.020778652985353e-05,0.001091000738747156,0.00017538189706989174,0.0009156188416772643,106.87926668102166,0.0004560285177307793,yolo26m;yolo26n;yolo26s
yolo26l,leaf,98,8,m.1.cv3,Conv,73cbfd59c6c24dfa,"Conv[256->256,k1,s1]@1x256x20x20",1,4.2946511398775335e-05,0.00485819637769302,0.001005976809226952,0.0038522195684660677,113.12202596813384,0.0020306824865293097,yolo26m;yolo26n;yolo26s
yolo26l,leaf,99,8,op:cat,op:cat,de774739b210b292,op:cat[1]@1x256x20x20+1x256x20x20+1x256x20x20+1x256x20x20,1,1.0760400715292149e-05,0.0013479112751129355,0.0003827240026220034,0.0009651872724909321,125.26589954938673,0.000563414816316465,yolo26m;yolo26s
yolo26l,leaf,100,8,cv2,Conv,2f88b651e610ec87,"Conv[1024->512,k1,s1]@1x1024x20x20",1,4.6217959434164726e-05,0.009939645511972406,0.0057939833394696745,0.004145662172502731,215.06024137934855,0.004154682621754535,yolo26m;yolo26s
yolo26l,leaf,101,9,cv1,Conv,67568c7ff087692a,"Conv[512->256,k1,s1]@1x512x20x20",1,3.883377821291349e-05,0.005224339558135304,0.0017410242555209346,0.0034833153026143696,134.5308079345739,0.0021837270500426847,yolo26m;yolo26s
yolo26l,leaf,102,9,m,MaxPool2d,c3660bbcc966afd5,MaxPool2d[p=0]@1x256x20x20,1,1.2152107565292478e-05,0.0021538243265689394,0.0010638036232235417,0.0010900207033453977,177.23874768196234,0.0009002792392474791,yolo26m;yolo26s
yolo26l,leaf,103,9,m,MaxPool2d,c3660bbcc966afd5,MaxPool2d[p=0]@1x256x20x20,1,1.2152107565292478e-05,0.0021538243265689394,0.0010638036232235417,0.0010900207033453977,177.23874768196234,0.0009002792392474791,yolo26m;yolo26s
yolo26l,leaf,104,9,m,MaxPool2d,c3660bbcc966afd5,MaxPool2d[p=0]@1x256x20x20,1,1.2152107565292478e-05,0.0021538243265689394,0.0010638036232235417,0.0010900207033453977,177.23874768196234,0.0009002792392474791,yolo26m;yolo26s
yolo26l,leaf,105,9,op:cat,op:cat,de774739b210b292,op:cat[1]@1x256x20x20+1x256x20x20+1x256x20x20+1x256x20x20,1,1.0760400715292149e-05,0.0013479112751129355,0.0003827240026220034,0.0009651872724909321,125.26589954938673,0.000563414816316465,yolo26m;yolo26s
yolo26l,leaf,106,9,cv2,Conv,2f88b651e610ec87,"Conv[1024->512,k1,s1]@1x1024x20x20",1,4.6217959434164726e-05,0.009939645511972406,0.0057939833394696745,0.004145662172502731,215.06024137934855,0.004154682621754535,yolo26m;yolo26s
yolo26l,leaf,107,9,op:add,op:add,58048019ce9edcbc,op:add[]@1x512x20x20+1x512x20x20,1,9.288686453662437e-06,0.0011048356552203864,0.00027165832470584113,0.0008331773305145453,118.94422970696364,0.00046181138865666096,yolo26m;yolo26s
yolo26l,leaf,108,10,cv1,Conv,8ca8a00b85e9776d,"Conv[512->512,k1,s1]@1x512x20x20",1,4.28691248578454e-05,0.006258995994049006,0.0024137178496380406,0.0038452781444109655,146.00242050202615,0.002616204154844798,yolo26m;yolo26s
yolo26l,leaf,109,10,op:split,op:split,e4d960981e560242,"op:split[[256, 256],dim=1]@1x512x20x20",1,5.729954132389466e-06,0.000543405576085177,2.9439698152816077e-05,0.0005139658779323609,94.83593821693817,0.00022713865407032882,yolo26m;yolo26s
yolo26l,leaf,110,10,m.0.attn,Attention,87501ab6eeead3a3,"Attention[256->256,p=199936]@1x256x20x20",1,0.0002678893740720354,0.032388033817362535,0.008358871602015542,0.024029162215346993,120.90077827668297,0.01353790747282818,yolo26m;yolo26s
yolo26l,leaf,111,10,op:add,op:add,d10599b21e83f03c,op:add[]@1x256x20x20+1x256x20x20,1,9.076604192349383e-06,0.0009889556896381716,0.00017480173053483665,0.0008141539591033349,108.95657326026804,0.000413374602995237,yolo26m;yolo26n;yolo26s
yolo26l,leaf,112,10,m.0.ffn.0,Conv,9107ffd7fc86dace,"Conv[256->512,k1,s1]@1x256x20x20",1,4.308888259652748e-05,0.005565081526598514,0.0017000915352016004,0.003864989991396914,129.15353546547996,0.002326154134909176,yolo26m;yolo26s
yolo26l,leaf,113,10,m.0.ffn.1,Conv,67568c7ff087692a,"Conv[512->256,k1,s1]@1x512x20x20",1,3.883377821291349e-05,0.005224339558135304,0.0017410242555209346,0.0034833153026143696,134.5308079345739,0.0021837270500426847,yolo26m;yolo26s
yolo26l,leaf,114,10,op:add,op:add,d10599b21e83f03c,op:add[]@1x256x20x20+1x256x20x20,1,9.076604192349383e-06,0.0009889556896381716,0.00017480173053483665,0.0008141539591033349,108.95657326026804,0.000413374602995237,yolo26m;yolo26n;yolo26s
yolo26l,leaf,115,10,m.1.attn,Attention,87501ab6eeead3a3,"Attention[256->256,p=199936]@1x256x20x20",1,0.0002678893740720354,0.032388033817362535,0.008358871602015542,0.024029162215346993,120.90077827668297,0.01353790747282818,yolo26m;yolo26s
yolo26l,leaf,116,10,op:add,op:add,d10599b21e83f03c,op:add[]@1x256x20x20+1x256x20x20,1,9.076604192349383e-06,0.0009889556896381716,0.00017480173053483665,0.0008141539591033349,108.95657326026804,0.000413374602995237,yolo26m;yolo26n;yolo26s
yolo26l,leaf,117,10,m.1.ffn.0,Conv,9107ffd7fc86dace,"Conv[256->512,k1,s1]@1x256x20x20",1,4.308888259652748e-05,0.005565081526598514,0.0017000915352016004,0.003864989991396914,129.15353546547996,0.002326154134909176,yolo26m;yolo26s
yolo26l,leaf,118,10,m.1.ffn.1,Conv,67568c7ff087692a,"Conv[512->256,k1,s1]@1x512x20x20",1,3.883377821291349e-05,0.005224339558135304,0.0017410242555209346,0.0034833153026143696,134.5308079345739,0.0021837270500426847,yolo26m;yolo26s
yolo26l,leaf,119,10,op:add,op:add,d10599b21e83f03c,op:add[]@1x256x20x20+1x256x20x20,1,9.076604192349383e-06,0.0009889556896381716,0.00017480173053483665,0.0008141539591033349,108.95657326026804,0.000413374602995237,yolo26m;yolo26n;yolo26s
yolo26l,leaf,120,10,op:cat,op:cat,c9379f0477365213,op:cat[1]@1x256x20x20+1x256x20x20,1,1.0303482489807105e-05,0.0011677878091702382,0.00024358522372544577,0.0009242025854447924,113.33913658081063,0.000488124824050552,yolo26m;yolo26s
yolo26l,leaf,121,10,cv2,Conv,8ca8a00b85e9776d,"Conv[512->512,k1,s1]@1x512x20x20",1,4.28691248578454e-05,0.006258995994049006,0.0024137178496380406,0.0038452781444109655,146.00242050202615,0.002616204154844798,yolo26m;yolo26s
yolo26l,leaf,122,11,,Upsample,f2bd84b1cf0e5086,"Upsample[x2.0,nearest]@1x512x20x20",1,1.0859562468356649e-05,0.0022791023320621624,0.001305020440819744,0.0009740818912424184,209.8705485329791,0.0009526443212500341,yolo26m;yolo26s
yolo26l,leaf,123,12,,Concat,09590a79613b3a3b,Concat[d=1]@1x512x40x40+1x512x40x40,1,2.6020136633813423e-05,0.005889859321919294,0.003555903052824171,0.0023339562690951232,226.35773996149445,0.0024619083386708384,yolo26m
yolo26l,leaf,124,13,cv1,Conv,e24e0f340f874db2,"Conv[1024->512,k1,s1]@1x1024x40x40",1,7.226662100479075e-05,0.02154300273954678,0.015060825665915732,0.006482177073631047,298.10446980935546,0.009004781809833806,yolo26m
yolo26l,leaf,125,13,op:chunk,op:chunk,84c130dff5b597ff,"op:chunk[2,1]@1x512x40x40",1,4.381712136620975e-06,0.00042320521091746254,3.017404991475733e-05,0.0003930311610027052,96.58443953459339,0.00017689598015511456,yolo26m
yolo26l,leaf,126,13,m.0.cv1,Conv,75601b065a5e229b,"Conv[256->128,k1,s1]@1x256x40x40",1,4.1746095532257143e-05,0.005410817903680107,0.0016662733323368653,0.003744544571343242,129.6125502203955,0.002261673324951114,yolo26m
yolo26l,leaf,127,13,m.0.m.0.cv1,Conv,a1483ba7dbc7c07c,"Conv[128->128,k3,s1]@1x128x40x40",1,5.2859455372948154e-05,0.009363974649097384,0.004622583049780278,0.004741391599317106,177.14852684406543,0.003914057367367301,yolo26m
yolo26l,leaf,128,13,m.0.m.0.cv2,Conv,a1483ba7dbc7c07c,"Conv[128->128,k3,s1]@1x128x40x40",1,5.2859455372948154e-05,0.009363974649097384,0.004622583049780278,0.004741391599317106,177.14852684406543,0.003914057367367301,yolo26m
yolo26l,leaf,129,13,op:add,op:add,c8acca76a87407e6,op:add[]@1x128x40x40+1x128x40x40,1,9.356890679840459e-06,0.001104117237607893,0.00026482211903146205,0.0008392951185764309,118.00044217538286,0.00046151109654199814,yolo26m
yolo26l,leaf,130,13,m.0.m.1.cv1,Conv,a1483ba7dbc7c07c,"Conv[128->128,k3,s1]@1x128x40x40",1,5.2859455372948154e-05,0.009363974649097384,0.004622583049780278,0.004741391599317106,177.14852684406543,0.003914057367367301,yolo26m
yolo26l,leaf,131,13,m.0.m.1.cv2,Conv,a1483ba7dbc7c07c,"Conv[128->128,k3,s1]@1x128x40x40",1,5.2859455372948154e-05,0.009363974649097384,0.004622583049780278,0.004741391599317106,177.14852684406543,0.003914057367367301,yolo26m
yolo26l,leaf,132,13,op:add,op:add,c8acca76a87407e6,op:add[]@1x128x40x40+1x128x40x40,1,9.356890679840459e-06,0.001104117237607893,0.00026482211903146205,0.0008392951185764309,118.00044217538286,0.00046151109654199814,yolo26m
yolo26l,leaf,133,13,m.0.cv2,Conv,75601b065a5e229b,"Conv[256->128,k1,s1]@1x256x40x40",1,4.1746095532257143e-05,0.005410817903680107,0.0016662733323368653,0.003744544571343242,129.6125502203955,0.002261673324951114,yolo26m
yolo26l,leaf,134,13,op:cat,op:cat,8b70423467a04261,op:cat[1]@1x128x40x40+1x128x40x40,1,1.0269723268498217e-05,0.0012925476928698251,0.0003713732447220236,0.0009211744481478015,125.8600313831864,0.0005402733357931939,yolo26m
yolo26l,leaf,135,13,m.0.cv3,Conv,23af8dfe52fcdc4d,"Conv[256->256,k1,s1]@1x256x40x40",1,4.1633185493107026e-05,0.006505857680623277,0.002771440922881741,0.0037344167577415357,156.26615171448785,0.0027193901243999247,yolo26m;yolo26s
yolo26l,leaf,136,13,m.1.cv1,Conv,75601b065a5e229b,"Conv[256->128,k1,s1]@1x256x40x40",1,4.1746095532257143e-05,0.005410817903680107,0.0016662733323368653,0.003744544571343242,129.6125502203955,0.002261673324951114,yolo26m
yolo26l,leaf,137,13,m.1.m.0.cv1,Conv,a1483ba7dbc7c07c,"Conv[128->128,k3,s1]@1x128x40x40",1,5.2859455372948154e-05,0.009363974649097384,0.004622583049780278,0.004741391599317106,177.14852684406543,0.003914057367367301,yolo26m
yolo26l,leaf,138,13,m.1.m.0.cv2,Conv,a1483ba7dbc7c07c,"Conv[128->128,k3,s1]@1x128x40x40",1,5.2859455372948154e-05,0.009363974649097384,0.004622583049780278,0.004741391599317106,177.14852684406543,0.003914057367367301,yolo26m
yolo26l,leaf,139,13,op:add,op:add,c8acca76a87407e6,op:add[]@1x128x40x40+1x128x40x40,1,9.356890679840459e-06,0.001104117237607893,0.00026482211903146205,0.0008392951185764309,118.00044217538286,0.00046151109654199814,yolo26m
yolo26l,leaf,140,13,m.1.m.1.cv1,Conv,a1483ba7dbc7c07c,"Conv[128->128,k3,s1]@1x128x40x40",1,5.2859455372948154e-05,0.009363974649097384,0.004622583049780278,0.004741391599317106,177.14852684406543,0.003914057367367301,yolo26m
yolo26l,leaf,141,13,m.1.m.1.cv2,Conv,a1483ba7dbc7c07c,"Conv[128->128,k3,s1]@1x128x40x40",1,5.2859455372948154e-05,0.009363974649097384,0.004622583049780278,0.004741391599317106,177.14852684406543,0.003914057367367301,yolo26m
yolo26l,leaf,142,13,op:add,op:add,c8acca76a87407e6,op:add[]@1x128x40x40+1x128x40x40,1,9.356890679840459e-06,0.001104117237607893,0.00026482211903146205,0.0008392951185764309,118.00044217538286,0.00046151109654199814,yolo26m
yolo26l,leaf,143,13,m.1.cv2,Conv,75601b065a5e229b,"Conv[256->128,k1,s1]@1x256x40x40",1,4.1746095532257143e-05,0.005410817903680107,0.0016662733323368653,0.003744544571343242,129.6125502203955,0.002261673324951114,yolo26m
yolo26l,leaf,144,13,op:cat,op:cat,8b70423467a04261,op:cat[1]@1x128x40x40+1x128x40x40,1,1.0269723268498217e-05,0.0012925476928698251,0.0003713732447220236,0.0009211744481478015,125.8600313831864,0.0005402733357931939,yolo26m
yolo26l,leaf,145,13,m.1.cv3,Conv,23af8dfe52fcdc4d,"Conv[256->256,k1,s1]@1x256x40x40",1,4.1633185493107026e-05,0.006505857680623277,0.002771440922881741,0.0037344167577415357,156.26615171448785,0.0027193901243999247,yolo26m;yolo26s
yolo26l,leaf,146,13,op:cat,op:cat,b39584e240b9b78e,op:cat[1]@1x256x40x40+1x256x40x40+1x256x40x40+1x256x40x40,1,2.604362616768999e-05,0.006081130074595677,0.003745066839437275,0.0023360632351584025,233.49782535812906,0.0025418577967513396,
yolo26l,leaf,147,13,cv2,Conv,e24e0f340f874db2,"Conv[1024->512,k1,s1]@1x1024x40x40",1,7.226662100479075e-05,0.02154300273954678,0.015060825665915732,0.006482177073631047,298.10446980935546,0.009004781809833806,yolo26m
yolo26l,leaf,148,14,,Upsample,8b039439e1af6674,"Upsample[x2.0,nearest]@1x512x40x40",1,3.4595579816019196e-05,0.009302697841781045,0.006199540793418341,0.0031031570483627036,268.8984515147079,0.0038884442118310046,yolo26m
yolo26l,leaf,149,15,,Concat,96c7f9427dfced2c,Concat[d=1]@1x512x80x80+1x512x80x80,1,9.646772961393303e-05,0.023387753528283466,0.014734783504858387,0.008652970023425079,242.44121450646773,0.009775871084013704,yolo26m
yolo26l,leaf,150,16,cv1,Conv,b60e7b93172dcc57,"Conv[1024->256,k1,s1]@1x1024x80x80",1,0.0001258229441032909,0.03723343403827988,0.025947357669093556,0.011286076369186325,295.9192721457393,0.015563241280662953,yolo26m
yolo26l,leaf,151,16,op:chunk,op:chunk,02901759b2f335d3,"op:chunk[2,1]@1x256x80x80",1,4.363251733743323e-06,0.00043193554490325125,4.0560246574623164e-05,0.0003913752983286281,98.99395479817639,0.00018054518141175693,yolo26m
yolo26l,leaf,152,16,m.0.cv1,Conv,c34ac84e27c4b780,"Conv[128->64,k1,s1]@1x128x80x80",1,4.174005922997542e-05,0.005658342149239448,0.0019143390226146122,0.003744003126624836,135.56143076040337,0.0023651362382159373,yolo26m
yolo26l,leaf,153,16,m.0.m.0.cv1,Conv,495310f3993dea8c,"Conv[64->64,k3,s1]@1x64x80x80",1,5.239108839666146e-05,0.01020714475858112,0.00550776477726301,0.004699379981318109,194.8259727169851,0.004266494906194558,yolo26m
yolo26l,leaf,154,16,m.0.m.0.cv2,Conv,495310f3993dea8c,"Conv[64->64,k3,s1]@1x64x80x80",1,5.239108839666146e-05,0.01020714475858112,0.00550776477726301,0.004699379981318109,194.8259727169851,0.004266494906194558,yolo26m
yolo26l,leaf,155,16,op:add,op:add,bd915cfbe647f0e6,op:add[]@1x64x80x80+1x64x80x80,1,9.322305881311355e-06,0.001229508166408619,0.0003933152378198262,0.0008361929285887927,131.88884617843775,0.0005139233794736717,yolo26m;yolo26s
yolo26l,leaf,156,16,m.0.m.1.cv1,Conv,495310f3993dea8c,"Conv[64->64,k3,s1]@1x64x80x80",1,5.239108839666146e-05,0.01020714475858112,0.00550776477726301,0.004699379981318109,194.8259727169851,0.004266494906194558,yolo26m
yolo26l,leaf,157,16,m.0.m.1.cv2,Conv,495310f3993dea8c,"Conv[64->64,k3,s1]@1x64x80x80",1,5.239108839666146e-05,0.01020714475858112,0.00550776477726301,0.004699379981318109,194.8259727169851,0.004266494906194558,yolo26m
yolo26l,leaf,158,16,op:add,op:add,bd915cfbe647f0e6,op:add[]@1x64x80x80+1x64x80x80,1,9.322305881311355e-06,0.001229508166408619,0.0003933152378198262,0.0008361929285887927,131.88884617843775,0.0005139233794736717,yolo26m;yolo26s
yolo26l,leaf,159,16,m.0.cv2,Conv,c34ac84e27c4b780,"Conv[128->64,k1,s1]@1x128x80x80",1,4.174005922997542e-05,0.005658342149239448,0.0019143390226146122,0.003744003126624836,135.56143076040337,0.0023651362382159373,yolo26m
yolo26l,leaf,160,16,op:cat,op:cat,4fa88d8eb9608546,op:cat[1]@1x64x80x80+1x64x80x80,1,1.0325074167651091e-05,0.0020088481490051174,0.001082708831537221,0.0009261393174678966,194.5601664827674,0.0008396804980984815,yolo26m
yolo26l,leaf,161,16,m.0.cv3,Conv,37c70738f9f86043,"Conv[128->128,k1,s1]@1x128x80x80",1,4.201328918966044e-05,0.008301192478089947,0.004532681148980011,0.003768511329109936,197.58492225200231,0.003469823957707307,yolo26m;yolo26s
yolo26l,leaf,162,16,m.1.cv1,Conv,c34ac84e27c4b780,"Conv[128->64,k1,s1]@1x128x80x80",1,4.174005922997542e-05,0.005658342149239448,0.0019143390226146122,0.003744003126624836,135.56143076040337,0.0023651362382159373,yolo26m
yolo26l,leaf,163,16,m.1.m.0.cv1,Conv,495310f3993dea8c,"Conv[64->64,k3,s1]@1x64x80x80",1,5.239108839666146e-05,0.01020714475858112,0.00550776477726301,0.004699379981318109,194.8259727169851,0.004266494906194558,yolo26m
yolo26l,leaf,164,16,m.1.m.0.cv2,Conv,495310f3993dea8c,"Conv[64->64,k3,s1]@1x64x80x80",1,5.239108839666146e-05,0.01020714475858112,0.00550776477726301,0.004699379981318109,194.8259727169851,0.004266494906194558,yolo26m
yolo26l,leaf,165,16,op:add,op:add,bd915cfbe647f0e6,op:add[]@1x64x80x80+1x64x80x80,1,9.322305881311355e-06,0.001229508166408619,0.0003933152378198262,0.0008361929285887927,131.88884617843775,0.0005139233794736717,yolo26m;yolo26s
yolo26l,leaf,166,16,m.1.m.1.cv1,Conv,495310f3993dea8c,"Conv[64->64,k3,s1]@1x64x80x80",1,5.239108839666146e-05,0.01020714475858112,0.00550776477726301,0.004699379981318109,194.8259727169851,0.004266494906194558,yolo26m
yolo26l,leaf,167,16,m.1.m.1.cv2,Conv,495310f3993dea8c,"Conv[64->64,k3,s1]@1x64x80x80",1,5.239108839666146e-05,0.01020714475858112,0.00550776477726301,0.004699379981318109,194.8259727169851,0.004266494906194558,yolo26m
yolo26l,leaf,168,16,op:add,op:add,bd915cfbe647f0e6,op:add[]@1x64x80x80+1x64x80x80,1,9.322305881311355e-06,0.001229508166408619,0.0003933152378198262,0.0008361929285887927,131.88884617843775,0.0005139233794736717,yolo26m;yolo26s
yolo26l,leaf,169,16,m.1.cv2,Conv,c34ac84e27c4b780,"Conv[128->64,k1,s1]@1x128x80x80",1,4.174005922997542e-05,0.005658342149239448,0.0019143390226146122,0.003744003126624836,135.56143076040337,0.0023651362382159373,yolo26m
yolo26l,leaf,170,16,op:cat,op:cat,4fa88d8eb9608546,op:cat[1]@1x64x80x80+1x64x80x80,1,1.0325074167651091e-05,0.0020088481490051174,0.001082708831537221,0.0009261393174678966,194.5601664827674,0.0008396804980984815,yolo26m
yolo26l,leaf,171,16,m.1.cv3,Conv,37c70738f9f86043,"Conv[128->128,k1,s1]@1x128x80x80",1,4.201328918966044e-05,0.008301192478089947,0.004532681148980011,0.003768511329109936,197.58492225200231,0.003469823957707307,yolo26m;yolo26s
yolo26l,leaf,172,16,op:cat,op:cat,ad32be0bc1ce8da4,op:cat[1]@1x128x80x80+1x128x80x80+1x128x80x80+1x128x80x80,1,4.923181072044615e-05,0.01198472658520002,0.007568727742189728,0.004415998843010292,243.43460883966065,0.005009508157009647,
yolo26l,leaf,173,16,cv2,Conv,58ed142f133d762d,"Conv[512->256,k1,s1]@1x512x80x80",1,9.853371618685774e-05,0.02908374413159998,0.020245459081524433,0.008838285050075547,295.1654038547175,0.012156744038161964,
yolo26l,leaf,174,17,,Conv,8db2c8e048a70901,"Conv[256->256,k3,s2]@1x256x80x80",1,9.665851250358084e-05,0.028691410617104722,0.02002132773498885,0.008670082882115872,296.8327348927681,0.011992752150056706,yolo26m;yolo26s
yolo26l,leaf,175,18,,Concat,d3902b4375aba7ef,Concat[d=1]@1x256x40x40+1x512x40x40,1,1.7102999617559822e-05,0.003947079810394236,0.0024129736010570467,0.0015341062093371892,230.7828976585914,0.001649843938113338,yolo26m
yolo26l,leaf,176,19,cv1,Conv,32b8518782441a3a,"Conv[768->512,k1,s1]@1x768x40x40",1,6.128725189051453e-05,0.018134141498998026,0.012636792742589338,0.005497348756408687,295.88765917247235,0.007579908403732819,yolo26m
yolo26l,leaf,177,19,op:chunk,op:chunk,84c130dff5b597ff,"op:chunk[2,1]@1x512x40x40",1,4.381712136620975e-06,0.00042320521091746254,3.017404991475733e-05,0.0003930311610027052,96.58443953459339,0.00017689598015511456,yolo26m
yolo26l,leaf,178,19,m.0.cv1,Conv,75601b065a5e229b,"Conv[256->128,k1,s1]@1x256x40x40",1,4.1746095532257143e-05,0.005410817903680107,0.0016662733323368653,0.003744544571343242,129.6125502203955,0.002261673324951114,yolo26m
yolo26l,leaf,179,19,m.0.m.0.cv1,Conv,a1483ba7dbc7c07c,"Conv[128->128,k3,s1]@1x128x40x40",1,5.2859455372948154e-05,0.009363974649097384,0.004622583049780278,0.004741391599317106,177.14852684406543,0.003914057367367301,yolo26m
yolo26l,leaf,180,19,m.0.m.0.cv2,Conv,a1483ba7dbc7c07c,"Conv[128->128,k3,s1]@1x128x40x40",1,5.2859455372948154e-05,0.009363974649097384,0.004622583049780278,0.004741391599317106,177.14852684406543,0.003914057367367301,yolo26m
yolo26l,leaf,181,19,op:add,op:add,c8acca76a87407e6,op:add[]@1x128x40x40+1x128x40x40,1,9.356890679840459e-06,0.001104117237607893,0.00026482211903146205,0.0008392951185764309,118.00044217538286,0.00046151109654199814,yolo26m
yolo26l,leaf,182,19,m.0.m.1.cv1,Conv,a1483ba7dbc7c07c,"Conv[128->128,k3,s1]@1x128x40x40",1,5.2859455372948154e-05,0.009363974649097384,0.004622583049780278,0.004741391599317106,177.14852684406543,0.003914057367367301,yolo26m
yolo26l,leaf,183,19,m.0.m.1.cv2,Conv,a1483ba7dbc7c07c,"Conv[128->128,k3,s1]@1x128x40x40",1,5.2859455372948154e-05,0.009363974649097384,0.004622583049780278,0.004741391599317106,177.14852684406543,0.003914057367367301,yolo26m
yolo26l,leaf,184,19,op:add,op:add,c8acca76a87407e6,op:add[]@1x128x40x40+1x128x40x40,1,9.356890679840459e-06,0.001104117237607893,0.00026482211903146205,0.0008392951185764309,118.00044217538286,0.00046151109654199814,yolo26m
yolo26l,leaf,185,19,m.0.cv2,Conv,75601b065a5e229b,"Conv[256->128,k1,s1]@1x256x40x40",1,4.1746095532257143e-05,0.005410817903680107,0.0016662733323368653,0.003744544571343242,129.6125502203955,0.002261673324951114,yolo26m
yolo26l,leaf,186,19,op:cat,op:cat,8b70423467a04261,op:cat[1]@1x128x40x40+1x128x40x40,1,1.0269723268498217e-05,0.0012925476928698251,0.0003713732447220236,0.0009211744481478015,125.8600313831864,0.0005402733357931939,yolo26m
yolo26l,leaf,187,19,m.0.cv3,Conv,23af8dfe52fcdc4d,"Conv[256->256,k1,s1]@1x256x40x40",1,4.1633185493107026e-05,0.006505857680623277,0.002771440922881741,0.0037344167577415357,156.26615171448785,0.0027193901243999247,yolo26m;yolo26s
yolo26l,leaf,188,19,m.1.cv1,Conv,75601b065a5e229b,"Conv[256->128,k1,s1]@1x256x40x40",1,4.1746095532257143e-05,0.005410817903680107,0.0016662733323368653,0.003744544571343242,129.6125502203955,0.002261673324951114,yolo26m
yolo26l,leaf,189,19,m.1.m.0.cv1,Conv,a1483ba7dbc7c07c,"Conv[128->128,k3,s1]@1x128x40x40",1,5.2859455372948154e-05,0.009363974649097384,0.004622583049780278,0.004741391599317106,177.14852684406543,0.003914057367367301,yolo26m
yolo26l,leaf,190,19,m.1.m.0.cv2,Conv,a1483ba7dbc7c07c,"Conv[128->128,k3,s1]@1x128x40x40",1,5.2859455372948154e-05,0.009363974649097384,0.004622583049780278,0.004741391599317106,177.14852684406543,0.003914057367367301,yolo26m
yolo26l,leaf,191,19,op:add,op:add,c8acca76a87407e6,op:add[]@1x128x40x40+1x128x40x40,1,9.356890679840459e-06,0.001104117237607893,0.00026482211903146205,0.0008392951185764309,118.00044217538286,0.00046151109654199814,yolo26m
yolo26l,leaf,192,19,m.1.m.1.cv1,Conv,a1483ba7dbc7c07c,"Conv[128->128,k3,s1]@1x128x40x40",1,5.2859455372948154e-05,0.009363974649097384,0.004622583049780278,0.004741391599317106,177.14852684406543,0.003914057367367301,yolo26m
yolo26l,leaf,193,19,m.1.m.1.cv2,Conv,a1483ba7dbc7c07c,"Conv[128->128,k3,s1]@1x128x40x40",1,5.2859455372948154e-05,0.009363974649097384,0.004622583049780278,0.004741391599317106,177.14852684406543,0.003914057367367301,yolo26m
yolo26l,leaf,194,19,op:add,op:add,c8acca76a87407e6,op:add[]@1x128x40x40+1x128x40x40,1,9.356890679840459e-06,0.001104117237607893,0.00026482211903146205,0.0008392951185764309,118.00044217538286,0.00046151109654199814,yolo26m
yolo26l,leaf,195,19,m.1.cv2,Conv,75601b065a5e229b,"Conv[256->128,k1,s1]@1x256x40x40",1,4.1746095532257143e-05,0.005410817903680107,0.0016662733323368653,0.003744544571343242,129.6125502203955,0.002261673324951114,yolo26m
yolo26l,leaf,196,19,op:cat,op:cat,8b70423467a04261,op:cat[1]@1x128x40x40+1x128x40x40,1,1.0269723268498217e-05,0.0012925476928698251,0.0003713732447220236,0.0009211744481478015,125.8600313831864,0.0005402733357931939,yolo26m
yolo26l,leaf,197,19,m.1.cv3,Conv,23af8dfe52fcdc4d,"Conv[256->256,k1,s1]@1x256x40x40",1,4.1633185493107026e-05,0.006505857680623277,0.002771440922881741,0.0037344167577415357,156.26615171448785,0.0027193901243999247,yolo26m;yolo26s
yolo26l,leaf,198,19,op:cat,op:cat,b39584e240b9b78e,op:cat[1]@1x256x40x40+1x256x40x40+1x256x40x40+1x256x40x40,1,2.604362616768999e-05,0.006081130074595677,0.003745066839437275,0.0023360632351584025,233.49782535812906,0.0025418577967513396,
yolo26l,leaf,199,19,cv2,Conv,e24e0f340f874db2,"Conv[1024->512,k1,s1]@1x1024x40x40",1,7.226662100479075e-05,0.02154300273954678,0.015060825665915732,0.006482177073631047,298.10446980935546,0.009004781809833806,yolo26m
yolo26l,leaf,200,20,,Conv,e4ef9ed73247fe48,"Conv[512->512,k3,s2]@1x512x40x40",1,0.00011354698306171188,0.03403465335426912,0.023849707107317736,0.010184946246951383,299.74071029057245,0.014226179661850113,yolo26m
yolo26l,leaf,201,21,,Concat,2790e6163326a31a,Concat[d=1]@1x512x20x20+1x512x20x20,1,1.0717540598091814e-05,0.0013642715450231367,0.00040292874270704136,0.0009613428023160953,127.29334053243858,0.0005702532623154952,yolo26m
yolo26l,leaf,202,22,cv1,Conv,2f88b651e610ec87,"Conv[1024->512,k1,s1]@1x1024x20x20",1,4.6217959434164726e-05,0.009939645511972406,0.0057939833394696745,0.004145662172502731,215.06024137934855,0.004154682621754535,yolo26m;yolo26s
yolo26l,leaf,203,22,op:chunk,op:chunk,12889ce8ea8cddec,"op:chunk[2,1]@1x512x20x20",1,4.400606371074762e-06,0.00041284383390901577,1.8117896373282514e-05,0.00039472593753573325,93.81521524457247,0.00017256501755261644,yolo26m;yolo26s
yolo26l,leaf,204,22,m.0.0.cv1,Conv,25413d56f2c7fefc,"Conv[256->128,k3,s1]@1x256x20x20",1,5.216806283910609e-05,0.008495190177792837,0.0038158151605358443,0.004679375017256993,162.84273778754718,0.0035509132551722034,yolo26m;yolo26s
yolo26l,leaf,205,22,m.0.0.cv2,Conv,22cdcbd6500093a8,"Conv[128->256,k3,s1]@1x128x20x20",1,5.901982920412517e-05,0.00906487057951547,0.003770905282158641,0.005293965297356829,153.5902543561052,0.0037890345505584705,yolo26m;yolo26s
yolo26l,leaf,206,22,op:add,op:add,d10599b21e83f03c,op:add[]@1x256x20x20+1x256x20x20,1,9.076604192349383e-06,0.0009889556896381716,0.00017480173053483665,0.0008141539591033349,108.95657326026804,0.000413374602995237,yolo26m;yolo26n;yolo26s
yolo26l,leaf,207,22,m.0.1.attn,Attention,87501ab6eeead3a3,"Attention[256->256,p=199936]@1x256x20x20",1,0.0002678893740720354,0.032388033817362535,0.008358871602015542,0.024029162215346993,120.90077827668297,0.01353790747282818,yolo26m;yolo26s
yolo26l,leaf,208,22,op:add,op:add,d10599b21e83f03c,op:add[]@1x256x20x20+1x256x20x20,1,9.076604192349383e-06,0.0009889556896381716,0.00017480173053483665,0.0008141539591033349,108.95657326026804,0.000413374602995237,yolo26m;yolo26n;yolo26s
yolo26l,leaf,209,22,m.0.1.ffn.0,Conv,9107ffd7fc86dace,"Conv[256->512,k1,s1]@1x256x20x20",1,4.308888259652748e-05,0.005565081526598514,0.0017000915352016004,0.003864989991396914,129.15353546547996,0.002326154134909176,yolo26m;yolo26s
yolo26l,leaf,210,22,m.0.1.ffn.1,Conv,67568c7ff087692a,"Conv[512->256,k1,s1]@1x512x20x20",1,3.883377821291349e-05,0.005224339558135304,0.0017410242555209346,0.0034833153026143696,134.5308079345739,0.0021837270500426847,yolo26m;yolo26s
yolo26l,leaf,211,22,op:add,op:add,d10599b21e83f03c,op:add[]@1x256x20x20+1x256x20x20,1,9.076604192349383e-06,0.0009889556896381716,0.00017480173053483665,0.0008141539591033349,108.95657326026804,0.000413374602995237,yolo26m;yolo26n;yolo26s
yolo26l,leaf,212,22,op:cat,op:cat,b15e0002af07527a,op:cat[1]@1x256x20x20+1x256x20x20+1x256x20x20,1,1.044258547240657e-05,0.0012479594472313638,0.0003112795914763936,0.0009366798557549702,119.506749600371,0.0005216358492685988,yolo26m;yolo26s
yolo26l,leaf,213,22,cv2,Conv,8fa73bf7f1bdcb03,"Conv[768->512,k1,s1]@1x768x20x20",1,4.271784009920738e-05,0.007048469721587983,0.0032167615293955966,0.003831708192192386,165.00061110811558,0.0029461970879113898,yolo26m;yolo26s
yolo26l,leaf,214,23,,Detect,3d1a9c8e3f245ae1,"Detect[nc=80,e2e]@1x256x80x80+1x512x40x40+1x512x20x20",1,0.0013646236606805937,0.266260071253574,0.14385595045191357,0.12240412080166042,195.11611803709982,0.11129432026241654,yolo26m
yolo26x,leaf,0,0,,Conv,37e8e2b2ab1c7cc7,"Conv[3->96,k3,s2]@1x3x640x640",1,0.0004013485306437318,0.1187079255581954,0.08270773338507804,0.036000192173117354,295.77266763079245,0.031193278806070802,
yolo26x,leaf,1,1,,Conv,5411b03f9925acdd,"Conv[96->192,k3,s2]@1x96x320x320",1,0.0005222036429322324,0.15623355297541822,0.10939288940326189,0.046840663572156334,299.1812774383365,0.04105401348653927,
yolo26x,leaf,2,2,cv1,Conv,6c8eaebbd53f20f8,"Conv[192->192,k1,s1]@1x192x160x160",1,0.0002272798419865065,0.06727534520363998,0.04688878000190248,0.0203865652017375,296.0022526222721,0.01767816756837362,
yolo26x,leaf,3,2,op:chunk,op:chunk,ef2c36352277ea8b,"op:chunk[2,1]@1x192x160x160",1,4.386535470016963e-06,0.0004292997070008316,3.5835902258551466e-05,0.0003934638047422801,97.86760187742685,0.00011280852048312906,
yolo26x,leaf,4,2,m.0.cv1,Conv,23a23d1ffaa7f81b,"Conv[96->48,k1,s1]@1x96x160x160",1,5.0353077165486996e-05,0.013189107854540324,0.008672533565460765,0.00451657428907956,261.9325093319302,0.003465746002850704,
yolo26x,leaf,5,2,m.0.m.0.cv1,Conv,ba7f4831af24738d,"Conv[48->48,k3,s1]@1x48x160x160",1,8.580317101541224e-05,0.025598037585122958,0.01790165798043551,0.00769637960468745,298.3344004911538,0.006726481989524528,
yolo26x,leaf,6,2,m.0.m.0.cv2,Conv,ba7f4831af24738d,"Conv[48->48,k3,s1]@1x48x160x160",1,8.580317101541224e-05,0.025598037585122958,0.01790165798043551,0.00769637960468745,298.3344004911538,0.006726481989524528,
yolo26x,leaf,7,2,op:add,op:add,a745b82aeaf4639f,op:add[]@1x48x160x160+1x48x160x160,1,2.7263060278795677e-05,0.006438058161016092,0.003992614028731077,0.0024454441322850156,236.14583598391573,0.0016917500852781928,
yolo26x,leaf,8,2,m.0.m.1.cv1,Conv,ba7f4831af24738d,"Conv[48->48,k3,s1]@1x48x160x160",1,8.580317101541224e-05,0.025598037585122958,0.01790165798043551,0.00769637960468745,298.3344004911538,0.006726481989524528,
yolo26x,leaf,9,2,m.0.m.1.cv2,Conv,ba7f4831af24738d,"Conv[48->48,k3,s1]@1x48x160x160",1,8.580317101541224e-05,0.025598037585122958,0.01790165798043551,0.00769637960468745,298.3344004911538,0.006726481989524528,
yolo26x,leaf,10,2,op:add,op:add,a745b82aeaf4639f,op:add[]@1x48x160x160+1x48x160x160,1,2.7263060278795677e-05,0.006438058161016092,0.003992614028731077,0.0024454441322850156,236.14583598391573,0.0016917500852781928,
yolo26x,leaf,11,2,m.0.cv2,Conv,23a23d1ffaa7f81b,"Conv[96->48,k1,s1]@1x96x160x160",1,5.0353077165486996e-05,0.013189107854540324,0.008672533565460765,0.00451657428907956,261.9325093319302,0.003465746002850704,
yolo26x,leaf,12,2,op:cat,op:cat,d9ff8e19f7ba414b,op:cat[1]@1x48x160x160+1x48x160x160,1,3.7672378613600325e-05,0.009121200707999422,0.005742060718293248,0.003379139989706174,242.1190549594478,0.0023968084303795972,
yolo26x,leaf,13,2,m.0.cv3,Conv,cf57a2a564d5e96a,"Conv[96->96,k1,s1]@1x96x160x160",1,0.00011316005363196074,0.031112729246183263,0.020962489825755284,0.010150239420427977,274.9444547576269,0.00817559596994394,
yolo26x,leaf,14,2,m.1.cv1,Conv,23a23d1ffaa7f81b,"Conv[96->48,k1,s1]@1x96x160x160",1,5.0353077165486996e-05,0.013189107854540324,0.008672533565460765,0.00451657428907956,261.9325093319302,0.003465746002850704,
yolo26x,leaf,15,2,m.1.m.0.cv1,Conv,ba7f4831af24738d,"Conv[48->48,k3,s1]@1x48x160x160",1,8.580317101541224e-05,0.025598037585122958,0.01790165798043551,0.00769637960468745,298.3344004911538,0.006726481989524528,
yolo26x,leaf,16,2,m.1.m.0.cv2,Conv,ba7f4831af24738d,"Conv[48->48,k3,s1]@1x48x160x160",1,8.580317101541224e-05,0.025598037585122958,0.01790165798043551,0.00769637960468745,298.3344004911538,0.006726481989524528,
yolo26x,leaf,17,2,op:add,op:add,a745b82aeaf4639f,op:add[]@1x48x160x160+1x48x160x160,1,2.7263060278795677e-05,0.006438058161016092,0.003992614028731077,0.0024454441322850156,236.14583598391573,0.0016917500852781928,
yolo26x,leaf,18,2,m.1.m.1.cv1,Conv,ba7f4831af24738d,"Conv[48->48,k3,s1]@1x48x160x160",1,8.580317101541224e-05,0.025598037585122958,0.01790165798043551,0.00769637960468745,298.3344004911538,0.006726481989524528,
yolo26x,leaf,19,2,m.1.m.1.cv2,Conv,ba7f4831af24738d,"Conv[48->48,k3,s1]@1x48x160x160",1,8.580317101541224e-05,0.025598037585122958,0.01790165798043551,0.00769637960468745,298.3344004911538,0.006726481989524528,
yolo26x,leaf,20,2,op:add,op:add,a745b82aeaf4639f,op:add[]@1x48x160x160+1x48x160x160,1,2.7263060278795677e-05,0.006438058161016092,0.003992614028731077,0.0024454441322850156,236.14583598391573,0.0016917500852781928,
yolo26x,leaf,21,2,m.1.cv2,Conv,23a23d1ffaa7f81b,"Conv[96->48,k1,s1]@1x96x160x160",1,5.0353077165486996e-05,0.013189107854540324,0.008672533565460765,0.00451657428907956,261.9325093319302,0.003465746002850704,
yolo26x,leaf,22,2,op:cat,op:cat,d9ff8e19f7ba414b,op:cat[1]@1x48x160x160+1x48x160x160,1,3.7672378613600325e-05,0.009121200707999422,0.005742060718293248,0.003379139989706174,242.1190549594478,0.0023968084303795972,
yolo26x,leaf,23,2,m.1.cv3,Conv,cf57a2a564d5e96a,"Conv[96->96,k1,s1]@1x96x160x160",1,0.00011316005363196074,0.031112729246183263,0.020962489825755284,0.010150239420427977,274.9444547576269,0.00817559596994394,
yolo26x,leaf,24,2,op:cat,op:cat,5c408132711c0a6d,op:cat[1]@1x96x160x160+1x96x160x160+1x96x160x160+1x96x160x160,1,0.00014276240589615282,0.035888873038550415,0.023083359488731837,0.012805513549818575,251.38882196098905,0.009430639255660825,
yolo26x,leaf,25,2,cv2,Conv,fb55f61ad2d77c71,"Conv[384->384,k1,s1]@1x384x160x160",1,0.00047525248354000064,0.14113646702045876,0.09850723224850252,0.04262923477195624,296.9715507201126,0.037086901693979143,
yolo26x,leaf,26,3,,Conv,b2529c4ff6ad87b9,"Conv[384->384,k3,s2]@1x384x160x160",1,0.0005469463955699504,0.16266155699271043,0.11360151604194235,0.04906004095076807,297.39944958080855,0.042743121610829084,
yolo26x,leaf,27,4,cv1,Conv,a0074f26fe7b9d42,"Conv[384->384,k1,s1]@1x384x80x80",1,0.0002546061441076639,0.07511678016068235,0.052279098154893094,0.022837682005789253,295.0312940166838,0.019738687670165643,
yolo26x,leaf,28,4,op:chunk,op:chunk,6acfb8f6907941bd,"op:chunk[2,1]@1x384x80x80",1,4.407704534321073e-06,0.00043120987024636905,3.584724110363406e-05,0.000395362629142735,97.83093827835017,0.00011331046047073291,
yolo26x,leaf,29,4,m.0.cv1,Conv,4dedadb0777fc2e2,"Conv[192->96,k1,s1]@1x192x80x80",1,4.1960170785954496e-05,0.007795251429442754,0.004031504719100142,0.0037637467103426117,185.77739993499006,0.002048384301710531,
yolo26x,leaf,30,4,m.0.m.0.cv1,Conv,cd42ff153da0a6aa,"Conv[96->96,k3,s1]@1x96x80x80",1,5.3066900277984306e-05,0.01571644181356089,0.010956442804781846,0.004759999008779045,296.1628007521125,0.004129862003943914,
yolo26x,leaf,31,4,m.0.m.0.cv2,Conv,cd42ff153da0a6aa,"Conv[96->96,k3,s1]@1x96x80x80",1,5.3066900277984306e-05,0.01571644181356089,0.010956442804781846,0.004759999008779045,296.1628007521125,0.004129862003943914,
yolo26x,leaf,32,4,op:add,op:add,da6c27ac65420a2a,op:add[]@1x96x80x80+1x96x80x80,1,1.2604785725644255e-05,0.002719791761350175,0.0015891666966555557,0.0011306250646946191,215.77453362152738,0.0007146887817920699,
yolo26x,leaf,33,4,m.0.m.1.cv1,Conv,cd42ff153da0a6aa,"Conv[96->96,k3,s1]@1x96x80x80",1,5.3066900277984306e-05,0.01571644181356089,0.010956442804781846,0.004759999008779045,296.1628007521125,0.004129862003943914,
yolo26x,leaf,34,4,m.0.m.1.cv2,Conv,cd42ff153da0a6aa,"Conv[96->96,k3,s1]@1x96x80x80",1,5.3066900277984306e-05,0.01571644181356089,0.010956442804781846,0.004759999008779045,296.1628007521125,0.004129862003943914,
yolo26x,leaf,35,4,op:add,op:add,da6c27ac65420a2a,op:add[]@1x96x80x80+1x96x80x80,1,1.2604785725644255e-05,0.002719791761350175,0.0015891666966555557,0.0011306250646946191,215.77453362152738,0.0007146887817920699,
yolo26x,leaf,36,4,m.0.cv2,Conv,4dedadb0777fc2e2,"Conv[192->96,k1,s1]@1x192x80x80",1,4.1960170785954496e-05,0.007795251429442754,0.004031504719100142,0.0037637467103426117,185.77739993499006,0.002048384301710531,
yolo26x,leaf,37,4,op:cat,op:cat,2f46e2adb261bde1,op:cat[1]@1x96x80x80+1x96x80x80,1,1.8015222688861132e-05,0.004029148983674682,0.0024132181173020595,0.0016159308663726227,223.652466209364,0.0010587529603265338,
yolo26x,leaf,38,4,m.0.cv3,Conv,85691de1a57b4a3e,"Conv[192->192,k1,s1]@1x192x80x80",1,4.145341027565844e-05,0.012214594585424421,0.008496303319324109,0.0037182912661003122,294.65837681868277,0.0032096698903181383,
yolo26x,leaf,39,4,m.1.cv1,Conv,4dedadb0777fc2e2,"Conv[192->96,k1,s1]@1x192x80x80",1,4.1960170785954496e-05,0.007795251429442754,0.004031504719100142,0.0037637467103426117,185.77739993499006,0.002048384301710531,
yolo26x,leaf,40,4,m.1.m.0.cv1,Conv,cd42ff153da0a6aa,"Conv[96->96,k3,s1]@1x96x80x80",1,5.3066900277984306e-05,0.01571644181356089,0.010956442804781846,0.004759999008779045,296.1628007521125,0.004129862003943914,
yolo26x,leaf,41,4,m.1.m.0.cv2,Conv,cd42ff153da0a6aa,"Conv[96->96,k3,s1]@1x96x80x80",1,5.3066900277984306e-05,0.01571644181356089,0.010956442804781846,0.004759999008779045,296.1628007521125,0.004129862003943914,
yolo26x,leaf,42,4,op:add,op:add,da6c27ac65420a2a,op:add[]@1x96x80x80+1x96x80x80,1,1.2604785725644255e-05,0.002719791761350175,0.0015891666966555557,0.0011306250646946191,215.77453362152738,0.0007146887817920699,
yolo26x,leaf,43,4,m.1.m.1.cv1,Conv,cd42ff153da0a6aa,"Conv[96->96,k3,s1]@1x96x80x80",1,5.3066900277984306e-05,0.01571644181356089,0.010956442804781846,0.004759999008779045,296.1628007521125,0.004129862003943914,
yolo26x,leaf,44,4,m.1.m.1.cv2,Conv,cd42ff153da0a6aa,"Conv[96->96,k3,s1]@1x96x80x80",1,5.3066900277984306e-05,0.01571644181356089,0.010956442804781846,0.004759999008779045,296.1628007521125,0.004129862003943914,
yolo26x,leaf,45,4,op:add,op:add,da6c27ac65420a2a,op:add[]@1x96x80x80+1x96x80x80,1,1.2604785725644255e-05,0.002719791761350175,0.0015891666966555557,0.0011306250646946191,215.77453362152738,0.0007146887817920699,
yolo26x,leaf,46,4,m.1.cv2,Conv,4dedadb0777fc2e2,"Conv[192->96,k1,s1]@1x192x80x80",1,4.1960170785954496e-05,0.007795251429442754,0.004031504719100142,0.0037637467103426117,185.77739993499006,0.002048384301710531,
yolo26x,leaf,47,4,op:cat,op:cat,2f46e2adb261bde1,op:cat[1]@1x96x80x80+1x96x80x80,1,1.8015222688861132e-05,0.004029148983674682,0.0024132181173020595,0.0016159308663726227,223.652466209364,0.0010587529603265338,
yolo26x,leaf,48,4,m.1.cv3,Conv,85691de1a57b4a3e,"Conv[192->192,k1,s1]@1x192x80x80",1,4.145341027565844e-05,0.012214594585424421,0.008496303319324109,0.0037182912661003122,294.65837681868277,0.0032096698903181383,
yolo26x,leaf,49,4,op:cat,op:cat,e8e4b195d39fd673,op:cat[1]@1x192x80x80+1x192x80x80+1x192x80x80+1x192x80x80,1,7.248059467384787e-05,0.017520775101893,0.01101940500120966,0.00650137010068334,241.73056499789962,0.004603992699576582,
yolo26x,leaf,50,4,cv2,Conv,d16b69db325ef966,"Conv[768->768,k1,s1]@1x768x80x80",1,0.00030653799082645426,0.09096271516281093,0.06346684627196518,0.027495868890845748,296.74206096793154,0.02390257703256507,
yolo26x,leaf,51,5,,Conv,0f87b7191fcf4eff,"Conv[768->768,k3,s2]@1x768x80x80",1,0.0008872488859404813,0.2655766773168864,0.18599215673072522,0.07958452058616115,299.3260194802903,0.06978647214144337,
yolo26x,leaf,52,6,cv1,Conv,1555f7659a129b51,"Conv[768->768,k1,s1]@1x768x40x40",1,5.9688329954832664e-05,0.017857049051988504,0.012503120521541615,0.005353928530446888,299.1715309425022,0.004692356530645345,
yolo26x,leaf,53,6,op:chunk,op:chunk,9a337ce4d97ea29b,"op:chunk[2,1]@1x768x40x40",1,4.412627256775625e-06,0.00043425391865690993,3.8449730766981945e-05,0.000395804187889928,98.41164761653265,0.00011411035525722405,
yolo26x,leaf,54,6,m.0.cv1,Conv,c0cf3920ede623a7,"Conv[384->192,k1,s1]@1x384x40x40",1,4.171782683507929e-05,0.006431258724658239,0.002689249801145211,0.0037420089235130284,154.1609238199911,0.0016899633746349286,
yolo26x,leaf,55,6,m.0.m.0.cv1,Conv,6b8510966c279bfe,"Conv[192->192,k3,s1]@1x192x40x40",1,5.278617392998784e-05,0.014925923944571911,0.010191105549908284,0.0047348183946636264,282.7619968131937,0.003922134978367468,
yolo26x,leaf,56,6,m.0.m.0.cv2,Conv,6b8510966c279bfe,"Conv[192->192,k3,s1]@1x192x40x40",1,5.278617392998784e-05,0.014925923944571911,0.010191105549908284,0.0047348183946636264,282.7619968131937,0.003922134978367468,
yolo26x,leaf,57,6,op:add,op:add,f445a9c5091397ca,op:add[]@1x192x40x40+1x192x40x40,1,9.343181186434535e-06,0.0011936681700676387,0.0003556027667125835,0.0008380654033550552,127.7582170621649,0.0003136641791671979,
yolo26x,leaf,58,6,m.0.m.1.cv1,Conv,6b8510966c279bfe,"Conv[192->192,k3,s1]@1x192x40x40",1,5.278617392998784e-05,0.014925923944571911,0.010191105549908284,0.0047348183946636264,282.7619968131937,0.003922134978367468,
yolo26x,leaf,59,6,m.0.m.1.cv2,Conv,6b8510966c279bfe,"Conv[192->192,k3,s1]@1x192x40x40",1,5.278617392998784e-05,0.014925923944571911,0.010191105549908284,0.0047348183946636264,282.7619968131937,0.003922134978367468,
yolo26x,leaf,60,6,op:add,op:add,f445a9c5091397ca,op:add[]@1x192x40x40+1x192x40x40,1,9.343181186434535e-06,0.0011936681700676387,0.0003556027667125835,0.0008380654033550552,127.7582170621649,0.0003136641791671979,
yolo26x,leaf,61,6,m.0.cv2,Conv,c0cf3920ede623a7,"Conv[384->192,k1,s1]@1x384x40x40",1,4.171782683507929e-05,0.006431258724658239,0.002689249801145211,0.0037420089235130284,154.1609238199911,0.0016899633746349286,
yolo26x,leaf,62,6,op:cat,op:cat,97d8a4d4b01b2302,op:cat[1]@1x192x40x40+1x192x40x40,1,1.0309882758010477e-05,0.0014269625977883186,0.0005021859205811585,0.00092477667720716,138.40725751023797,0.0003749677365630039,
yolo26x,leaf,63,6,m.0.cv3,Conv,bdff8956d8ba1762,"Conv[384->384,k1,s1]@1x384x40x40",1,4.2962787650092216e-05,0.00888198931052577,0.0050283097935846805,0.00385367951694109,206.736801691375,0.002333950051043102,
yolo26x,leaf,64,6,m.1.cv1,Conv,c0cf3920ede623a7,"Conv[384->192,k1,s1]@1x384x40x40",1,4.171782683507929e-05,0.006431258724658239,0.002689249801145211,0.0037420089235130284,154.1609238199911,0.0016899633746349286,
yolo26x,leaf,65,6,m.1.m.0.cv1,Conv,6b8510966c279bfe,"Conv[192->192,k3,s1]@1x192x40x40",1,5.278617392998784e-05,0.014925923944571911,0.010191105549908284,0.0047348183946636264,282.7619968131937,0.003922134978367468,
yolo26x,leaf,66,6,m.1.m.0.cv2,Conv,6b8510966c279bfe,"Conv[192->192,k3,s1]@1x192x40x40",1,5.278617392998784e-05,0.014925923944571911,0.010191105549908284,0.0047348183946636264,282.7619968131937,0.003922134978367468,
yolo26x,leaf,67,6,op:add,op:add,f445a9c5091397ca,op:add[]@1x192x40x40+1x192x40x40,1,9.343181186434535e-06,0.0011936681700676387,0.0003556027667125835,0.0008380654033550552,127.7582170621649,0.0003136641791671979,
yolo26x,leaf,68,6,m.1.m.1.cv1,Conv,6b8510966c279bfe,"Conv[192->192,k3,s1]@1x192x40x40",1,5.278617392998784e-05,0.014925923944571911,0.010191105549908284,0.0047348183946636264,282.7619968131937,0.003922134978367468,
yolo26x,leaf,69,6,m.1.m.1.cv2,Conv,6b8510966c279bfe,"Conv[192->192,k3,s1]@1x192x40x40",1,5.278617392998784e-05,0.014925923944571911,0.010191105549908284,0.0047348183946636264,282.7619968131937,0.003922134978367468,
yolo26x,leaf,70,6,op:add,op:add,f445a9c5091397ca,op:add[]@1x192x40x40+1x192x40x40,1,9.343181186434535e-06,0.0011936681700676387,0.0003556027667125835,0.0008380654033550552,127.7582170621649,0.0003136641791671979,
yolo26x,leaf,71,6,m.1.cv2,Conv,c0cf3920ede623a7,"Conv[384->192,k1,s1]@1x384x40x40",1,4.171782683507929e-05,0.006431258724658239,0.002689249801145211,0.0037420089235130284,154.1609238199911,0.0016899633746349286,
yolo26x,leaf,72,6,op:cat,op:cat,97d8a4d4b01b2302,op:cat[1]@1x192x40x40+1x192x40x40,1,1.0309882758010477e-05,0.0014269625977883186,0.0005021859205811585,0.00092477667720716,138.40725751023797,0.0003749677365630039,
yolo26x,leaf,73,6,m.1.cv3,Conv,bdff8956d8ba1762,"Conv[384->384,k1,s1]@1x384x40x40",1,4.2962787650092216e-05,0.00888198931052577,0.0050283097935846805,0.00385367951694109,206.736801691375,0.002333950051043102,
yolo26x,leaf,74,6,op:cat,op:cat,99c14ea1d6339437,op:cat[1]@1x384x40x40+1x384x40x40+1x384x40x40+1x384x40x40,1,3.775046656100007e-05,0.008777136345810548,0.005390992017236394,0.003386144328574155,232.50404949638929,0.002306397486657655,
yolo26x,leaf,75,6,cv2,Conv,763ab2d4f7217b78,"Conv[1536->768,k1,s1]@1x1536x40x40",1,9.45926306353985e-05,0.02797739580874144,0.019492618561461797,0.008484777247279645,295.7671820818537,0.0073517139114863276,
yolo26x,leaf,76,7,,Conv,a3aa0769f24a9244,"Conv[768->768,k3,s2]@1x768x40x40",1,0.0002147766947490045,0.06396431949073866,0.04469926257656585,0.019265056914172816,297.81778495795174,0.016808118262811735,
yolo26x,leaf,77,8,cv1,Conv,9d47cc1f915fcbd3,"Conv[768->768,k1,s1]@1x768x20x20",1,4.179418424824509e-05,0.008294194660103315,0.004545336623318583,0.0037488580367847327,198.4533209414557,0.0021794932839390734,
yolo26x,leaf,78,8,op:chunk,op:chunk,8b8e52cf6d634353,"op:chunk[2,1]@1x768x20x20",1,4.400033310315331e-06,0.00041846830822922894,2.379377314271682e-05,0.0003946745350865121,95.10571368816278,0.00010996231758510354,
yolo26x,leaf,79,8,m.0.cv1,Conv,20185ac525a82961,"Conv[384->192,k1,s1]@1x384x20x20",1,4.363647068133915e-05,0.00499295712335288,0.0010788495327129569,0.003914107590639923,114.42165338747446,0.0013120160501764505,
yolo26x,leaf,80,8,m.0.m.0.cv1,Conv,41d1fe1b09773d29,"Conv[192->192,k3,s1]@1x192x20x20",1,5.233044116204882e-05,0.00849422181883549,0.0038002817779534933,0.004693940040881997,162.31894152261964,0.0022320550897475667,
yolo26x,leaf,81,8,m.0.m.0.cv2,Conv,41d1fe1b09773d29,"Conv[192->192,k3,s1]@1x192x20x20",1,5.233044116204882e-05,0.00849422181883549,0.0038002817779534933,0.004693940040881997,162.31894152261964,0.0022320550897475667,
yolo26x,leaf,82,8,op:add,op:add,61dadfc122fa2ddd,op:add[]@1x192x20x20+1x192x20x20,1,9.417801039102787e-06,0.0009996553542335684,0.00015489669344543342,0.000844758660788135,106.14530399219426,0.0002626827823665593,
yolo26x,leaf,83,8,m.0.m.1.cv1,Conv,41d1fe1b09773d29,"Conv[192->192,k3,s1]@1x192x20x20",1,5.233044116204882e-05,0.00849422181883549,0.0038002817779534933,0.004693940040881997,162.31894152261964,0.0022320550897475667,
yolo26x,leaf,84,8,m.0.m.1.cv2,Conv,41d1fe1b09773d29,"Conv[192->192,k3,s1]@1x192x20x20",1,5.233044116204882e-05,0.00849422181883549,0.0038002817779534933,0.004693940040881997,162.31894152261964,0.0022320550897475667,
yolo26x,leaf,85,8,op:add,op:add,61dadfc122fa2ddd,op:add[]@1x192x20x20+1x192x20x20,1,9.417801039102787e-06,0.0009996553542335684,0.00015489669344543342,0.000844758660788135,106.14530399219426,0.0002626827823665593,
yolo26x,leaf,86,8,m.0.cv2,Conv,20185ac525a82961,"Conv[384->192,k1,s1]@1x384x20x20",1,4.363647068133915e-05,0.00499295712335288,0.0010788495327129569,0.003914107590639923,114.42165338747446,0.0013120160501764505,
yolo26x,leaf,87,8,op:cat,op:cat,e9faaac5ac260299,op:cat[1]@1x192x20x20+1x192x20x20,1,1.053473598593986e-05,0.0011534567191058233,0.0002085111393161119,0.0009449455797897113,109.49080457690437,0.0003030976816469154,
yolo26x,leaf,88,8,m.0.cv3,Conv,1c1695a0198b9b91,"Conv[384->384,k1,s1]@1x384x20x20",1,4.350281243959896e-05,0.005376739341335197,0.0014746206382101985,0.0039021187031249988,123.59521235093655,0.001412863787764669,
yolo26x,leaf,89,8,m.1.cv1,Conv,20185ac525a82961,"Conv[384->192,k1,s1]@1x384x20x20",1,4.363647068133915e-05,0.00499295712335288,0.0010788495327129569,0.003914107590639923,114.42165338747446,0.0013120160501764505,
yolo26x,leaf,90,8,m.1.m.0.cv1,Conv,41d1fe1b09773d29,"Conv[192->192,k3,s1]@1x192x20x20",1,5.233044116204882e-05,0.00849422181883549,0.0038002817779534933,0.004693940040881997,162.31894152261964,0.0022320550897475667,
yolo26x,leaf,91,8,m.1.m.0.cv2,Conv,41d1fe1b09773d29,"Conv[192->192,k3,s1]@1x192x20x20",1,5.233044116204882e-05,0.00849422181883549,0.0038002817779534933,0.004693940040881997,162.31894152261964,0.0022320550897475667,
yolo26x,leaf,92,8,op:add,op:add,61dadfc122fa2ddd,op:add[]@1x192x20x20+1x192x20x20,1,9.417801039102787e-06,0.0009996553542335684,0.00015489669344543342,0.000844758660788135,106.14530399219426,0.0002626827823665593,
yolo26x,leaf,93,8,m.1.m.1.cv1,Conv,41d1fe1b09773d29,"Conv[192->192,k3,s1]@1x192x20x20",1,5.233044116204882e-05,0.00849422181883549,0.0038002817779534933,0.004693940040881997,162.31894152261964,0.0022320550897475667,
yolo26x,leaf,94,8,m.1.m.1.cv2,Conv,41d1fe1b09773d29,"Conv[192->192,k3,s1]@1x192x20x20",1,5.233044116204882e-05,0.00849422181883549,0.0038002817779534933,0.004693940040881997,162.31894152261964,0.0022320550897475667,
yolo26x,leaf,95,8,op:add,op:add,61dadfc122fa2ddd,op:add[]@1x192x20x20+1x192x20x20,1,9.417801039102787e-06,0.0009996553542335684,0.00015489669344543342,0.000844758660788135,106.14530399219426,0.0002626827823665593,
yolo26x,leaf,96,8,m.1.cv2,Conv,20185ac525a82961,"Conv[384->192,k1,s1]@1x384x20x20",1,4.363647068133915e-05,0.00499295712335288,0.0010788495327129569,0.003914107590639923,114.42165338747446,0.0013120160501764505,
yolo26x,leaf,97,8,op:cat,op:cat,e9faaac5ac260299,op:cat[1]@1x192x20x20+1x192x20x20,1,1.053473598593986e-05,0.0011534567191058233,0.0002085111393161119,0.0009449455797897113,109.49080457690437,0.0003030976816469154,
yolo26x,leaf,98,8,m.1.cv3,Conv,1c1695a0198b9b91,"Conv[384->384,k1,s1]@1x384x20x20",1,4.350281243959896e-05,0.005376739341335197,0.0014746206382101985,0.0039021187031249988,123.59521235093655,0.001412863787764669,
yolo26x,leaf,99,8,op:cat,op:cat,cd13299f4b684808,op:cat[1]@1x384x20x20+1x384x20x20+1x384x20x20+1x384x20x20,1,1.0772810373936535e-05,0.0014568978008348051,0.0004905974058035111,0.000966300395031294,135.23841507129717,0.00038283391003334746,
yolo26x,leaf,100,8,cv2,Conv,8dcce6619467f536,"Conv[1536->768,k1,s1]@1x1536x20x20",1,4.181868847123817e-05,0.012320250473351977,0.00856919445483952,0.003751056018512456,294.61111583701467,0.003237433441522742,
yolo26x,leaf,101,9,cv1,Conv,32e0d1ce4565c13d,"Conv[768->384,k1,s1]@1x768x20x20",1,3.965410525269532e-05,0.006712862289633108,0.0031559652274702893,0.003556897062162819,169.28543077332023,0.0017639612856736337,
yolo26x,leaf,102,9,m,MaxPool2d,4093abc681804b95,MaxPool2d[p=0]@1x384x20x20,1,1.2536210795560364e-05,0.002687552612471575,0.0015630785872670432,0.0011244740252045317,214.38317018595112,0.0007062171927662168,
yolo26x,leaf,103,9,m,MaxPool2d,4093abc681804b95,MaxPool2d[p=0]@1x384x20x20,1,1.2536210795560364e-05,0.002687552612471575,0.0015630785872670432,0.0011244740252045317,214.38317018595112,0.0007062171927662168,
yolo26x,leaf,104,9,m,MaxPool2d,4093abc681804b95,MaxPool2d[p=0]@1x384x20x20,1,1.2536210795560364e-05,0.002687552612471575,0.0015630785872670432,0.0011244740252045317,214.38317018595112,0.0007062171927662168,
yolo26x,leaf,105,9,op:cat,op:cat,cd13299f4b684808,op:cat[1]@1x384x20x20+1x384x20x20+1x384x20x20+1x384x20x20,1,1.0772810373936535e-05,0.0014568978008348051,0.0004905974058035111,0.000966300395031294,135.23841507129717,0.00038283391003334746,
yolo26x,leaf,106,9,cv2,Conv,8dcce6619467f536,"Conv[1536->768,k1,s1]@1x1536x20x20",1,4.181868847123817e-05,0.012320250473351977,0.00856919445483952,0.003751056018512456,294.61111583701467,0.003237433441522742,
yolo26x,leaf,107,9,op:add,op:add,ee7b7aa3815c7fad,op:add[]@1x768x20x20+1x768x20x20,1,9.425051725717104e-06,0.001175807741215097,0.00033039870776686083,0.0008454090334482361,124.7534523345691,0.0003089709345150521,
yolo26x,leaf,108,10,cv1,Conv,9d47cc1f915fcbd3,"Conv[768->768,k1,s1]@1x768x20x20",1,4.179418424824509e-05,0.008294194660103315,0.004545336623318583,0.0037488580367847327,198.4533209414557,0.0021794932839390734,
yolo26x,leaf,109,10,op:split,op:split,23b7ca461dae2d10,"op:split[[384, 384],dim=1]@1x768x20x20",1,5.692165286004571e-06,0.0005465390008711831,3.59627098638687e-05,0.0005105762910073144,96.0160103247473,0.0001436158820264145,
yolo26x,leaf,110,10,m.0.attn,Attention,06a85164dd42c60b,"Attention[384->384,p=447360]@1x384x20x20",1,0.0002797816247483768,0.03683529144684866,0.011739417191887376,0.025095874254961285,131.65729336219522,0.009679332787608463,
yolo26x,leaf,111,10,op:add,op:add,bb981d2981c60fb8,op:add[]@1x384x20x20+1x384x20x20,1,9.70807472734128e-06,0.0011005879963648596,0.00022979234338287155,0.0008707956529819881,113.36830703056138,0.0002892051904688832,
yolo26x,leaf,112,10,m.0.ffn.0,Conv,20a11adc3bd9097e,"Conv[384->768,k1,s1]@1x384x20x20",1,4.174144399786215e-05,0.0064178865082982995,0.0026737591706542836,0.003744127337644016,153.75334184957762,0.001686449512597417,
yolo26x,leaf,113,10,m.0.ffn.1,Conv,32e0d1ce4565c13d,"Conv[768->384,k1,s1]@1x768x20x20",1,3.965410525269532e-05,0.006712862289633108,0.0031559652274702893,0.003556897062162819,169.28543077332023,0.0017639612856736337,
yolo26x,leaf,114,10,op:add,op:add,bb981d2981c60fb8,op:add[]@1x384x20x20+1x384x20x20,1,9.70807472734128e-06,0.0011005879963648596,0.00022979234338287155,0.0008707956529819881,113.36830703056138,0.0002892051904688832,
yolo26x,leaf,115,10,m.1.attn,Attention,06a85164dd42c60b,"Attention[384->384,p=447360]@1x384x20x20",1,0.0002797816247483768,0.03683529144684866,0.011739417191887376,0.025095874254961285,131.65729336219522,0.009679332787608463,
yolo26x,leaf,116,10,op:add,op:add,bb981d2981c60fb8,op:add[]@1x384x20x20+1x384x20x20,1,9.70807472734128e-06,0.0011005879963648596,0.00022979234338287155,0.0008707956529819881,113.36830703056138,0.0002892051904688832,
yolo26x,leaf,117,10,m.1.ffn.0,Conv,20a11adc3bd9097e,"Conv[384->768,k1,s1]@1x384x20x20",1,4.174144399786215e-05,0.0064178865082982995,0.0026737591706542836,0.003744127337644016,153.75334184957762,0.001686449512597417,
yolo26x,leaf,118,10,m.1.ffn.1,Conv,32e0d1ce4565c13d,"Conv[768->384,k1,s1]@1x768x20x20",1,3.965410525269532e-05,0.006712862289633108,0.0031559652274702893,0.003556897062162819,169.28543077332023,0.0017639612856736337,
yolo26x,leaf,119,10,op:add,op:add,bb981d2981c60fb8,op:add[]@1x384x20x20+1x384x20x20,1,9.70807472734128e-06,0.0011005879963648596,0.00022979234338287155,0.0008707956529819881,113.36830703056138,0.0002892051904688832,
yolo26x,leaf,120,10,op:cat,op:cat,9de1dcab794c90cd,op:cat[1]@1x384x20x20+1x384x20x20,1,1.0306276045341544e-05,0.001233545410342411,0.00030909224833284394,0.0009244531620095671,119.6887609952943,0.00032414285502694776,
yolo26x,leaf,121,10,cv2,Conv,9d47cc1f915fcbd3,"Conv[768->768,k1,s1]@1x768x20x20",1,4.179418424824509e-05,0.008294194660103315,0.004545336623318583,0.0037488580367847327,198.4533209414557,0.0021794932839390734,
yolo26x,leaf,122,11,,Upsample,1e517c06df7906ac,"Upsample[x2.0,nearest]@1x768x20x20",1,1.1085473040691334e-05,0.0030443433167678144,0.0020499976811809402,0.0009943456355868744,274.6245744852722,0.0007999722799871694,
yolo26x,leaf,123,12,,Concat,5be9cf6da979640e,Concat[d=1]@1x768x40x40+1x768x40x40,1,3.763147011729843e-05,0.008775816024811058,0.005400345448634366,0.0033754705761766925,233.2041771808695,0.002306050541490709,
yolo26x,leaf,124,13,cv1,Conv,763ab2d4f7217b78,"Conv[1536->768,k1,s1]@1x1536x40x40",1,9.45926306353985e-05,0.02797739580874144,0.019492618561461797,0.008484777247279645,295.7671820818537,0.0073517139114863276,
yolo26x,leaf,125,13,op:chunk,op:chunk,9a337ce4d97ea29b,"op:chunk[2,1]@1x768x40x40",1,4.412627256775625e-06,0.00043425391865690993,3.8449730766981945e-05,0.000395804187889928,98.41164761653265,0.00011411035525722405,
yolo26x,leaf,126,13,m.0.cv1,Conv,c0cf3920ede623a7,"Conv[384->192,k1,s1]@1x384x40x40",1,4.171782683507929e-05,0.006431258724658239,0.002689249801145211,0.0037420089235130284,154.1609238199911,0.0016899633746349286,
yolo26x,leaf,127,13,m.0.m.0.cv1,Conv,6b8510966c279bfe,"Conv[192->192,k3,s1]@1x192x40x40",1,5.278617392998784e-05,0.014925923944571911,0.010191105549908284,0.0047348183946636264,282.7619968131937,0.003922134978367468,
yolo26x,leaf,128,13,m.0.m.0.cv2,Conv,6b8510966c279bfe,"Conv[192->192,k3,s1]@1x192x40x40",1,5.278617392998784e-05,0.014925923944571911,0.010191105549908284,0.0047348183946636264,282.7619968131937,0.003922134978367468,
yolo26x,leaf,129,13,op:add,op:add,f445a9c5091397ca,op:add[]@1x192x40x40+1x192x40x40,1,9.343181186434535e-06,0.0011936681700676387,0.0003556027667125835,0.0008380654033550552,127.7582170621649,0.0003136641791671979,
yolo26x,leaf,130,13,m.0.m.1.cv1,Conv,6b8510966c279bfe,"Conv[192->192,k3,s1]@1x192x40x40",1,5.278617392998784e-05,0.014925923944571911,0.010191105549908284,0.0047348183946636264,282.7619968131937,0.003922134978367468,
yolo26x,leaf,131,13,m.0.m.1.cv2,Conv,6b8510966c279bfe,"Conv[192->192,k3,s1]@1x192x40x40",1,5.278617392998784e-05,0.014925923944571911,0.010191105549908284,0.0047348183946636264,282.7619968131937,0.003922134978367468,
yolo26x,leaf,132,13,op:add,op:add,f445a9c5091397ca,op:add[]@1x192x40x40+1x192x40x40,1,9.343181186434535e-06,0.0011936681700676387,0.0003556027667125835,0.0008380654033550552,127.7582170621649,0.0003136641791671979,
yolo26x,leaf,133,13,m.0.cv2,Conv,c0cf3920ede623a7,"Conv[384->192,k1,s1]@1x384x40x40",1,4.171782683507929e-05,0.006431258724658239,0.002689249801145211,0.0037420089235130284,154.1609238199911,0.0016899633746349286,
yolo26x,leaf,134,13,op:cat,op:cat,97d8a4d4b01b2302,op:cat[1]@1x192x40x40+1x192x40x40,1,1.0309882758010477e-05,0.0014269625977883186,0.0005021859205811585,0.00092477667720716,138.40725751023797,0.0003749677365630039,
yolo26x,leaf,135,13,m.0.cv3,Conv,bdff8956d8ba1762,"Conv[384->384,k1,s1]@1x384x40x40",1,4.2962787650092216e-05,0.00888198931052577,0.0050283097935846805,0.00385367951694109,206.736801691375,0.002333950051043102,
yolo26x,leaf,136,13,m.1.cv1,Conv,c0cf3920ede623a7,"Conv[384->192,k1,s1]@1x384x40x40",1,4.171782683507929e-05,0.006431258724658239,0.002689249801145211,0.0037420089235130284,154.1609238199911,0.0016899633746349286,
yolo26x,leaf,137,13,m.1.m.0.cv1,Conv,6b8510966c279bfe,"Conv[192->192,k3,s1]@1x192x40x40",1,5.278617392998784e-05,0.014925923944571911,0.010191105549908284,0.0047348183946636264,282.7619968131937,0.003922134978367468,
yolo26x,leaf,138,13,m.1.m.0.cv2,Conv,6b8510966c279bfe,"Conv[192->192,k3,s1]@1x192x40x40",1,5.278617392998784e-05,0.014925923944571911,0.010191105549908284,0.0047348183946636264,282.7619968131937,0.003922134978367468,
yolo26x,leaf,139,13,op:add,op:add,f445a9c5091397ca,op:add[]@1x192x40x40+1x192x40x40,1,9.343181186434535e-06,0.0011936681700676387,0.0003556027667125835,0.0008380654033550552,127.7582170621649,0.0003136641791671979,
yolo26x,leaf,140,13,m.1.m.1.cv1,Conv,6b8510966c279bfe,"Conv[192->192,k3,s1]@1x192x40x40",1,5.278617392998784e-05,0.014925923944571911,0.010191105549908284,0.0047348183946636264,282.7619968131937,0.003922134978367468,
yolo26x,leaf,141,13,m.1.m.1.cv2,Conv,6b8510966c279bfe,"Conv[192->192,k3,s1]@1x192x40x40",1,5.278617392998784e-05,0.014925923944571911,0.010191105549908284,0.0047348183946636264,282.7619968131937,0.003922134978367468,
yolo26x,leaf,142,13,op:add,op:add,f445a9c5091397ca,op:add[]@1x192x40x40+1x192x40x40,1,9.343181186434535e-06,0.0011936681700676387,0.0003556027667125835,0.0008380654033550552,127.7582170621649,0.0003136641791671979,
yolo26x,leaf,143,13,m.1.cv2,Conv,c0cf3920ede623a7,"Conv[384->192,k1,s1]@1x384x40x40",1,4.171782683507929e-05,0.006431258724658239,0.002689249801145211,0.0037420089235130284,154.1609238199911,0.0016899633746349286,
yolo26x,leaf,144,13,op:cat,op:cat,97d8a4d4b01b2302,op:cat[1]@1x192x40x40+1x192x40x40,1,1.0309882758010477e-05,0.0014269625977883186,0.0005021859205811585,0.00092477667720716,138.40725751023797,0.0003749677365630039,
yolo26x,leaf,145,13,m.1.cv3,Conv,bdff8956d8ba1762,"Conv[384->384,k1,s1]@1x384x40x40",1,4.2962787650092216e-05,0.00888198931052577,0.0050283097935846805,0.00385367951694109,206.736801691375,0.002333950051043102,
yolo26x,leaf,146,13,op:cat,op:cat,99c14ea1d6339437,op:cat[1]@1x384x40x40+1x384x40x40+1x384x40x40+1x384x40x40,1,3.775046656100007e-05,0.008777136345810548,0.005390992017236394,0.003386144328574155,232.50404949638929,0.002306397486657655,
yolo26x,leaf,147,13,cv2,Conv,763ab2d4f7217b78,"Conv[1536->768,k1,s1]@1x1536x40x40",1,9.45926306353985e-05,0.02797739580874144,0.019492618561461797,0.008484777247279645,295.7671820818537,0.0073517139114863276,
yolo26x,leaf,148,14,,Upsample,e7a01537ec9be34e,"Upsample[x2.0,nearest]@1x768x40x40",1,5.063609857824127e-05,0.01382952992964242,0.009287569163547687,0.004541960766094734,273.11602429783323,0.003634031854433787,
yolo26x,leaf,149,15,,Concat,e985a0ea97e228a5,Concat[d=1]@1x768x80x80+1x768x80x80,1,0.00014383705789270843,0.034340701875090425,0.021438794105681273,0.01290190776940915,238.7472489927178,0.009023821138721771,
yolo26x,leaf,150,16,cv1,Conv,1d89d4c04cbe732d,"Conv[1536->384,k1,s1]@1x1536x80x80",1,0.0002138397937627902,0.06359077193852733,0.04440975324294921,0.01918101869557812,297.3757635076462,0.016709959922594247,
yolo26x,leaf,151,16,op:chunk,op:chunk,6acfb8f6907941bd,"op:chunk[2,1]@1x384x80x80",1,4.407704534321073e-06,0.00043120987024636905,3.584724110363406e-05,0.000395362629142735,97.83093827835017,0.00011331046047073291,
yolo26x,leaf,152,16,m.0.cv1,Conv,4dedadb0777fc2e2,"Conv[192->96,k1,s1]@1x192x80x80",1,4.1960170785954496e-05,0.007795251429442754,0.004031504719100142,0.0037637467103426117,185.77739993499006,0.002048384301710531,
yolo26x,leaf,153,16,m.0.m.0.cv1,Conv,cd42ff153da0a6aa,"Conv[96->96,k3,s1]@1x96x80x80",1,5.3066900277984306e-05,0.01571644181356089,0.010956442804781846,0.004759999008779045,296.1628007521125,0.004129862003943914,
yolo26x,leaf,154,16,m.0.m.0.cv2,Conv,cd42ff153da0a6aa,"Conv[96->96,k3,s1]@1x96x80x80",1,5.3066900277984306e-05,0.01571644181356089,0.010956442804781846,0.004759999008779045,296.1628007521125,0.004129862003943914,
yolo26x,leaf,155,16,op:add,op:add,da6c27ac65420a2a,op:add[]@1x96x80x80+1x96x80x80,1,1.2604785725644255e-05,0.002719791761350175,0.0015891666966555557,0.0011306250646946191,215.77453362152738,0.0007146887817920699,
yolo26x,leaf,156,16,m.0.m.1.cv1,Conv,cd42ff153da0a6aa,"Conv[96->96,k3,s1]@1x96x80x80",1,5.3066900277984306e-05,0.01571644181356089,0.010956442804781846,0.004759999008779045,296.1628007521125,0.004129862003943914,
yolo26x,leaf,157,16,m.0.m.1.cv2,Conv,cd42ff153da0a6aa,"Conv[96->96,k3,s1]@1x96x80x80",1,5.3066900277984306e-05,0.01571644181356089,0.010956442804781846,0.004759999008779045,296.1628007521125,0.004129862003943914,
yolo26x,leaf,158,16,op:add,op:add,da6c27ac65420a2a,op:add[]@1x96x80x80+1x96x80x80,1,1.2604785725644255e-05,0.002719791761350175,0.0015891666966555557,0.0011306250646946191,215.77453362152738,0.0007146887817920699,
yolo26x,leaf,159,16,m.0.cv2,Conv,4dedadb0777fc2e2,"Conv[192->96,k1,s1]@1x192x80x80",1,4.1960170785954496e-05,0.007795251429442754,0.004031504719100142,0.0037637467103426117,185.77739993499006,0.002048384301710531,
yolo26x,leaf,160,16,op:cat,op:cat,2f46e2adb261bde1,op:cat[1]@1x96x80x80+1x96x80x80,1,1.8015222688861132e-05,0.004029148983674682,0.0024132181173020595,0.0016159308663726227,223.652466209364,0.0010587529603265338,
yolo26x,leaf,161,16,m.0.cv3,Conv,85691de1a57b4a3e,"Conv[192->192,k1,s1]@1x192x80x80",1,4.145341027565844e-05,0.012214594585424421,0.008496303319324109,0.0037182912661003122,294.65837681868277,0.0032096698903181383,
yolo26x,leaf,162,16,m.1.cv1,Conv,4dedadb0777fc2e2,"Conv[192->96,k1,s1]@1x192x80x80",1,4.1960170785954496e-05,0.007795251429442754,0.004031504719100142,0.0037637467103426117,185.77739993499006,0.002048384301710531,
yolo26x,leaf,163,16,m.1.m.0.cv1,Conv,cd42ff153da0a6aa,"Conv[96->96,k3,s1]@1x96x80x80",1,5.3066900277984306e-05,0.01571644181356089,0.010956442804781846,0.004759999008779045,296.1628007521125,0.004129862003943914,
yolo26x,leaf,164,16,m.1.m.0.cv2,Conv,cd42ff153da0a6aa,"Conv[96->96,k3,s1]@1x96x80x80",1,5.3066900277984306e-05,0.01571644181356089,0.010956442804781846,0.004759999008779045,296.1628007521125,0.004129862003943914,
yolo26x,leaf,165,16,op:add,op:add,da6c27ac65420a2a,op:add[]@1x96x80x80+1x96x80x80,1,1.2604785725644255e-05,0.002719791761350175,0.0015891666966555557,0.0011306250646946191,215.77453362152738,0.0007146887817920699,
yolo26x,leaf,166,16,m.1.m.1.cv1,Conv,cd42ff153da0a6aa,"Conv[96->96,k3,s1]@1x96x80x80",1,5.3066900277984306e-05,0.01571644181356089,0.010956442804781846,0.004759999008779045,296.1628007521125,0.004129862003943914,
yolo26x,leaf,167,16,m.1.m.1.cv2,Conv,cd42ff153da0a6aa,"Conv[96->96,k3,s1]@1x96x80x80",1,5.3066900277984306e-05,0.01571644181356089,0.010956442804781846,0.004759999008779045,296.1628007521125,0.004129862003943914,
yolo26x,leaf,168,16,op:add,op:add,da6c27ac65420a2a,op:add[]@1x96x80x80+1x96x80x80,1,1.2604785725644255e-05,0.002719791761350175,0.0015891666966555557,0.0011306250646946191,215.77453362152738,0.0007146887817920699,
yolo26x,leaf,169,16,m.1.cv2,Conv,4dedadb0777fc2e2,"Conv[192->96,k1,s1]@1x192x80x80",1,4.1960170785954496e-05,0.007795251429442754,0.004031504719100142,0.0037637467103426117,185.77739993499006,0.002048384301710531,
yolo26x,leaf,170,16,op:cat,op:cat,2f46e2adb261bde1,op:cat[1]@1x96x80x80+1x96x80x80,1,1.8015222688861132e-05,0.004029148983674682,0.0024132181173020595,0.0016159308663726227,223.652466209364,0.0010587529603265338,
yolo26x,leaf,171,16,m.1.cv3,Conv,85691de1a57b4a3e,"Conv[192->192,k1,s1]@1x192x80x80",1,4.145341027565844e-05,0.012214594585424421,0.008496303319324109,0.0037182912661003122,294.65837681868277,0.0032096698903181383,
yolo26x,leaf,172,16,op:cat,op:cat,e8e4b195d39fd673,op:cat[1]@1x192x80x80+1x192x80x80+1x192x80x80+1x192x80x80,1,7.248059467384787e-05,0.017520775101893,0.01101940500120966,0.00650137010068334,241.73056499789962,0.004603992699576582,
yolo26x,leaf,173,16,cv2,Conv,2e77363497317e47,"Conv[768->384,k1,s1]@1x768x80x80",1,0.00015007920826517522,0.04447367478521414,0.031011858119111467,0.013461816666102676,296.3346841931197,0.01168649633613221,
yolo26x,leaf,174,17,,Conv,0625a7bd42405671,"Conv[384->384,k3,s2]@1x384x80x80",1,0.0001912961703503809,0.05712460821048627,0.03996570922672924,0.017158898983757026,298.6186712774019,0.015010824443425207,
yolo26x,leaf,175,18,,Concat,db0e7eac0d503c9c,Concat[d=1]@1x384x40x40+1x768x40x40,1,2.903592080083043e-05,0.006687509433599565,0.004083043118308132,0.002604466315291433,230.3184899653088,0.0017572992308608167,
yolo26x,leaf,176,19,cv1,Conv,b35f3a3303cb86f2,"Conv[1152->768,k1,s1]@1x1152x40x40",1,7.719666339613895e-05,0.023144556829266097,0.016220164424173684,0.006924392405092413,299.8129169197187,0.006081772641745948,
yolo26x,leaf,177,19,op:chunk,op:chunk,9a337ce4d97ea29b,"op:chunk[2,1]@1x768x40x40",1,4.412627256775625e-06,0.00043425391865690993,3.8449730766981945e-05,0.000395804187889928,98.41164761653265,0.00011411035525722405,
yolo26x,leaf,178,19,m.0.cv1,Conv,c0cf3920ede623a7,"Conv[384->192,k1,s1]@1x384x40x40",1,4.171782683507929e-05,0.006431258724658239,0.002689249801145211,0.0037420089235130284,154.1609238199911,0.0016899633746349286,
yolo26x,leaf,179,19,m.0.m.0.cv1,Conv,6b8510966c279bfe,"Conv[192->192,k3,s1]@1x192x40x40",1,5.278617392998784e-05,0.014925923944571911,0.010191105549908284,0.0047348183946636264,282.7619968131937,0.003922134978367468,
yolo26x,leaf,180,19,m.0.m.0.cv2,Conv,6b8510966c279bfe,"Conv[192->192,k3,s1]@1x192x40x40",1,5.278617392998784e-05,0.014925923944571911,0.010191105549908284,0.0047348183946636264,282.7619968131937,0.003922134978367468,
yolo26x,leaf,181,19,op:add,op:add,f445a9c5091397ca,op:add[]@1x192x40x40+1x192x40x40,1,9.343181186434535e-06,0.0011936681700676387,0.0003556027667125835,0.0008380654033550552,127.7582170621649,0.0003136641791671979,
yolo26x,leaf,182,19,m.0.m.1.cv1,Conv,6b8510966c279bfe,"Conv[192->192,k3,s1]@1x192x40x40",1,5.278617392998784e-05,0.014925923944571911,0.010191105549908284,0.0047348183946636264,282.7619968131937,0.003922134978367468,
yolo26x,leaf,183,19,m.0.m.1.cv2,Conv,6b8510966c279bfe,"Conv[192->192,k3,s1]@1x192x40x40",1,5.278617392998784e-05,0.014925923944571911,0.010191105549908284,0.0047348183946636264,282.7619968131937,0.003922134978367468,
yolo26x,leaf,184,19,op:add,op:add,f445a9c5091397ca,op:add[]@1x192x40x40+1x192x40x40,1,9.343181186434535e-06,0.0011936681700676387,0.0003556027667125835,0.0008380654033550552,127.7582170621649,0.0003136641791671979,
yolo26x,leaf,185,19,m.0.cv2,Conv,c0cf3920ede623a7,"Conv[384->192,k1,s1]@1x384x40x40",1,4.171782683507929e-05,0.006431258724658239,0.002689249801145211,0.0037420089235130284,154.1609238199911,0.0016899633746349286,
yolo26x,leaf,186,19,op:cat,op:cat,97d8a4d4b01b2302,op:cat[1]@1x192x40x40+1x192x40x40,1,1.0309882758010477e-05,0.0014269625977883186,0.0005021859205811585,0.00092477667720716,138.40725751023797,0.0003749677365630039,
yolo26x,leaf,187,19,m.0.cv3,Conv,bdff8956d8ba1762,"Conv[384->384,k1,s1]@1x384x40x40",1,4.2962787650092216e-05,0.00888198931052577,0.0050283097935846805,0.00385367951694109,206.736801691375,0.002333950051043102,
yolo26x,leaf,188,19,m.1.cv1,Conv,c0cf3920ede623a7,"Conv[384->192,k1,s1]@1x384x40x40",1,4.171782683507929e-05,0.006431258724658239,0.002689249801145211,0.0037420089235130284,154.1609238199911,0.0016899633746349286,
yolo26x,leaf,189,19,m.1.m.0.cv1,Conv,6b8510966c279bfe,"Conv[192->192,k3,s1]@1x192x40x40",1,5.278617392998784e-05,0.014925923944571911,0.010191105549908284,0.0047348183946636264,282.7619968131937,0.003922134978367468,
yolo26x,leaf,190,19,m.1.m.0.cv2,Conv,6b8510966c279bfe,"Conv[192->192,k3,s1]@1x192x40x40",1,5.278617392998784e-05,0.014925923944571911,0.010191105549908284,0.0047348183946636264,282.7619968131937,0.003922134978367468,
yolo26x,leaf,191,19,op:add,op:add,f445a9c5091397ca,op:add[]@1x192x40x40+1x192x40x40,1,9.343181186434535e-06,0.0011936681700676387,0.0003556027667125835,0.0008380654033550552,127.7582170621649,0.0003136641791671979,
yolo26x,leaf,192,19,m.1.m.1.cv1,Conv,6b8510966c279bfe,"Conv[192->192,k3,s1]@1x192x40x40",1,5.278617392998784e-05,0.014925923944571911,0.010191105549908284,0.0047348183946636264,282.7619968131937,0.003922134978367468,
yolo26x,leaf,193,19,m.1.m.1.cv2,Conv,6b8510966c279bfe,"Conv[192->192,k3,s1]@1x192x40x40",1,5.278617392998784e-05,0.014925923944571911,0.010191105549908284,0.0047348183946636264,282.7619968131937,0.003922134978367468,
yolo26x,leaf,194,19,op:add,op:add,f445a9c5091397ca,op:add[]@1x192x40x40+1x192x40x40,1,9.343181186434535e-06,0.0011936681700676387,0.0003556027667125835,0.0008380654033550552,127.7582170621649,0.0003136641791671979,
yolo26x,leaf,195,19,m.1.cv2,Conv,c0cf3920ede623a7,"Conv[384->192,k1,s1]@1x384x40x40",1,4.171782683507929e-05,0.006431258724658239,0.002689249801145211,0.0037420089235130284,154.1609238199911,0.0016899633746349286,
yolo26x,leaf,196,19,op:cat,op:cat,97d8a4d4b01b2302,op:cat[1]@1x192x40x40+1x192x40x40,1,1.0309882758010477e-05,0.0014269625977883186,0.0005021859205811585,0.00092477667720716,138.40725751023797,0.0003749677365630039,
yolo26x,leaf,197,19,m.1.cv3,Conv,bdff8956d8ba1762,"Conv[384->384,k1,s1]@1x384x40x40",1,4.2962787650092216e-05,0.00888198931052577,0.0050283097935846805,0.00385367951694109,206.736801691375,0.002333950051043102,
yolo26x,leaf,198,19,op:cat,op:cat,99c14ea1d6339437,op:cat[1]@1x384x40x40+1x384x40x40+1x384x40x40+1x384x40x40,1,3.775046656100007e-05,0.008777136345810548,0.005390992017236394,0.003386144328574155,232.50404949638929,0.002306397486657655,
yolo26x,leaf,199,19,cv2,Conv,763ab2d4f7217b78,"Conv[1536->768,k1,s1]@1x1536x40x40",1,9.45926306353985e-05,0.02797739580874144,0.019492618561461797,0.008484777247279645,295.7671820818537,0.0073517139114863276,
yolo26x,leaf,200,20,,Conv,a3aa0769f24a9244,"Conv[768->768,k3,s2]@1x768x40x40",1,0.0002147766947490045,0.06396431949073866,0.04469926257656585,0.019265056914172816,297.81778495795174,0.016808118262811735,
yolo26x,leaf,201,21,,Concat,5c63213e3fb98b48,Concat[d=1]@1x768x20x20+1x768x20x20,1,1.072952084271128e-05,0.0014438860223834201,0.0004814686151400564,0.0009624174072433637,134.5713423320551,0.00037941476147112363,
yolo26x,leaf,202,22,cv1,Conv,8dcce6619467f536,"Conv[1536->768,k1,s1]@1x1536x20x20",1,4.181868847123817e-05,0.012320250473351977,0.00856919445483952,0.003751056018512456,294.61111583701467,0.003237433441522742,
yolo26x,leaf,203,22,op:chunk,op:chunk,8b8e52cf6d634353,"op:chunk[2,1]@1x768x20x20",1,4.400033310315331e-06,0.00041846830822922894,2.379377314271682e-05,0.0003946745350865121,95.10571368816278,0.00010996231758510354,
yolo26x,leaf,204,22,m.0.0.cv1,Conv,4b79610fa72adef7,"Conv[384->192,k3,s1]@1x384x20x20",1,5.199172131604335e-05,0.013048088869279259,0.008384531347873507,0.004663557521405752,250.96474090487447,0.003428689972231745,
yolo26x,leaf,205,22,m.0.0.cv2,Conv,e7a61a28a364bb5e,"Conv[192->384,k3,s1]@1x192x20x20",1,5.92960721706057e-05,0.01340206531383322,0.008083321553069983,0.005318743760763236,226.01944485079912,0.0035217055470034586,
yolo26x,leaf,206,22,op:add,op:add,bb981d2981c60fb8,op:add[]@1x384x20x20+1x384x20x20,1,9.70807472734128e-06,0.0011005879963648596,0.00022979234338287155,0.0008707956529819881,113.36830703056138,0.0002892051904688832,
yolo26x,leaf,207,22,m.0.1.attn,Attention,06a85164dd42c60b,"Attention[384->384,p=447360]@1x384x20x20",1,0.0002797816247483768,0.03683529144684866,0.011739417191887376,0.025095874254961285,131.65729336219522,0.009679332787608463,
yolo26x,leaf,208,22,op:add,op:add,bb981d2981c60fb8,op:add[]@1x384x20x20+1x384x20x20,1,9.70807472734128e-06,0.0011005879963648596,0.00022979234338287155,0.0008707956529819881,113.36830703056138,0.0002892051904688832,
yolo26x,leaf,209,22,m.0.1.ffn.0,Conv,20a11adc3bd9097e,"Conv[384->768,k1,s1]@1x384x20x20",1,4.174144399786215e-05,0.0064178865082982995,0.0026737591706542836,0.003744127337644016,153.75334184957762,0.001686449512597417,
yolo26x,leaf,210,22,m.0.1.ffn.1,Conv,32e0d1ce4565c13d,"Conv[768->384,k1,s1]@1x768x20x20",1,3.965410525269532e-05,0.006712862289633108,0.0031559652274702893,0.003556897062162819,169.28543077332023,0.0017639612856736337,
yolo26x,leaf,211,22,op:add,op:add,bb981d2981c60fb8,op:add[]@1x384x20x20+1x384x20x20,1,9.70807472734128e-06,0.0011005879963648596,0.00022979234338287155,0.0008707956529819881,113.36830703056138,0.0002892051904688832,
yolo26x,leaf,212,22,op:cat,op:cat,5dade31fe5f6c720,op:cat[1]@1x384x20x20+1x384x20x20+1x384x20x20,1,1.0452332234761404e-05,0.0013465035201214385,0.00040894939850762244,0.0009375541216138161,128.82326067318843,0.0003538252355013381,
yolo26x,leaf,213,22,cv2,Conv,63c6e7190e2fb376,"Conv[1152->768,k1,s1]@1x1152x20x20",1,4.1228222897969856e-05,0.011022687783956217,0.007324595393029926,0.003698092390926291,267.3578196963467,0.0028964685518715083,
yolo26x,leaf,214,23,,Detect,bdc2e87a75477320,"Detect[nc=80,e2e]@1x384x80x80+1x768x40x40+1x768x20x20",1,0.001693974086493052,0.4532571041979228,0.3013108829118546,0.1519462212860682,267.57027029632894,0.11910388590816366,
